2.486766576766967773e+00,2.503407239913940430e+00,2.519567012786865234e+00,2.535230398178100586e+00,2.550380229949951172e+00,2.565000772476196289e+00,2.579074621200561523e+00,2.592584848403930664e+00,2.605514049530029297e+00,2.617845058441162109e+00,2.629559755325317383e+00,2.640639543533325195e+00,2.651067495346069336e+00,2.660823822021484375e+00,2.669890642166137695e+00,2.678248405456542969e+00,2.685878038406372070e+00,2.692759752273559570e+00,2.698873996734619141e+00,2.704200506210327148e+00,2.708719968795776367e+00,2.712410211563110352e+00,2.715251684188842773e+00,2.717223644256591797e+00,2.718303203582763672e+00,2.718471050262451172e+00,2.717703819274902344e+00,2.715979576110839844e+00,2.713276624679565430e+00,2.709572792053222656e+00,2.704844474792480469e+00,2.699069499969482422e+00,2.692223310470581055e+00,2.684283971786499023e+00,2.675227165222167969e+00,2.665028572082519531e+00,2.653664350509643555e+00,2.641109943389892578e+00,2.627340793609619141e+00,2.612331628799438477e+00,2.596057176589965820e+00,2.578492164611816406e+00,2.559611082077026367e+00,2.539387702941894531e+00,2.517795562744140625e+00,2.494808912277221680e+00,2.470400333404541016e+00,2.444543361663818359e+00,2.417210817337036133e+00,2.388375043869018555e+00,2.358008623123168945e+00,2.326082706451416016e+00,2.292570352554321289e+00,2.257442235946655273e+00,2.220670461654663086e+00,2.182225227355957031e+00,2.142078161239624023e+00,2.100199222564697266e+00,2.056559085845947266e+00,2.011127948760986328e+00,1.963874936103820801e+00,1.914770245552062988e+00,1.863783597946166992e+00,1.810883402824401855e+00,1.756038665771484375e+00,1.699217677116394043e+00,1.640389800071716309e+00,1.579522252082824707e+00,1.516582965850830078e+00,1.451539754867553711e+00,1.384360194206237793e+00,1.315010666847229004e+00,1.243458986282348633e+00,1.169671177864074707e+00,1.093613862991333008e+00,1.015252828598022461e+00,9.345545172691345215e-01,8.514839410781860352e-01,7.660068869590759277e-01,6.780885457992553711e-01,5.876934528350830078e-01,4.947866797447204590e-01,3.993318676948547363e-01,3.012942671775817871e-01,2.006367295980453491e-01,9.732371568679809570e-02,-8.681913837790489197e-03,-1.174164861440658569e-01,-2.289179414510726929e-01,-3.432226181030273438e-01
3.285758495330810547e+00,3.294133424758911133e+00,3.302045345306396484e+00,3.309491395950317383e+00,3.316469192504882812e+00,3.322976112365722656e+00,3.329007625579833984e+00,3.334560871124267578e+00,3.339630842208862305e+00,3.344212770462036133e+00,3.348301649093627930e+00,3.351890563964843750e+00,3.354974269866943359e+00,3.357545375823974609e+00,3.359595775604248047e+00,3.361118316650390625e+00,3.362104654312133789e+00,3.362545490264892578e+00,3.362431526184082031e+00,3.361753225326538086e+00,3.360500574111938477e+00,3.358660936355590820e+00,3.356224775314331055e+00,3.353179216384887695e+00,3.349512577056884766e+00,3.345211505889892578e+00,3.340263366699218750e+00,3.334652900695800781e+00,3.328366994857788086e+00,3.321390628814697266e+00,3.313708543777465820e+00,3.305304765701293945e+00,3.296161890029907227e+00,3.286265373229980469e+00,3.275596141815185547e+00,3.264137029647827148e+00,3.251869440078735352e+00,3.238774299621582031e+00,3.224834203720092773e+00,3.210026741027832031e+00,3.194333791732788086e+00,3.177732944488525391e+00,3.160204172134399414e+00,3.141724824905395508e+00,3.122273206710815430e+00,3.101826429367065430e+00,3.080360651016235352e+00,3.057853221893310547e+00,3.034279346466064453e+00,3.009613990783691406e+00,2.983833074569702148e+00,2.956909894943237305e+00,2.928817749023437500e+00,2.899530649185180664e+00,2.869022130966186523e+00,2.837262868881225586e+00,2.804226160049438477e+00,2.769882440567016602e+00,2.734202623367309570e+00,2.697157382965087891e+00,2.658716440200805664e+00,2.618848562240600586e+00,2.577523231506347656e+00,2.534708499908447266e+00,2.490372657775878906e+00,2.444482326507568359e+00,2.397005319595336914e+00,2.347906827926635742e+00,2.297153949737548828e+00,2.244710922241210938e+00,2.190543889999389648e+00,2.134615182876586914e+00,2.076890945434570312e+00,2.017333507537841797e+00,1.955905914306640625e+00,1.892570376396179199e+00,1.827289223670959473e+00,1.760023355484008789e+00,1.690734028816223145e+00,1.619381666183471680e+00,1.545926332473754883e+00,1.470327377319335938e+00,1.392543077468872070e+00,1.312532782554626465e+00,1.230253934860229492e+00,1.145664215087890625e+00,1.058720350265502930e+00,9.693794846534729004e-01,8.775964379310607910e-01,7.833278179168701172e-01
2.879470825195312500e+00,2.893804311752319336e+00,2.907829523086547852e+00,2.921539783477783203e+00,2.934927225112915039e+00,2.947983026504516602e+00,2.960697650909423828e+00,2.973061084747314453e+00,2.985062360763549805e+00,2.996688604354858398e+00,3.007928133010864258e+00,3.018766164779663086e+00,3.029189348220825195e+00,3.039181232452392578e+00,3.048726081848144531e+00,3.057806730270385742e+00,3.066406250000000000e+00,3.074503898620605469e+00,3.082082033157348633e+00,3.089119672775268555e+00,3.095595121383666992e+00,3.101487159729003906e+00,3.106772661209106445e+00,3.111427307128906250e+00,3.115427494049072266e+00,3.118746757507324219e+00,3.121359586715698242e+00,3.123238325119018555e+00,3.124355792999267578e+00,3.124683141708374023e+00,3.124189853668212891e+00,3.122847080230712891e+00,3.120621681213378906e+00,3.117482900619506836e+00,3.113397598266601562e+00,3.108331680297851562e+00,3.102250576019287109e+00,3.095118761062622070e+00,3.086900472640991211e+00,3.077558279037475586e+00,3.067053318023681641e+00,3.055348396301269531e+00,3.042402505874633789e+00,3.028176307678222656e+00,3.012627124786376953e+00,2.995714664459228516e+00,2.977394104003906250e+00,2.957622528076171875e+00,2.936354875564575195e+00,2.913546562194824219e+00,2.889149665832519531e+00,2.863118410110473633e+00,2.835404634475708008e+00,2.805958747863769531e+00,2.774730920791625977e+00,2.741671800613403320e+00,2.706729412078857422e+00,2.669850826263427734e+00,2.630983829498291016e+00,2.590074300765991211e+00,2.547067880630493164e+00,2.501908302307128906e+00,2.454540491104125977e+00,2.404905319213867188e+00,2.352946043014526367e+00,2.298603057861328125e+00,2.241817712783813477e+00,2.182528018951416016e+00,2.120673656463623047e+00,2.056191682815551758e+00,1.989019155502319336e+00,1.919092178344726562e+00,1.846346378326416016e+00,1.770715355873107910e+00,1.692133307456970215e+00,1.610532760620117188e+00,1.525845766067504883e+00,1.438002586364746094e+00,1.346934556961059570e+00,1.252570271492004395e+00,1.154838919639587402e+00,1.053667426109313965e+00,9.489826560020446777e-01,8.407115936279296875e-01,7.287780642509460449e-01,6.131075620651245117e-01,4.936227798461914062e-01,3.702472746372222900e-01,2.429015338420867920e-01,1.115080416202545166e-01
2.670904397964477539e+00,2.706890583038330078e+00,2.742773771286010742e+00,2.778527736663818359e+00,2.814123630523681641e+00,2.849533319473266602e+00,2.884727478027343750e+00,2.919674396514892578e+00,2.954342126846313477e+00,2.988698482513427734e+00,3.022709131240844727e+00,3.056338787078857422e+00,3.089551448822021484e+00,3.122309446334838867e+00,3.154574871063232422e+00,3.186308622360229492e+00,3.217469930648803711e+00,3.248018026351928711e+00,3.277909517288208008e+00,3.307101249694824219e+00,3.335548400878906250e+00,3.363205671310424805e+00,3.390026092529296875e+00,3.415961980819702148e+00,3.440964698791503906e+00,3.464983701705932617e+00,3.487968444824218750e+00,3.509867429733276367e+00,3.530626535415649414e+00,3.550192356109619141e+00,3.568509101867675781e+00,3.585521697998046875e+00,3.601171970367431641e+00,3.615400791168212891e+00,3.628150701522827148e+00,3.639358758926391602e+00,3.648966073989868164e+00,3.656908273696899414e+00,3.663122653961181641e+00,3.667543649673461914e+00,3.670106172561645508e+00,3.670742511749267578e+00,3.669386386871337891e+00,3.665967702865600586e+00,3.660416603088378906e+00,3.652661561965942383e+00,3.642632246017456055e+00,3.630253553390502930e+00,3.615452051162719727e+00,3.598152637481689453e+00,3.578278303146362305e+00,3.555752277374267578e+00,3.530496120452880859e+00,3.502429962158203125e+00,3.471474170684814453e+00,3.437545061111450195e+00,3.400562286376953125e+00,3.360440969467163086e+00,3.317096471786499023e+00,3.270442724227905273e+00,3.220392704010009766e+00,3.166859149932861328e+00,3.109752416610717773e+00,3.048982858657836914e+00,2.984459161758422852e+00,2.916088581085205078e+00,2.843779325485229492e+00,2.767435312271118164e+00,2.686962604522705078e+00,2.602263689041137695e+00,2.513242006301879883e+00,2.419798612594604492e+00,2.321833610534667969e+00,2.219246149063110352e+00,2.111936092376708984e+00,1.999798536300659180e+00,1.882731556892395020e+00,1.760628700256347656e+00,1.633385062217712402e+00,1.500892996788024902e+00,1.363045215606689453e+00,1.219732403755187988e+00,1.070843219757080078e+00,9.162681102752685547e-01,7.558934688568115234e-01,5.896071791648864746e-01,4.172935485839843750e-01,2.388385534286499023e-01,5.412360653281211853e-02,-1.369664371013641357e-01
2.966078996658325195e+00,2.979964256286621094e+00,2.993581056594848633e+00,3.006922006607055664e+00,3.019979953765869141e+00,3.032745838165283203e+00,3.045210599899291992e+00,3.057364940643310547e+00,3.069195985794067383e+00,3.080693006515502930e+00,3.091842174530029297e+00,3.102629899978637695e+00,3.113040924072265625e+00,3.123059511184692383e+00,3.132668972015380859e+00,3.141851425170898438e+00,3.150588274002075195e+00,3.158859968185424805e+00,3.166646003723144531e+00,3.173924446105957031e+00,3.180673837661743164e+00,3.186869859695434570e+00,3.192488908767700195e+00,3.197504997253417969e+00,3.201893091201782227e+00,3.205625295639038086e+00,3.208674430847167969e+00,3.211010217666625977e+00,3.212604045867919922e+00,3.213424682617187500e+00,3.213440418243408203e+00,3.212618112564086914e+00,3.210924863815307617e+00,3.208325862884521484e+00,3.204785108566284180e+00,3.200267553329467773e+00,3.194734573364257812e+00,3.188148021697998047e+00,3.180469751358032227e+00,3.171658515930175781e+00,3.161673545837402344e+00,3.150472879409790039e+00,3.138013601303100586e+00,3.124251842498779297e+00,3.109142541885375977e+00,3.092640399932861328e+00,3.074698925018310547e+00,3.055269956588745117e+00,3.034305334091186523e+00,3.011754751205444336e+00,2.987569093704223633e+00,2.961695671081542969e+00,2.934083461761474609e+00,2.904678583145141602e+00,2.873426675796508789e+00,2.840273618698120117e+00,2.805161952972412109e+00,2.768036365509033203e+00,2.728837490081787109e+00,2.687507867813110352e+00,2.643986701965332031e+00,2.598213672637939453e+00,2.550127267837524414e+00,2.499665021896362305e+00,2.446762800216674805e+00,2.391356706619262695e+00,2.333382129669189453e+00,2.272771596908569336e+00,2.209458351135253906e+00,2.143374204635620117e+00,2.074450016021728516e+00,2.002615928649902344e+00,1.927801132202148438e+00,1.849933505058288574e+00,1.768940210342407227e+00,1.684747457504272461e+00,1.597280979156494141e+00,1.506464600563049316e+00,1.412222266197204590e+00,1.314475893974304199e+00,1.213147759437561035e+00,1.108158469200134277e+00,9.994267821311950684e-01,8.868725299835205078e-01,7.704129815101623535e-01,6.499657034873962402e-01,5.254456400871276855e-01,3.967691361904144287e-01,2.638488113880157471e-01,1.265992820262908936e-01
2.247760534286499023e+00,2.281627893447875977e+00,2.315322399139404297e+00,2.348826646804809570e+00,2.382121086120605469e+00,2.415185451507568359e+00,2.447999000549316406e+00,2.480540275573730469e+00,2.512785911560058594e+00,2.544711589813232422e+00,2.576292276382446289e+00,2.607503414154052734e+00,2.638317108154296875e+00,2.668705701828002930e+00,2.698640108108520508e+00,2.728090286254882812e+00,2.757026195526123047e+00,2.785415410995483398e+00,2.813225507736206055e+00,2.840422630310058594e+00,2.866971731185913086e+00,2.892836809158325195e+00,2.917982339859008789e+00,2.942369699478149414e+00,2.965959787368774414e+00,2.988713741302490234e+00,3.010590314865112305e+00,3.031548738479614258e+00,3.051545143127441406e+00,3.070536613464355469e+00,3.088478088378906250e+00,3.105324506759643555e+00,3.121029138565063477e+00,3.135544538497924805e+00,3.148821115493774414e+00,3.160810708999633789e+00,3.171462297439575195e+00,3.180723667144775391e+00,3.188543558120727539e+00,3.194866895675659180e+00,3.199641227722167969e+00,3.202810049057006836e+00,3.204315900802612305e+00,3.204102993011474609e+00,3.202112197875976562e+00,3.198283910751342773e+00,3.192558288574218750e+00,3.184874057769775391e+00,3.175168275833129883e+00,3.163378000259399414e+00,3.149438381195068359e+00,3.133284091949462891e+00,3.114849567413330078e+00,3.094067573547363281e+00,3.070869445800781250e+00,3.045185327529907227e+00,3.016946315765380859e+00,2.986080408096313477e+00,2.952515363693237305e+00,2.916177988052368164e+00,2.876993894577026367e+00,2.834888458251953125e+00,2.789785861968994141e+00,2.741607666015625000e+00,2.690277338027954102e+00,2.635714530944824219e+00,2.577839851379394531e+00,2.516571283340454102e+00,2.451828002929687500e+00,2.383526086807250977e+00,2.311582565307617188e+00,2.235910892486572266e+00,2.156426429748535156e+00,2.073041439056396484e+00,1.985668182373046875e+00,1.894217491149902344e+00,1.798599839210510254e+00,1.698724269866943359e+00,1.594498753547668457e+00,1.485829949378967285e+00,1.372624754905700684e+00,1.254788041114807129e+00,1.132222890853881836e+00,1.004834651947021484e+00,8.725233674049377441e-01,7.351916432380676270e-01,5.927387475967407227e-01,4.450649023056030273e-01,2.920669615268707275e-01,1.336437910795211792e-01
2.508933782577514648e+00,2.527776479721069336e+00,2.546192884445190430e+00,2.564172744750976562e+00,2.581704139709472656e+00,2.598776340484619141e+00,2.615376949310302734e+00,2.631494045257568359e+00,2.647113084793090820e+00,2.662220954895019531e+00,2.676803827285766602e+00,2.690846443176269531e+00,2.704334735870361328e+00,2.717251539230346680e+00,2.729581356048583984e+00,2.741307258605957031e+00,2.752411842346191406e+00,2.762877941131591797e+00,2.772686481475830078e+00,2.781819343566894531e+00,2.790256738662719727e+00,2.797978639602661133e+00,2.804965257644653320e+00,2.811195135116577148e+00,2.816647052764892578e+00,2.821299314498901367e+00,2.825129508972167969e+00,2.828114748001098633e+00,2.830231189727783203e+00,2.831454992294311523e+00,2.831762075424194336e+00,2.831126689910888672e+00,2.829524040222167969e+00,2.826927900314331055e+00,2.823311328887939453e+00,2.818648338317871094e+00,2.812909841537475586e+00,2.806068658828735352e+00,2.798096418380737305e+00,2.788963079452514648e+00,2.778640031814575195e+00,2.767096757888793945e+00,2.754302263259887695e+00,2.740225791931152344e+00,2.724835157394409180e+00,2.708098649978637695e+00,2.689983606338500977e+00,2.670456886291503906e+00,2.649483680725097656e+00,2.627030849456787109e+00,2.603063106536865234e+00,2.577545166015625000e+00,2.550441741943359375e+00,2.521715879440307617e+00,2.491330623626708984e+00,2.459249258041381836e+00,2.425433874130249023e+00,2.389845371246337891e+00,2.352445602416992188e+00,2.313194751739501953e+00,2.272053241729736328e+00,2.228980302810668945e+00,2.183934688568115234e+00,2.136875629425048828e+00,2.087760448455810547e+00,2.036546945571899414e+00,1.983192920684814453e+00,1.927652955055236816e+00,1.869885206222534180e+00,1.809843301773071289e+00,1.747483491897583008e+00,1.682759165763854980e+00,1.615624427795410156e+00,1.546033382415771484e+00,1.473937988281250000e+00,1.399290800094604492e+00,1.322044372558593750e+00,1.242148995399475098e+00,1.159556150436401367e+00,1.074216008186340332e+00,9.860782027244567871e-01,8.950921893119812012e-01,8.012061119079589844e-01,7.043691277503967285e-01,6.045281291007995605e-01,5.016309022903442383e-01,3.956236243247985840e-01,2.864531576633453369e-01,1.740640550851821899e-01,5.840276181697845459e-02
3.035667657852172852e+00,3.052921056747436523e+00,3.069906711578369141e+00,3.086622714996337891e+00,3.103064060211181641e+00,3.119226932525634766e+00,3.135104179382324219e+00,3.150688648223876953e+00,3.165972948074340820e+00,3.180947542190551758e+00,3.195602655410766602e+00,3.209926605224609375e+00,3.223907709121704102e+00,3.237533569335937500e+00,3.250788450241088867e+00,3.263658523559570312e+00,3.276127576828002930e+00,3.288178205490112305e+00,3.299792766571044922e+00,3.310951948165893555e+00,3.321635961532592773e+00,3.331822872161865234e+00,3.341491937637329102e+00,3.350618839263916016e+00,3.359180212020874023e+00,3.367151021957397461e+00,3.374505519866943359e+00,3.381215810775756836e+00,3.387254476547241211e+00,3.392592191696166992e+00,3.397199392318725586e+00,3.401044130325317383e+00,3.404095411300659180e+00,3.406319618225097656e+00,3.407683134078979492e+00,3.408150434494018555e+00,3.407685756683349609e+00,3.406251907348632812e+00,3.403811454772949219e+00,3.400324821472167969e+00,3.395752429962158203e+00,3.390052795410156250e+00,3.383184194564819336e+00,3.375103473663330078e+00,3.365766763687133789e+00,3.355129480361938477e+00,3.343144893646240234e+00,3.329766511917114258e+00,3.314946413040161133e+00,3.298635244369506836e+00,3.280782938003540039e+00,3.261339426040649414e+00,3.240251779556274414e+00,3.217467308044433594e+00,3.192932367324829102e+00,3.166591644287109375e+00,3.138388872146606445e+00,3.108267784118652344e+00,3.076170444488525391e+00,3.042037248611450195e+00,3.005808830261230469e+00,2.967424154281616211e+00,2.926820993423461914e+00,2.883936643600463867e+00,2.838706970214843750e+00,2.791066884994506836e+00,2.740951776504516602e+00,2.688292741775512695e+00,2.633023262023925781e+00,2.575073957443237305e+00,2.514374732971191406e+00,2.450854778289794922e+00,2.384443044662475586e+00,2.315064907073974609e+00,2.242648124694824219e+00,2.167116403579711914e+00,2.088395118713378906e+00,2.006406545639038086e+00,1.921072959899902344e+00,1.832315683364868164e+00,1.740054965019226074e+00,1.644209504127502441e+00,1.544697046279907227e+00,1.441435933113098145e+00,1.334340929985046387e+00,1.223328351974487305e+00,1.108311414718627930e+00,9.892041087150573730e-01,8.659173846244812012e-01,7.383636236190795898e-01
2.657603979110717773e+00,2.663477182388305664e+00,2.669208049774169922e+00,2.674793958663940430e+00,2.680231332778930664e+00,2.685516357421875000e+00,2.690644025802612305e+00,2.695608615875244141e+00,2.700405359268188477e+00,2.705026865005493164e+00,2.709466457366943359e+00,2.713716030120849609e+00,2.717767238616943359e+00,2.721611022949218750e+00,2.725237846374511719e+00,2.728637456893920898e+00,2.731798887252807617e+00,2.734710216522216797e+00,2.737360477447509766e+00,2.739735603332519531e+00,2.741822719573974609e+00,2.743608236312866211e+00,2.745076656341552734e+00,2.746213674545288086e+00,2.747002124786376953e+00,2.747427463531494141e+00,2.747470617294311523e+00,2.747114896774291992e+00,2.746341705322265625e+00,2.745131969451904297e+00,2.743466138839721680e+00,2.741323947906494141e+00,2.738684415817260742e+00,2.735526323318481445e+00,2.731827735900878906e+00,2.727564811706542969e+00,2.722715616226196289e+00,2.717255353927612305e+00,2.711159706115722656e+00,2.704403162002563477e+00,2.696959972381591797e+00,2.688804149627685547e+00,2.679908275604248047e+00,2.670244216918945312e+00,2.659784317016601562e+00,2.648498773574829102e+00,2.636358737945556641e+00,2.623334169387817383e+00,2.609393835067749023e+00,2.594505548477172852e+00,2.578638553619384766e+00,2.561759948730468750e+00,2.543835401535034180e+00,2.524832248687744141e+00,2.504714965820312500e+00,2.483448505401611328e+00,2.460997343063354492e+00,2.437325000762939453e+00,2.412394046783447266e+00,2.386167526245117188e+00,2.358606576919555664e+00,2.329672336578369141e+00,2.299325466156005859e+00,2.267525434494018555e+00,2.234231472015380859e+00,2.199402570724487305e+00,2.162996530532836914e+00,2.124970912933349609e+00,2.085281610488891602e+00,2.043885231018066406e+00,2.000737428665161133e+00,1.955792665481567383e+00,1.909005761146545410e+00,1.860329389572143555e+00,1.809717416763305664e+00,1.757121324539184570e+00,1.702493667602539062e+00,1.645785093307495117e+00,1.586946368217468262e+00,1.525926947593688965e+00,1.462676286697387695e+00,1.397143244743347168e+00,1.329275250434875488e+00,1.259020090103149414e+00,1.186324357986450195e+00,1.111134290695190430e+00,1.033395171165466309e+00,9.530521631240844727e-01,8.700492382049560547e-01,7.843302488327026367e-01
2.707414150238037109e+00,2.715353965759277344e+00,2.722993612289428711e+00,2.730322837829589844e+00,2.737331628799438477e+00,2.744009733200073242e+00,2.750347852706909180e+00,2.756334066390991211e+00,2.761956691741943359e+00,2.767204523086547852e+00,2.772064685821533203e+00,2.776524543762207031e+00,2.780571222305297852e+00,2.784190177917480469e+00,2.787367820739746094e+00,2.790088891983032227e+00,2.792339086532592773e+00,2.794102430343627930e+00,2.795362472534179688e+00,2.796103954315185547e+00,2.796308994293212891e+00,2.795960664749145508e+00,2.795040845870971680e+00,2.793531417846679688e+00,2.791414260864257812e+00,2.788668870925903320e+00,2.785276174545288086e+00,2.781217098236083984e+00,2.776469469070434570e+00,2.771013975143432617e+00,2.764827966690063477e+00,2.757889747619628906e+00,2.750177145004272461e+00,2.741667509078979492e+00,2.732337236404418945e+00,2.722162723541259766e+00,2.711120128631591797e+00,2.699184417724609375e+00,2.686330795288085938e+00,2.672533273696899414e+00,2.657766819000244141e+00,2.642003774642944336e+00,2.625217914581298828e+00,2.607382535934448242e+00,2.588468551635742188e+00,2.568448543548583984e+00,2.547293424606323242e+00,2.524974107742309570e+00,2.501461267471313477e+00,2.476724863052368164e+00,2.450734138488769531e+00,2.423457860946655273e+00,2.394865274429321289e+00,2.364923715591430664e+00,2.333601474761962891e+00,2.300865650177001953e+00,2.266683101654052734e+00,2.231019258499145508e+00,2.193841457366943359e+00,2.155114173889160156e+00,2.114802360534667969e+00,2.072870254516601562e+00,2.029282569885253906e+00,1.984002709388732910e+00,1.936994075775146484e+00,1.888218402862548828e+00,1.837638974189758301e+00,1.785216212272644043e+00,1.730913043022155762e+00,1.674689412117004395e+00,1.616506099700927734e+00,1.556322813034057617e+00,1.494099140167236328e+00,1.429793953895568848e+00,1.363366246223449707e+00,1.294773578643798828e+00,1.223974347114562988e+00,1.150925159454345703e+00,1.075583100318908691e+00,9.979045391082763672e-01,9.178453683853149414e-01,8.353609442710876465e-01,7.504059076309204102e-01,6.629353761672973633e-01,5.729028582572937012e-01,4.802623391151428223e-01,3.849667608737945557e-01,2.869691848754882812e-01,1.862210184335708618e-01,8.267508447170257568e-02
2.460416555404663086e+00,2.480880260467529297e+00,2.500767469406127930e+00,2.520062446594238281e+00,2.538750886917114258e+00,2.556817531585693359e+00,2.574246406555175781e+00,2.591022491455078125e+00,2.607129335403442383e+00,2.622550725936889648e+00,2.637270450592041016e+00,2.651271820068359375e+00,2.664537668228149414e+00,2.677051305770874023e+00,2.688795804977416992e+00,2.699752807617187500e+00,2.709905862808227539e+00,2.719234704971313477e+00,2.727723598480224609e+00,2.735352754592895508e+00,2.742104291915893555e+00,2.747958898544311523e+00,2.752897977828979492e+00,2.756901025772094727e+00,2.759949445724487305e+00,2.762023925781250000e+00,2.763104200363159180e+00,2.763169288635253906e+00,2.762199401855468750e+00,2.760174036026000977e+00,2.757072448730468750e+00,2.752872943878173828e+00,2.747554540634155273e+00,2.741095542907714844e+00,2.733474493026733398e+00,2.724668741226196289e+00,2.714657783508300781e+00,2.703417062759399414e+00,2.690925598144531250e+00,2.677159309387207031e+00,2.662096023559570312e+00,2.645711421966552734e+00,2.627983093261718750e+00,2.608886718750000000e+00,2.588397741317749023e+00,2.566493272781372070e+00,2.543148279190063477e+00,2.518337488174438477e+00,2.492036819458007812e+00,2.464221000671386719e+00,2.434864521026611328e+00,2.403941631317138672e+00,2.371427297592163086e+00,2.337294578552246094e+00,2.301517963409423828e+00,2.264070749282836914e+00,2.224926710128784180e+00,2.184058189392089844e+00,2.141438484191894531e+00,2.097040653228759766e+00,2.050836324691772461e+00,2.002798318862915039e+00,1.952898383140563965e+00,1.901108145713806152e+00,1.847399711608886719e+00,1.791743755340576172e+00,1.734112143516540527e+00,1.674474716186523438e+00,1.612802982330322266e+00,1.549067020416259766e+00,1.483237624168395996e+00,1.415283799171447754e+00,1.345176100730895996e+00,1.272883415222167969e+00,1.198375821113586426e+00,1.121621608734130859e+00,1.042590737342834473e+00,9.612506031990051270e-01,8.775703907012939453e-01,7.915182709693908691e-01,7.030620574951171875e-01,6.121696829795837402e-01,5.188080668449401855e-01,4.229454696178436279e-01,3.245482444763183594e-01,2.235835790634155273e-01,1.200179681181907654e-01,1.381829567253589630e-02,-9.505031257867813110e-02,-2.066205739974975586e-01
3.501708507537841797e+00,3.504147052764892578e+00,3.506155252456665039e+00,3.507729530334472656e+00,3.508864641189575195e+00,3.509555339813232422e+00,3.509795427322387695e+00,3.509578943252563477e+00,3.508897781372070312e+00,3.507745265960693359e+00,3.506112575531005859e+00,3.503990173339843750e+00,3.501368761062622070e+00,3.498239040374755859e+00,3.494588613510131836e+00,3.490407228469848633e+00,3.485683202743530273e+00,3.480401515960693359e+00,3.474551677703857422e+00,3.468118190765380859e+00,3.461087226867675781e+00,3.453443527221679688e+00,3.445171356201171875e+00,3.436254978179931641e+00,3.426676511764526367e+00,3.416419267654418945e+00,3.405465126037597656e+00,3.393794298171997070e+00,3.381388902664184570e+00,3.368228197097778320e+00,3.354291677474975586e+00,3.339558601379394531e+00,3.324007272720336914e+00,3.307614088058471680e+00,3.290357351303100586e+00,3.272213697433471680e+00,3.253157854080200195e+00,3.233165979385375977e+00,3.212212085723876953e+00,3.190270423889160156e+00,3.167314529418945312e+00,3.143316268920898438e+00,3.118249416351318359e+00,3.092084407806396484e+00,3.064792156219482422e+00,3.036343574523925781e+00,3.006707906723022461e+00,2.975854873657226562e+00,2.943752765655517578e+00,2.910369396209716797e+00,2.875672340393066406e+00,2.839627504348754883e+00,2.802202224731445312e+00,2.763360977172851562e+00,2.723069429397583008e+00,2.681291103363037109e+00,2.637989997863769531e+00,2.593129873275756836e+00,2.546672582626342773e+00,2.498579502105712891e+00,2.448812961578369141e+00,2.397332668304443359e+00,2.344098806381225586e+00,2.289071559906005859e+00,2.232208490371704102e+00,2.173468828201293945e+00,2.112810134887695312e+00,2.050188779830932617e+00,1.985561966896057129e+00,1.918884873390197754e+00,1.850112676620483398e+00,1.779200434684753418e+00,1.706101775169372559e+00,1.630770087242126465e+00,1.553158283233642578e+00,1.473217844963073730e+00,1.390901446342468262e+00,1.306159257888793945e+00,1.218941688537597656e+00,1.129198551177978516e+00,1.036879062652587891e+00,9.419315457344055176e-01,8.443037271499633789e-01,7.439434528350830078e-01,6.407968997955322266e-01,5.348104834556579590e-01,4.259291589260101318e-01,3.140986561775207520e-01,1.992620676755905151e-01,8.136426657438278198e-02
3.076801061630249023e+00,3.087441205978393555e+00,3.097559928894042969e+00,3.107146024703979492e+00,3.116187095642089844e+00,3.124672174453735352e+00,3.132588148117065430e+00,3.139922380447387695e+00,3.146661758422851562e+00,3.152792453765869141e+00,3.158300399780273438e+00,3.163171291351318359e+00,3.167390584945678711e+00,3.170941829681396484e+00,3.173810720443725586e+00,3.175980567932128906e+00,3.177435398101806641e+00,3.178157567977905273e+00,3.178130149841308594e+00,3.177335500717163086e+00,3.175755739212036133e+00,3.173372030258178711e+00,3.170166015625000000e+00,3.166117668151855469e+00,3.161207199096679688e+00,3.155415534973144531e+00,3.148720979690551758e+00,3.141104221343994141e+00,3.132541656494140625e+00,3.123013496398925781e+00,3.112496852874755859e+00,3.100969076156616211e+00,3.088407278060913086e+00,3.074788093566894531e+00,3.060088396072387695e+00,3.044283151626586914e+00,3.027348518371582031e+00,3.009258508682250977e+00,2.989989042282104492e+00,2.969512939453125000e+00,2.947805881500244141e+00,2.924839735031127930e+00,2.900588274002075195e+00,2.875023126602172852e+00,2.848117589950561523e+00,2.819843292236328125e+00,2.790171384811401367e+00,2.759072303771972656e+00,2.726517677307128906e+00,2.692477226257324219e+00,2.656920671463012695e+00,2.619817256927490234e+00,2.581136226654052734e+00,2.540845632553100586e+00,2.498914003372192383e+00,2.455309391021728516e+00,2.409998893737792969e+00,2.362949371337890625e+00,2.314127922058105469e+00,2.263499498367309570e+00,2.211030721664428711e+00,2.156686305999755859e+00,2.100431919097900391e+00,2.042231559753417969e+00,1.982049822807312012e+00,1.919849276542663574e+00,1.855594873428344727e+00,1.789247989654541016e+00,1.720772147178649902e+00,1.650128841400146484e+00,1.577279925346374512e+00,1.502186894416809082e+00,1.424810528755187988e+00,1.345111012458801270e+00,1.263048768043518066e+00,1.178582906723022461e+00,1.091673612594604492e+00,1.002278804779052734e+00,9.103574752807617188e-01,8.158675432205200195e-01,7.187665700912475586e-01,6.190118789672851562e-01,5.165597796440124512e-01,4.113677740097045898e-01,3.033907115459442139e-01,1.925851255655288696e-01,7.890547066926956177e-02,-3.769261762499809265e-02,-1.572558283805847168e-01,-2.798290252685546875e-01
2.415782690048217773e+00,2.450409173965454102e+00,2.484714269638061523e+00,2.518676042556762695e+00,2.552273750305175781e+00,2.585483551025390625e+00,2.618282556533813477e+00,2.650646924972534180e+00,2.682551383972167969e+00,2.713970661163330078e+00,2.744877815246582031e+00,2.775245666503906250e+00,2.805045127868652344e+00,2.834249019622802734e+00,2.862826824188232422e+00,2.890747785568237305e+00,2.917980909347534180e+00,2.944494485855102539e+00,2.970254659652709961e+00,2.995229244232177734e+00,3.019382476806640625e+00,3.042679548263549805e+00,3.065084457397460938e+00,3.086560726165771484e+00,3.107070207595825195e+00,3.126574754714965820e+00,3.145035028457641602e+00,3.162410974502563477e+00,3.178662538528442383e+00,3.193747043609619141e+00,3.207622766494750977e+00,3.220246315002441406e+00,3.231574296951293945e+00,3.241561174392700195e+00,3.250162124633789062e+00,3.257329940795898438e+00,3.263018608093261719e+00,3.267179489135742188e+00,3.269763946533203125e+00,3.270722627639770508e+00,3.270004987716674805e+00,3.267560720443725586e+00,3.263336658477783203e+00,3.257281303405761719e+00,3.249340534210205078e+00,3.239460945129394531e+00,3.227586507797241211e+00,3.213662147521972656e+00,3.197630405426025391e+00,3.179434537887573242e+00,3.159016370773315430e+00,3.136316537857055664e+00,3.111274957656860352e+00,3.083832263946533203e+00,3.053925752639770508e+00,3.021494150161743164e+00,2.986474275588989258e+00,2.948801994323730469e+00,2.908413171768188477e+00,2.865242004394531250e+00,2.819223403930664062e+00,2.770289421081542969e+00,2.718372583389282227e+00,2.663404464721679688e+00,2.605316400527954102e+00,2.544037103652954102e+00,2.479496717453002930e+00,2.411622524261474609e+00,2.340343236923217773e+00,2.265584707260131836e+00,2.187273740768432617e+00,2.105334520339965820e+00,2.019692420959472656e+00,1.930269718170166016e+00,1.836990952491760254e+00,1.739776372909545898e+00,1.638548731803894043e+00,1.533227086067199707e+00,1.423731923103332520e+00,1.309981942176818848e+00,1.191894888877868652e+00,1.069388270378112793e+00,9.423779249191284180e-01,8.107805848121643066e-01,6.745100617408752441e-01,5.334815382957458496e-01,3.876069784164428711e-01,2.368003875017166138e-01,8.097160607576370239e-02,-7.996654510498046875e-02
3.046982049942016602e+00,3.060776233673095703e+00,3.074257612228393555e+00,3.087424516677856445e+00,3.100272178649902344e+00,3.112796545028686523e+00,3.124992132186889648e+00,3.136851072311401367e+00,3.148367166519165039e+00,3.159531831741333008e+00,3.170335769653320312e+00,3.180768251419067383e+00,3.190818786621093750e+00,3.200474977493286133e+00,3.209724426269531250e+00,3.218552827835083008e+00,3.226946115493774414e+00,3.234887599945068359e+00,3.242362022399902344e+00,3.249351263046264648e+00,3.255836486816406250e+00,3.261800050735473633e+00,3.267219543457031250e+00,3.272076129913330078e+00,3.276347160339355469e+00,3.280009031295776367e+00,3.283038616180419922e+00,3.285410881042480469e+00,3.287100791931152344e+00,3.288081645965576172e+00,3.288325309753417969e+00,3.287804603576660156e+00,3.286489725112915039e+00,3.284351110458374023e+00,3.281357288360595703e+00,3.277476072311401367e+00,3.272675275802612305e+00,3.266921043395996094e+00,3.260178565979003906e+00,3.252412080764770508e+00,3.243585586547851562e+00,3.233661413192749023e+00,3.222601652145385742e+00,3.210366725921630859e+00,3.196916818618774414e+00,3.182211160659790039e+00,3.166207790374755859e+00,3.148863315582275391e+00,3.130134582519531250e+00,3.109977483749389648e+00,3.088345527648925781e+00,3.065192937850952148e+00,3.040472269058227539e+00,3.014135122299194336e+00,2.986132383346557617e+00,2.956414699554443359e+00,2.924930334091186523e+00,2.891627550125122070e+00,2.856454133987426758e+00,2.819355964660644531e+00,2.780278921127319336e+00,2.739166736602783203e+00,2.695963621139526367e+00,2.650612592697143555e+00,2.603055000305175781e+00,2.553231716156005859e+00,2.501083135604858398e+00,2.446547746658325195e+00,2.389564514160156250e+00,2.330070495605468750e+00,2.268001794815063477e+00,2.203294277191162109e+00,2.135882139205932617e+00,2.065699577331542969e+00,1.992678880691528320e+00,1.916751503944396973e+00,1.837849736213684082e+00,1.755902767181396484e+00,1.670839548110961914e+00,1.582588672637939453e+00,1.491077661514282227e+00,1.396232962608337402e+00,1.297978997230529785e+00,1.196241974830627441e+00,1.090944290161132812e+00,9.820098876953125000e-01,8.693595528602600098e-01,7.529155015945434570e-01,6.325964927673339844e-01,5.083229541778564453e-01
1.826936483383178711e+00,1.865484833717346191e+00,1.903497695922851562e+00,1.940955638885498047e+00,1.977839350700378418e+00,2.014128684997558594e+00,2.049801111221313477e+00,2.084838151931762695e+00,2.119215726852416992e+00,2.152913093566894531e+00,2.185906171798706055e+00,2.218172788619995117e+00,2.249689102172851562e+00,2.280430793762207031e+00,2.310373544692993164e+00,2.339491367340087891e+00,2.367759943008422852e+00,2.395152330398559570e+00,2.421642780303955078e+00,2.447203397750854492e+00,2.471807479858398438e+00,2.495426654815673828e+00,2.518032312393188477e+00,2.539595842361450195e+00,2.560087919235229492e+00,2.579478502273559570e+00,2.597737312316894531e+00,2.614833593368530273e+00,2.630736351013183594e+00,2.645412445068359375e+00,2.658831119537353516e+00,2.670958995819091797e+00,2.681763410568237305e+00,2.691209554672241211e+00,2.699264287948608398e+00,2.705893039703369141e+00,2.711060285568237305e+00,2.714730024337768555e+00,2.716866731643676758e+00,2.717433929443359375e+00,2.716394424438476562e+00,2.713709831237792969e+00,2.709344148635864258e+00,2.703257560729980469e+00,2.695410966873168945e+00,2.685765266418457031e+00,2.674281120300292969e+00,2.660917043685913086e+00,2.645633459091186523e+00,2.628388166427612305e+00,2.609139680862426758e+00,2.587845563888549805e+00,2.564463376998901367e+00,2.538949489593505859e+00,2.511260271072387695e+00,2.481351613998413086e+00,2.449179172515869141e+00,2.414697170257568359e+00,2.377860307693481445e+00,2.338622808456420898e+00,2.296937704086303711e+00,2.252757787704467773e+00,2.206035852432250977e+00,2.156723737716674805e+00,2.104773044586181641e+00,2.050134420394897461e+00,1.992759823799133301e+00,1.932597279548645020e+00,1.869598031044006348e+00,1.803710103034973145e+00,1.734883189201354980e+00,1.663064122200012207e+00,1.588202118873596191e+00,1.510243535041809082e+00,1.429135203361511230e+00,1.344823002815246582e+00,1.257253766059875488e+00,1.166371822357177734e+00,1.072122693061828613e+00,9.744500517845153809e-01,8.732984662055969238e-01,7.686112523078918457e-01,6.603301763534545898e-01,5.483993291854858398e-01,4.327594935894012451e-01,3.133529722690582275e-01,1.901201307773590088e-01,6.300218403339385986e-02,-6.806196272373199463e-02,-2.031312137842178345e-01
4.353844165802001953e+00,4.349233627319335938e+00,4.344444751739501953e+00,4.339479446411132812e+00,4.334336757659912109e+00,4.329014778137207031e+00,4.323510646820068359e+00,4.317819118499755859e+00,4.311934471130371094e+00,4.305848598480224609e+00,4.299553394317626953e+00,4.293037891387939453e+00,4.286290168762207031e+00,4.279297828674316406e+00,4.272044658660888672e+00,4.264516830444335938e+00,4.256694316864013672e+00,4.248559474945068359e+00,4.240093231201171875e+00,4.231271743774414062e+00,4.222074985504150391e+00,4.212475299835205078e+00,4.202447414398193359e+00,4.191965579986572266e+00,4.180999755859375000e+00,4.169520854949951172e+00,4.157496452331542969e+00,4.144893646240234375e+00,4.131678104400634766e+00,4.117814540863037109e+00,4.103265285491943359e+00,4.087991714477539062e+00,4.071955204010009766e+00,4.055111885070800781e+00,4.037421703338623047e+00,4.018837928771972656e+00,3.999316930770874023e+00,3.978809356689453125e+00,3.957269191741943359e+00,3.934644699096679688e+00,3.910887002944946289e+00,3.885940313339233398e+00,3.859752655029296875e+00,3.832267999649047852e+00,3.803428888320922852e+00,3.773177862167358398e+00,3.741454601287841797e+00,3.708198547363281250e+00,3.673347234725952148e+00,3.636835098266601562e+00,3.598598718643188477e+00,3.558570146560668945e+00,3.516682147979736328e+00,3.472863674163818359e+00,3.427045583724975586e+00,3.379153966903686523e+00,3.329114913940429688e+00,3.276854276657104492e+00,3.222295045852661133e+00,3.165358781814575195e+00,3.105966329574584961e+00,3.044036626815795898e+00,2.979487657546997070e+00,2.912235260009765625e+00,2.842194557189941406e+00,2.769279479980468750e+00,2.693401336669921875e+00,2.614471197128295898e+00,2.532398462295532227e+00,2.447090387344360352e+00,2.358454704284667969e+00,2.266394376754760742e+00,2.170814752578735352e+00,2.071617364883422852e+00,1.968703389167785645e+00,1.861971378326416016e+00,1.751320362091064453e+00,1.636646270751953125e+00,1.517844438552856445e+00,1.394808053970336914e+00,1.267430424690246582e+00,1.135602355003356934e+00,9.992122650146484375e-01,8.581495285034179688e-01,7.122997045516967773e-01,5.615494251251220703e-01,4.057811498641967773e-01,2.448787689208984375e-01,7.872181385755538940e-02,-9.280859678983688354e-02
2.575260162353515625e+00,2.611421823501586914e+00,2.646924734115600586e+00,2.681751728057861328e+00,2.715882301330566406e+00,2.749298572540283203e+00,2.781979560852050781e+00,2.813905954360961914e+00,2.845055818557739258e+00,2.875408411026000977e+00,2.904941320419311523e+00,2.933631896972656250e+00,2.961457729339599609e+00,2.988393783569335938e+00,3.014417409896850586e+00,3.039502620697021484e+00,3.063625335693359375e+00,3.086759090423583984e+00,3.108877658843994141e+00,3.129954338073730469e+00,3.149961948394775391e+00,3.168871402740478516e+00,3.186656236648559570e+00,3.203285455703735352e+00,3.218730688095092773e+00,3.232961654663085938e+00,3.245947599411010742e+00,3.257657766342163086e+00,3.268059968948364258e+00,3.277122020721435547e+00,3.284811496734619141e+00,3.291095018386840820e+00,3.295939207077026367e+00,3.299308538436889648e+00,3.301169157028198242e+00,3.301485538482666016e+00,3.300221204757690430e+00,3.297340154647827148e+00,3.292805194854736328e+00,3.286578655242919922e+00,3.278622388839721680e+00,3.268898248672485352e+00,3.257366180419921875e+00,3.243987321853637695e+00,3.228721380233764648e+00,3.211527109146118164e+00,3.192363023757934570e+00,3.171188354492187500e+00,3.147959709167480469e+00,3.122634172439575195e+00,3.095168352127075195e+00,3.065519094467163086e+00,3.033640861511230469e+00,2.999488830566406250e+00,2.963017702102661133e+00,2.924181222915649414e+00,2.882932662963867188e+00,2.839224338531494141e+00,2.793009757995605469e+00,2.744239807128906250e+00,2.692864894866943359e+00,2.638837099075317383e+00,2.582105875015258789e+00,2.522620677947998047e+00,2.460330724716186523e+00,2.395184278488159180e+00,2.327130079269409180e+00,2.256114482879638672e+00,2.182085514068603516e+00,2.104988098144531250e+00,2.024769544601440430e+00,1.941374063491821289e+00,1.854746937751770020e+00,1.764832615852355957e+00,1.671574234962463379e+00,1.574914455413818359e+00,1.474797606468200684e+00,1.371164202690124512e+00,1.263956427574157715e+00,1.153115034103393555e+00,1.038580775260925293e+00,9.202936887741088867e-01,7.981919646263122559e-01,6.722163558006286621e-01,5.423035621643066406e-01,4.083924889564514160e-01,2.704195976257324219e-01,1.283223778009414673e-01,-1.796420663595199585e-02,-1.685030311346054077e-01
2.282266855239868164e+00,2.308778047561645508e+00,2.334771156311035156e+00,2.360233068466186523e+00,2.385149240493774414e+00,2.409507751464843750e+00,2.433292865753173828e+00,2.456490278244018555e+00,2.479084491729736328e+00,2.501060485839843750e+00,2.522402048110961914e+00,2.543092489242553711e+00,2.563114881515502930e+00,2.582451581954956055e+00,2.601086139678955078e+00,2.618999719619750977e+00,2.636173248291015625e+00,2.652588605880737305e+00,2.668226003646850586e+00,2.683065652847290039e+00,2.697087287902832031e+00,2.710270404815673828e+00,2.722593784332275391e+00,2.734036445617675781e+00,2.744575977325439453e+00,2.754189968109130859e+00,2.762855291366577148e+00,2.770550012588500977e+00,2.777250051498413086e+00,2.782930612564086914e+00,2.787567853927612305e+00,2.791136741638183594e+00,2.793612957000732422e+00,2.794969320297241211e+00,2.795180559158325195e+00,2.794219970703125000e+00,2.792060613632202148e+00,2.788675308227539062e+00,2.784036159515380859e+00,2.778114557266235352e+00,2.770882129669189453e+00,2.762310028076171875e+00,2.752368688583374023e+00,2.741028070449829102e+00,2.728257417678833008e+00,2.714027166366577148e+00,2.698305368423461914e+00,2.681060075759887695e+00,2.662260055541992188e+00,2.641872644424438477e+00,2.619864702224731445e+00,2.596203327178955078e+00,2.570854663848876953e+00,2.543785095214843750e+00,2.514959335327148438e+00,2.484342336654663086e+00,2.451899766921997070e+00,2.417594909667968750e+00,2.381392002105712891e+00,2.343254327774047852e+00,2.303144454956054688e+00,2.261025667190551758e+00,2.216859579086303711e+00,2.170607805252075195e+00,2.122232437133789062e+00,2.071692705154418945e+00,2.018950700759887695e+00,1.963965296745300293e+00,1.906697034835815430e+00,1.847103834152221680e+00,1.785145878791809082e+00,1.720780014991760254e+00,1.653965711593627930e+00,1.584659457206726074e+00,1.512818217277526855e+00,1.438399195671081543e+00,1.361358404159545898e+00,1.281651616096496582e+00,1.199233889579772949e+00,1.114061117172241211e+00,1.026086926460266113e+00,9.352658987045288086e-01,8.415510058403015137e-01,7.448968291282653809e-01,6.452550292015075684e-01,5.425787568092346191e-01,4.368196129798889160e-01,3.279296755790710449e-01,2.158592492341995239e-01,1.005602926015853882e-01
2.221298456192016602e+00,2.244862079620361328e+00,2.268220186233520508e+00,2.291363000869750977e+00,2.314280509948730469e+00,2.336960315704345703e+00,2.359389781951904297e+00,2.381555557250976562e+00,2.403443336486816406e+00,2.425038337707519531e+00,2.446323156356811523e+00,2.467281341552734375e+00,2.487895011901855469e+00,2.508144855499267578e+00,2.528011560440063477e+00,2.547473430633544922e+00,2.566509485244750977e+00,2.585097074508666992e+00,2.603212594985961914e+00,2.620831489562988281e+00,2.637928724288940430e+00,2.654477834701538086e+00,2.670451641082763672e+00,2.685822486877441406e+00,2.700561046600341797e+00,2.714637756347656250e+00,2.728021144866943359e+00,2.740680932998657227e+00,2.752583026885986328e+00,2.763694524765014648e+00,2.773981332778930664e+00,2.783407449722290039e+00,2.791937351226806641e+00,2.799533367156982422e+00,2.806157588958740234e+00,2.811771154403686523e+00,2.816334486007690430e+00,2.819805860519409180e+00,2.822144746780395508e+00,2.823307514190673828e+00,2.823251962661743164e+00,2.821931600570678711e+00,2.819303274154663086e+00,2.815319776535034180e+00,2.809933900833129883e+00,2.803097724914550781e+00,2.794761896133422852e+00,2.784877061843872070e+00,2.773392677307128906e+00,2.760256290435791016e+00,2.745415210723876953e+00,2.728817462921142578e+00,2.710407018661499023e+00,2.690129041671752930e+00,2.667927503585815430e+00,2.643744707107543945e+00,2.617523193359375000e+00,2.589203596115112305e+00,2.558726310729980469e+00,2.526030540466308594e+00,2.491054534912109375e+00,2.453735589981079102e+00,2.414009809494018555e+00,2.371813297271728516e+00,2.327081203460693359e+00,2.279746055603027344e+00,2.229741811752319336e+00,2.176999092102050781e+00,2.121450662612915039e+00,2.063025236129760742e+00,2.001652717590332031e+00,1.937261104583740234e+00,1.869778275489807129e+00,1.799129605293273926e+00,1.725242137908935547e+00,1.648038983345031738e+00,1.567445278167724609e+00,1.483382940292358398e+00,1.395774483680725098e+00,1.304540634155273438e+00,1.209601402282714844e+00,1.110876441001892090e+00,1.008283138275146484e+00,9.017400145530700684e-01,7.911624908447265625e-01,6.764670610427856445e-01,5.575677752494812012e-01,4.343789219856262207e-01,3.068121373653411865e-01,1.747809797525405884e-01
2.898032903671264648e+00,2.911287069320678711e+00,2.924293518066406250e+00,2.937043666839599609e+00,2.949526786804199219e+00,2.961733341217041016e+00,2.973651647567749023e+00,2.985269308090209961e+00,2.996572971343994141e+00,3.007550001144409180e+00,3.018185138702392578e+00,3.028462171554565430e+00,3.038365602493286133e+00,3.047876596450805664e+00,3.056978464126586914e+00,3.065650939941406250e+00,3.073874950408935547e+00,3.081629514694213867e+00,3.088892936706542969e+00,3.095642805099487305e+00,3.101855516433715820e+00,3.107507228851318359e+00,3.112572908401489258e+00,3.117026090621948242e+00,3.120840311050415039e+00,3.123987436294555664e+00,3.126440286636352539e+00,3.128167867660522461e+00,3.129141330718994141e+00,3.129328012466430664e+00,3.128697633743286133e+00,3.127216339111328125e+00,3.124850988388061523e+00,3.121566534042358398e+00,3.117328405380249023e+00,3.112098693847656250e+00,3.105842590332031250e+00,3.098520040512084961e+00,3.090093374252319336e+00,3.080522775650024414e+00,3.069767713546752930e+00,3.057785987854003906e+00,3.044536590576171875e+00,3.029975414276123047e+00,3.014058589935302734e+00,2.996741771697998047e+00,2.977978944778442383e+00,2.957723617553710938e+00,2.935928106307983398e+00,2.912544250488281250e+00,2.887523174285888672e+00,2.860814809799194336e+00,2.832367658615112305e+00,2.802130937576293945e+00,2.770051479339599609e+00,2.736075639724731445e+00,2.700149297714233398e+00,2.662217617034912109e+00,2.622224807739257812e+00,2.580113172531127930e+00,2.535825014114379883e+00,2.489302635192871094e+00,2.440485239028930664e+00,2.389313459396362305e+00,2.335726022720336914e+00,2.279660940170288086e+00,2.221055030822753906e+00,2.159844398498535156e+00,2.095964670181274414e+00,2.029350280761718750e+00,1.959934949874877930e+00,1.887651205062866211e+00,1.812431693077087402e+00,1.734206557273864746e+00,1.652906775474548340e+00,1.568461179733276367e+00,1.480798602104187012e+00,1.389846444129943848e+00,1.295531630516052246e+00,1.197780013084411621e+00,1.096516847610473633e+00,9.916662573814392090e-01,8.831508159637451172e-01,7.708943486213684082e-01,6.548173427581787109e-01,5.348413586616516113e-01,4.108856320381164551e-01,2.828698754310607910e-01,1.507111936807632446e-01,1.432838756591081619e-02
2.535938024520874023e+00,2.545674324035644531e+00,2.555206775665283203e+00,2.564532279968261719e+00,2.573646306991577148e+00,2.582543373107910156e+00,2.591217279434204102e+00,2.599661827087402344e+00,2.607869386672973633e+00,2.615833282470703125e+00,2.623544454574584961e+00,2.630994081497192383e+00,2.638172626495361328e+00,2.645069360733032227e+00,2.651674509048461914e+00,2.657976150512695312e+00,2.663962364196777344e+00,2.669620275497436523e+00,2.674936771392822266e+00,2.679898977279663086e+00,2.684490442276000977e+00,2.688698053359985352e+00,2.692504644393920898e+00,2.695894956588745117e+00,2.698851585388183594e+00,2.701357126235961914e+00,2.703393459320068359e+00,2.704941749572753906e+00,2.705983161926269531e+00,2.706496953964233398e+00,2.706462860107421875e+00,2.705860137939453125e+00,2.704666376113891602e+00,2.702859401702880859e+00,2.700416564941406250e+00,2.697313308715820312e+00,2.693525791168212891e+00,2.689029455184936523e+00,2.683799266815185547e+00,2.677807807922363281e+00,2.671029567718505859e+00,2.663436174392700195e+00,2.655000925064086914e+00,2.645694494247436523e+00,2.635487556457519531e+00,2.624351501464843750e+00,2.612254619598388672e+00,2.599166393280029297e+00,2.585055828094482422e+00,2.569890022277832031e+00,2.553636074066162109e+00,2.536261081695556641e+00,2.517730951309204102e+00,2.498010635375976562e+00,2.477065324783325195e+00,2.454858541488647461e+00,2.431354284286499023e+00,2.406515836715698242e+00,2.380304336547851562e+00,2.352682352066040039e+00,2.323610782623291016e+00,2.293050289154052734e+00,2.260959625244140625e+00,2.227299690246582031e+00,2.192027807235717773e+00,2.155102729797363281e+00,2.116481065750122070e+00,2.076120376586914062e+00,2.033976554870605469e+00,1.990005135536193848e+00,1.944160938262939453e+00,1.896398544311523438e+00,1.846671581268310547e+00,1.794932842254638672e+00,1.741135478019714355e+00,1.685230731964111328e+00,1.627170443534851074e+00,1.566904783248901367e+00,1.504384279251098633e+00,1.439557671546936035e+00,1.372374534606933594e+00,1.302782893180847168e+00,1.230729937553405762e+00,1.156162977218627930e+00,1.079028129577636719e+00,9.992718696594238281e-01,9.168384671211242676e-01,8.316730856895446777e-01,7.437191009521484375e-01,6.529206633567810059e-01
4.012741744518280029e-01,4.813380837440490723e-01,5.602245926856994629e-01,6.378999948501586914e-01,7.143313884735107422e-01,7.894858717918395996e-01,8.633313179016113281e-01,9.358356595039367676e-01,1.006967306137084961e+00,1.076695084571838379e+00,1.144987940788269043e+00,1.211815953254699707e+00,1.277148485183715820e+00,1.340955972671508789e+00,1.403209090232849121e+00,1.463878989219665527e+00,1.522937059402465820e+00,1.580354928970336914e+00,1.636104822158813477e+00,1.690159082412719727e+00,1.742491006851196289e+00,1.793073534965515137e+00,1.841880321502685547e+00,1.888885736465454102e+00,1.934063911437988281e+00,1.977389574050903320e+00,2.018837690353393555e+00,2.058384180068969727e+00,2.096004724502563477e+00,2.131675720214843750e+00,2.165373563766479492e+00,2.197075366973876953e+00,2.226758956909179688e+00,2.254401206970214844e+00,2.279980897903442383e+00,2.303476095199584961e+00,2.324866056442260742e+00,2.344129800796508789e+00,2.361247777938842773e+00,2.376198768615722656e+00,2.388963699340820312e+00,2.399523019790649414e+00,2.407858848571777344e+00,2.413951158523559570e+00,2.417782783508300781e+00,2.419336318969726562e+00,2.418592929840087891e+00,2.415537118911743164e+00,2.410151720046997070e+00,2.402419805526733398e+00,2.392327070236206055e+00,2.379855871200561523e+00,2.364993095397949219e+00,2.347722768783569336e+00,2.328030824661254883e+00,2.305902957916259766e+00,2.281326532363891602e+00,2.254287004470825195e+00,2.224772214889526367e+00,2.192769050598144531e+00,2.158266305923461914e+00,2.121251106262207031e+00,2.081713199615478516e+00,2.039640188217163086e+00,1.995023012161254883e+00,1.947849273681640625e+00,1.898111820220947266e+00,1.845798492431640625e+00,1.790902137756347656e+00,1.733412265777587891e+00,1.673322200775146484e+00,1.610622167587280273e+00,1.545305728912353516e+00,1.477365255355834961e+00,1.406793594360351562e+00,1.333584189414978027e+00,1.257731676101684570e+00,1.179229140281677246e+00,1.098071932792663574e+00,1.014254808425903320e+00,9.277727007865905762e-01,8.386221528053283691e-01,7.467975616455078125e-01,6.522974371910095215e-01,5.551175475120544434e-01,4.552549123764038086e-01,3.527075350284576416e-01,2.474735826253890991e-01,1.395501643419265747e-01,2.893748693168163300e-02
2.297460317611694336e+00,2.336164474487304688e+00,2.374606847763061523e+00,2.412759780883789062e+00,2.450594186782836914e+00,2.488082170486450195e+00,2.525191545486450195e+00,2.561892986297607422e+00,2.598154306411743164e+00,2.633942365646362305e+00,2.669224262237548828e+00,2.703965425491333008e+00,2.738130807876586914e+00,2.771683931350708008e+00,2.804589033126831055e+00,2.836807727813720703e+00,2.868302106857299805e+00,2.899031877517700195e+00,2.928957939147949219e+00,2.958038330078125000e+00,2.986232519149780273e+00,3.013496398925781250e+00,3.039788246154785156e+00,3.065062522888183594e+00,3.089274883270263672e+00,3.112377882003784180e+00,3.134326696395874023e+00,3.155071973800659180e+00,3.174566984176635742e+00,3.192760705947875977e+00,3.209603786468505859e+00,3.225045680999755859e+00,3.239033699035644531e+00,3.251516342163085938e+00,3.262439489364624023e+00,3.271748542785644531e+00,3.279388904571533203e+00,3.285304307937622070e+00,3.289438247680664062e+00,3.291732788085937500e+00,3.292130231857299805e+00,3.290570020675659180e+00,3.286993265151977539e+00,3.281337976455688477e+00,3.273543596267700195e+00,3.263545751571655273e+00,3.251283168792724609e+00,3.236690282821655273e+00,3.219701528549194336e+00,3.200251579284667969e+00,3.178273916244506836e+00,3.153700828552246094e+00,3.126463651657104492e+00,3.096493005752563477e+00,3.063719511032104492e+00,3.028070688247680664e+00,2.989476442337036133e+00,2.947863340377807617e+00,2.903157472610473633e+00,2.855286121368408203e+00,2.804172754287719727e+00,2.749741315841674805e+00,2.691916465759277344e+00,2.630619049072265625e+00,2.565772056579589844e+00,2.497294664382934570e+00,2.425108194351196289e+00,2.349130630493164062e+00,2.269280910491943359e+00,2.185475826263427734e+00,2.097633361816406250e+00,2.005666971206665039e+00,1.909493446350097656e+00,1.809025883674621582e+00,1.704178094863891602e+00,1.594861865043640137e+00,1.480989575386047363e+00,1.362470984458923340e+00,1.239217042922973633e+00,1.111135840415954590e+00,9.781364202499389648e-01,8.401258587837219238e-01,6.970098614692687988e-01,5.486960411071777344e-01,3.950875401496887207e-01,2.360897362232208252e-01,7.160476595163345337e-02,-9.846374392509460449e-02,-2.742160558700561523e-01,-4.557492136955261230e-01
2.271791696548461914e+00,2.297389268875122070e+00,2.322479724884033203e+00,2.347051143646240234e+00,2.371089935302734375e+00,2.394583225250244141e+00,2.417517423629760742e+00,2.439879179000854492e+00,2.461652040481567383e+00,2.482822418212890625e+00,2.503374576568603516e+00,2.523292303085327148e+00,2.542559623718261719e+00,2.561158895492553711e+00,2.579073667526245117e+00,2.596286296844482422e+00,2.612778186798095703e+00,2.628530740737915039e+00,2.643524885177612305e+00,2.657741785049438477e+00,2.671161413192749023e+00,2.683762550354003906e+00,2.695525407791137695e+00,2.706427812576293945e+00,2.716449022293090820e+00,2.725565910339355469e+00,2.733757019042968750e+00,2.740998029708862305e+00,2.747266530990600586e+00,2.752538204193115234e+00,2.756788730621337891e+00,2.759993314743041992e+00,2.762126922607421875e+00,2.763163328170776367e+00,2.763077020645141602e+00,2.761840581893920898e+00,2.759428262710571289e+00,2.755811214447021484e+00,2.750962734222412109e+00,2.744853019714355469e+00,2.737455606460571289e+00,2.728738784790039062e+00,2.718674421310424805e+00,2.707231760025024414e+00,2.694379568099975586e+00,2.680088996887207031e+00,2.664326429367065430e+00,2.647060871124267578e+00,2.628260135650634766e+00,2.607891321182250977e+00,2.585920572280883789e+00,2.562314748764038086e+00,2.537039756774902344e+00,2.510061025619506836e+00,2.481343269348144531e+00,2.450851202011108398e+00,2.418549299240112305e+00,2.384400606155395508e+00,2.348368883132934570e+00,2.310416698455810547e+00,2.270505905151367188e+00,2.228598833084106445e+00,2.184657335281372070e+00,2.138641834259033203e+00,2.090512990951538086e+00,2.040230751037597656e+00,1.987755179405212402e+00,1.933045029640197754e+00,1.876059532165527344e+00,1.816756844520568848e+00,1.755095005035400391e+00,1.691030979156494141e+00,1.624522447586059570e+00,1.555525422096252441e+00,1.483996152877807617e+00,1.409890413284301758e+00,1.333163738250732422e+00,1.253770112991333008e+00,1.171664476394653320e+00,1.086800813674926758e+00,9.991321563720703125e-01,9.086119532585144043e-01,8.151920437812805176e-01,7.188253998756408691e-01,6.194631457328796387e-01,5.170568823814392090e-01,4.115569591522216797e-01,3.029144406318664551e-01,1.910780966281890869e-01,7.599858194589614868e-02
3.229416370391845703e+00,3.242507934570312500e+00,3.255239009857177734e+00,3.267606496810913086e+00,3.279605627059936523e+00,3.291228771209716797e+00,3.302469253540039062e+00,3.313319444656372070e+00,3.323769569396972656e+00,3.333810091018676758e+00,3.343430995941162109e+00,3.352619171142578125e+00,3.361364126205444336e+00,3.369650840759277344e+00,3.377465248107910156e+00,3.384793758392333984e+00,3.391618728637695312e+00,3.397923469543457031e+00,3.403691291809082031e+00,3.408903360366821289e+00,3.413539171218872070e+00,3.417578935623168945e+00,3.421002149581909180e+00,3.423785924911499023e+00,3.425907850265502930e+00,3.427342891693115234e+00,3.428067684173583984e+00,3.428055524826049805e+00,3.427281141281127930e+00,3.425715684890747070e+00,3.423332452774047852e+00,3.420101642608642578e+00,3.415993213653564453e+00,3.410975694656372070e+00,3.405018806457519531e+00,3.398088693618774414e+00,3.390152692794799805e+00,3.381175518035888672e+00,3.371122837066650391e+00,3.359958171844482422e+00,3.347644329071044922e+00,3.334143400192260742e+00,3.319417238235473633e+00,3.303426265716552734e+00,3.286128997802734375e+00,3.267484903335571289e+00,3.247451066970825195e+00,3.225985765457153320e+00,3.203043699264526367e+00,3.178579807281494141e+00,3.152549743652343750e+00,3.124904870986938477e+00,3.095599889755249023e+00,3.064584970474243164e+00,3.031810998916625977e+00,2.997228622436523438e+00,2.960785865783691406e+00,2.922431945800781250e+00,2.882112741470336914e+00,2.839775800704956055e+00,2.795366287231445312e+00,2.748828649520874023e+00,2.700106382369995117e+00,2.649142742156982422e+00,2.595880031585693359e+00,2.540258646011352539e+00,2.482219696044921875e+00,2.421700954437255859e+00,2.358643054962158203e+00,2.292981863021850586e+00,2.224655628204345703e+00,2.153598308563232422e+00,2.079746484756469727e+00,2.003033638000488281e+00,1.923393130302429199e+00,1.840757250785827637e+00,1.755057573318481445e+00,1.666224479675292969e+00,1.574188232421875000e+00,1.478877305984497070e+00,1.380219459533691406e+00,1.278142452239990234e+00,1.172571420669555664e+00,1.063433051109313965e+00,9.506507515907287598e-01,8.341488838195800781e-01,7.138494849205017090e-01,5.896752476692199707e-01,4.615458548069000244e-01,3.293829858303070068e-01
2.990363836288452148e+00,3.006459474563598633e+00,3.022413015365600586e+00,3.038215160369873047e+00,3.053855895996093750e+00,3.069324970245361328e+00,3.084610223770141602e+00,3.099698305130004883e+00,3.114575147628784180e+00,3.129225492477416992e+00,3.143632173538208008e+00,3.157778501510620117e+00,3.171644687652587891e+00,3.185211896896362305e+00,3.198459386825561523e+00,3.211363077163696289e+00,3.223901987075805664e+00,3.236050605773925781e+00,3.247784137725830078e+00,3.259075403213500977e+00,3.269896745681762695e+00,3.280220031738281250e+00,3.290015459060668945e+00,3.299250602722167969e+00,3.307894706726074219e+00,3.315913677215576172e+00,3.323273897171020508e+00,3.329938888549804688e+00,3.335872411727905273e+00,3.341037511825561523e+00,3.345393896102905273e+00,3.348902463912963867e+00,3.351522445678710938e+00,3.353210449218750000e+00,3.353924274444580078e+00,3.353618621826171875e+00,3.352248907089233398e+00,3.349767446517944336e+00,3.346127033233642578e+00,3.341278791427612305e+00,3.335171699523925781e+00,3.327755451202392578e+00,3.318978071212768555e+00,3.308785438537597656e+00,3.297122716903686523e+00,3.283935308456420898e+00,3.269166231155395508e+00,3.252757072448730469e+00,3.234648942947387695e+00,3.214781999588012695e+00,3.193095207214355469e+00,3.169524908065795898e+00,3.144009351730346680e+00,3.116483449935913086e+00,3.086880207061767578e+00,3.055134534835815430e+00,3.021177768707275391e+00,2.984940767288208008e+00,2.946353673934936523e+00,2.905344724655151367e+00,2.861841201782226562e+00,2.815770626068115234e+00,2.767057657241821289e+00,2.715626478195190430e+00,2.661400794982910156e+00,2.604301691055297852e+00,2.544250726699829102e+00,2.481167078018188477e+00,2.414970397949218750e+00,2.345577001571655273e+00,2.272903919219970703e+00,2.196866035461425781e+00,2.117378234863281250e+00,2.034352779388427734e+00,1.947702050209045410e+00,1.857336401939392090e+00,1.763166069984436035e+00,1.665099143981933594e+00,1.563043594360351562e+00,1.456905126571655273e+00,1.346589326858520508e+00,1.232000708580017090e+00,1.113040804862976074e+00,9.896130561828613281e-01,8.616169095039367676e-01,7.289534211158752441e-01,5.915195941925048828e-01,4.492140114307403564e-01,3.019316792488098145e-01,1.495691686868667603e-01
2.512157201766967773e+00,2.531193017959594727e+00,2.550170898437500000e+00,2.569081544876098633e+00,2.587913036346435547e+00,2.606652736663818359e+00,2.625286340713500977e+00,2.643800258636474609e+00,2.662177085876464844e+00,2.680400848388671875e+00,2.698451519012451172e+00,2.716311216354370117e+00,2.733958244323730469e+00,2.751370191574096680e+00,2.768525362014770508e+00,2.785398483276367188e+00,2.801964521408081055e+00,2.818196773529052734e+00,2.834067821502685547e+00,2.849549055099487305e+00,2.864609718322753906e+00,2.879218816757202148e+00,2.893343925476074219e+00,2.906951665878295898e+00,2.920006990432739258e+00,2.932475328445434570e+00,2.944318056106567383e+00,2.955497741699218750e+00,2.965975046157836914e+00,2.975709199905395508e+00,2.984658479690551758e+00,2.992780447006225586e+00,3.000031232833862305e+00,3.006365060806274414e+00,3.011736154556274414e+00,3.016096115112304688e+00,3.019397497177124023e+00,3.021589994430541992e+00,3.022622585296630859e+00,3.022442817687988281e+00,3.020998239517211914e+00,3.018233299255371094e+00,3.014092922210693359e+00,3.008520841598510742e+00,3.001457929611206055e+00,2.992846250534057617e+00,2.982625007629394531e+00,2.970732927322387695e+00,2.957106828689575195e+00,2.941683292388916016e+00,2.924398183822631836e+00,2.905184268951416016e+00,2.883974552154541016e+00,2.860700607299804688e+00,2.835293769836425781e+00,2.807682275772094727e+00,2.777794361114501953e+00,2.745557308197021484e+00,2.710896492004394531e+00,2.673736572265625000e+00,2.634001255035400391e+00,2.591613054275512695e+00,2.546492338180541992e+00,2.498559713363647461e+00,2.447733402252197266e+00,2.393931388854980469e+00,2.337070465087890625e+00,2.277065038681030273e+00,2.213830471038818359e+00,2.147278547286987305e+00,2.077321529388427734e+00,2.003870487213134766e+00,1.926834464073181152e+00,1.846121430397033691e+00,1.761639595031738281e+00,1.673293828964233398e+00,1.580989956855773926e+00,1.484631061553955078e+00,1.384119510650634766e+00,1.279357194900512695e+00,1.170244097709655762e+00,1.056679725646972656e+00,9.385603666305541992e-01,8.157843351364135742e-01,6.882463097572326660e-01,5.558414459228515625e-01,4.184617698192596436e-01,2.760006487369537354e-01,1.283474713563919067e-01,-2.460630983114242554e-02
2.365694046020507812e+00,2.407861948013305664e+00,2.448898315429687500e+00,2.488783359527587891e+00,2.527496337890625000e+00,2.565016508102416992e+00,2.601324081420898438e+00,2.636399507522583008e+00,2.670222759246826172e+00,2.702774763107299805e+00,2.734036207199096680e+00,2.763988733291625977e+00,2.792613029479980469e+00,2.819890260696411133e+00,2.845803737640380859e+00,2.870333671569824219e+00,2.893462896347045898e+00,2.915174245834350586e+00,2.935449361801147461e+00,2.954271554946899414e+00,2.971624612808227539e+00,2.987490177154541016e+00,3.001852989196777344e+00,3.014696598052978516e+00,3.026004552841186523e+00,3.035760641098022461e+00,3.043949842453002930e+00,3.050556659698486328e+00,3.055565357208251953e+00,3.058961391448974609e+00,3.060730218887329102e+00,3.060856342315673828e+00,3.059325933456420898e+00,3.056124925613403320e+00,3.051239728927612305e+00,3.044655323028564453e+00,3.036359548568725586e+00,3.026338815689086914e+00,3.014580249786376953e+00,3.001070022583007812e+00,2.985796213150024414e+00,2.968746185302734375e+00,2.949908733367919922e+00,2.929270267486572266e+00,2.906820058822631836e+00,2.882546424865722656e+00,2.856437683105468750e+00,2.828483581542968750e+00,2.798672437667846680e+00,2.766993284225463867e+00,2.733436822891235352e+00,2.697992086410522461e+00,2.660648822784423828e+00,2.621398210525512695e+00,2.580229282379150391e+00,2.537133693695068359e+00,2.492101907730102539e+00,2.445124864578247070e+00,2.396194458007812500e+00,2.345301628112792969e+00,2.292438268661499023e+00,2.237596035003662109e+00,2.180767536163330078e+00,2.121944904327392578e+00,2.061120986938476562e+00,1.998287916183471680e+00,1.933439731597900391e+00,1.866568446159362793e+00,1.797668695449829102e+00,1.726733207702636719e+00,1.653756618499755859e+00,1.578732132911682129e+00,1.501655101776123047e+00,1.422519087791442871e+00,1.341320037841796875e+00,1.258051633834838867e+00,1.172710299491882324e+00,1.085290074348449707e+00,9.957879781723022461e-01,9.041991233825683594e-01,8.105193376541137695e-01,7.147454619407653809e-01,6.168732643127441406e-01,5.169004201889038086e-01,4.148231744766235352e-01,3.106386959552764893e-01,2.043447047472000122e-01,9.593883156776428223e-02,-1.458210963755846024e-02,-1.272187680006027222e-01
3.112532138824462891e+00,3.126560449600219727e+00,3.140432119369506836e+00,3.154141426086425781e+00,3.167679071426391602e+00,3.181036949157714844e+00,3.194204092025756836e+00,3.207169532775878906e+00,3.219920158386230469e+00,3.232443332672119141e+00,3.244723320007324219e+00,3.256744146347045898e+00,3.268489837646484375e+00,3.279940605163574219e+00,3.291079044342041016e+00,3.301882982254028320e+00,3.312332153320312500e+00,3.322402954101562500e+00,3.332072496414184570e+00,3.341315269470214844e+00,3.350105524063110352e+00,3.358415842056274414e+00,3.366217613220214844e+00,3.373482227325439453e+00,3.380178928375244141e+00,3.386274814605712891e+00,3.391738891601562500e+00,3.396536111831665039e+00,3.400631666183471680e+00,3.403989076614379883e+00,3.406571626663208008e+00,3.408340930938720703e+00,3.409256935119628906e+00,3.409278869628906250e+00,3.408365011215209961e+00,3.406472682952880859e+00,3.403557777404785156e+00,3.399574756622314453e+00,3.394477844238281250e+00,3.388218879699707031e+00,3.380749702453613281e+00,3.372020483016967773e+00,3.361980676651000977e+00,3.350578308105468750e+00,3.337759494781494141e+00,3.323471307754516602e+00,3.307657241821289062e+00,3.290261268615722656e+00,3.271226406097412109e+00,3.250493049621582031e+00,3.228001594543457031e+00,3.203690528869628906e+00,3.177499294281005859e+00,3.149363517761230469e+00,3.119219064712524414e+00,3.087000370025634766e+00,3.052640676498413086e+00,3.016072988510131836e+00,2.977227449417114258e+00,2.936035394668579102e+00,2.892424106597900391e+00,2.846322298049926758e+00,2.797656774520874023e+00,2.746352195739746094e+00,2.692334175109863281e+00,2.635524749755859375e+00,2.575846672058105469e+00,2.513220548629760742e+00,2.447567224502563477e+00,2.378804206848144531e+00,2.306850194931030273e+00,2.231620788574218750e+00,2.153031826019287109e+00,2.070997238159179688e+00,1.985430955886840820e+00,1.896243691444396973e+00,1.803347349166870117e+00,1.706651210784912109e+00,1.606064438819885254e+00,1.501493573188781738e+00,1.392845749855041504e+00,1.280026316642761230e+00,1.162938237190246582e+00,1.041485786437988281e+00,9.155699610710144043e-01,7.850922942161560059e-01,6.499512195587158203e-01,5.100466609001159668e-01,3.652741611003875732e-01,2.155320048332214355e-01
3.104725122451782227e+00,3.116789102554321289e+00,3.128603696823120117e+00,3.140165090560913086e+00,3.151466846466064453e+00,3.162503957748413086e+00,3.173268795013427734e+00,3.183753490447998047e+00,3.193947792053222656e+00,3.203842401504516602e+00,3.213425874710083008e+00,3.222686290740966797e+00,3.231609821319580078e+00,3.240181922912597656e+00,3.248388767242431641e+00,3.256212472915649414e+00,3.263636589050292969e+00,3.270642518997192383e+00,3.277211427688598633e+00,3.283323049545288086e+00,3.288955211639404297e+00,3.294086456298828125e+00,3.298692941665649414e+00,3.302750349044799805e+00,3.306234359741210938e+00,3.309116601943969727e+00,3.311372041702270508e+00,3.312970399856567383e+00,3.313883304595947266e+00,3.314080715179443359e+00,3.313530206680297852e+00,3.312199831008911133e+00,3.310056686401367188e+00,3.307065963745117188e+00,3.303192138671875000e+00,3.298398733139038086e+00,3.292649030685424805e+00,3.285903215408325195e+00,3.278123617172241211e+00,3.269268274307250977e+00,3.259296417236328125e+00,3.248165845870971680e+00,3.235832929611206055e+00,3.222252845764160156e+00,3.207380056381225586e+00,3.191168546676635742e+00,3.173570632934570312e+00,3.154537677764892578e+00,3.134020090103149414e+00,3.111968040466308594e+00,3.088329553604125977e+00,3.063051462173461914e+00,3.036081790924072266e+00,3.007364034652709961e+00,2.976844072341918945e+00,2.944465398788452148e+00,2.910169601440429688e+00,2.873898506164550781e+00,2.835592269897460938e+00,2.795190572738647461e+00,2.752632141113281250e+00,2.707854032516479492e+00,2.660792350769042969e+00,2.611382722854614258e+00,2.559560060501098633e+00,2.505256652832031250e+00,2.448405981063842773e+00,2.388938665390014648e+00,2.326785802841186523e+00,2.261875629425048828e+00,2.194136857986450195e+00,2.123497009277343750e+00,2.049883127212524414e+00,1.973219633102416992e+00,1.893430948257446289e+00,1.810440063476562500e+00,1.724169969558715820e+00,1.634541869163513184e+00,1.541475653648376465e+00,1.444890499114990234e+00,1.344705104827880859e+00,1.240836858749389648e+00,1.133201122283935547e+00,1.021714329719543457e+00,9.062894582748413086e-01,7.868409156799316406e-01,6.632799506187438965e-01,5.355188250541687012e-01,4.034664034843444824e-01,2.670333385467529297e-01
3.145427465438842773e+00,3.165223598480224609e+00,3.184799194335937500e+00,3.204145908355712891e+00,3.223254919052124023e+00,3.242118597030639648e+00,3.260725259780883789e+00,3.279064416885375977e+00,3.297122716903686523e+00,3.314886808395385742e+00,3.332342147827148438e+00,3.349472045898437500e+00,3.366260290145874023e+00,3.382687568664550781e+00,3.398735284805297852e+00,3.414383172988891602e+00,3.429609298706054688e+00,3.444390773773193359e+00,3.458704471588134766e+00,3.472524881362915039e+00,3.485825538635253906e+00,3.498580694198608398e+00,3.510761022567749023e+00,3.522336721420288086e+00,3.533278465270996094e+00,3.543553113937377930e+00,3.553128957748413086e+00,3.561971426010131836e+00,3.570046424865722656e+00,3.577316999435424805e+00,3.583745956420898438e+00,3.589294910430908203e+00,3.593924522399902344e+00,3.597594499588012695e+00,3.600261688232421875e+00,3.601884841918945312e+00,3.602418661117553711e+00,3.601818799972534180e+00,3.600039005279541016e+00,3.597030878067016602e+00,3.592747449874877930e+00,3.587137460708618164e+00,3.580151796340942383e+00,3.571737527847290039e+00,3.561841964721679688e+00,3.550410509109497070e+00,3.537388801574707031e+00,3.522719621658325195e+00,3.506346464157104492e+00,3.488209724426269531e+00,3.468250274658203125e+00,3.446407079696655273e+00,3.422618389129638672e+00,3.396820068359375000e+00,3.368949651718139648e+00,3.338940382003784180e+00,3.306726455688476562e+00,3.272240161895751953e+00,3.235412597656250000e+00,3.196173667907714844e+00,3.154453039169311523e+00,3.110178947448730469e+00,3.063276767730712891e+00,3.013674020767211914e+00,2.961293697357177734e+00,2.906060218811035156e+00,2.847895145416259766e+00,2.786719799041748047e+00,2.722455263137817383e+00,2.655018806457519531e+00,2.584330320358276367e+00,2.510304450988769531e+00,2.432857751846313477e+00,2.351904869079589844e+00,2.267358541488647461e+00,2.179131507873535156e+00,2.087134838104248047e+00,1.991277813911437988e+00,1.891470074653625488e+00,1.787618756294250488e+00,1.679631352424621582e+00,1.567412734031677246e+00,1.450866460800170898e+00,1.329897403717041016e+00,1.204405903816223145e+00,1.074294686317443848e+00,9.394621849060058594e-01,7.998083829879760742e-01,6.552293896675109863e-01,5.056234598159790039e-01
-2.342891991138458252e-01,-1.196477860212326050e-01,-7.059346884489059448e-03,1.034254357218742371e-01,2.117574810981750488e-01,3.178892135620117188e-01,4.217747151851654053e-01,5.233693122863769531e-01,6.226300597190856934e-01,7.195156216621398926e-01,8.139860033988952637e-01,9.060027003288269043e-01,9.955290555953979492e-01,1.082529544830322266e+00,1.166970610618591309e+00,1.248819708824157715e+00,1.328046083450317383e+00,1.404620528221130371e+00,1.478515505790710449e+00,1.549704909324645996e+00,1.618163704872131348e+00,1.683869242668151855e+00,1.746799707412719727e+00,1.806934595108032227e+00,1.864256143569946289e+00,1.918746948242187500e+00,1.970391392707824707e+00,2.019176006317138672e+00,2.065088272094726562e+00,2.108116149902343750e+00,2.148252248764038086e+00,2.185487270355224609e+00,2.219815731048583984e+00,2.251231670379638672e+00,2.279732942581176758e+00,2.305317640304565430e+00,2.327985048294067383e+00,2.347737073898315430e+00,2.364576578140258789e+00,2.378507375717163086e+00,2.389535903930664062e+00,2.397669076919555664e+00,2.402916431427001953e+00,2.405288219451904297e+00,2.404796361923217773e+00,2.401454210281372070e+00,2.395277261734008789e+00,2.386282205581665039e+00,2.374486684799194336e+00,2.359910488128662109e+00,2.342575788497924805e+00,2.322503566741943359e+00,2.299719095230102539e+00,2.274247884750366211e+00,2.246117830276489258e+00,2.215356826782226562e+00,2.181995630264282227e+00,2.146066188812255859e+00,2.107601404190063477e+00,2.066637516021728516e+00,2.023209571838378906e+00,1.977356314659118652e+00,1.929117083549499512e+00,1.878532528877258301e+00,1.825646758079528809e+00,1.770500898361206055e+00,1.713143944740295410e+00,1.653620481491088867e+00,1.591980934143066406e+00,1.528273940086364746e+00,1.462553143501281738e+00,1.394869923591613770e+00,1.325279951095581055e+00,1.253839850425720215e+00,1.180607080459594727e+00,1.105640172958374023e+00,1.029002785682678223e+00,9.507539868354797363e-01,8.709592819213867188e-01,7.896852493286132812e-01,7.069968581199645996e-01,6.229637265205383301e-01,5.376551747322082520e-01,4.511441588401794434e-01,3.635027110576629639e-01,2.748054265975952148e-01,1.851296275854110718e-01,9.455211460590362549e-02,3.151438664644956589e-03,-8.898995816707611084e-02
1.974218130111694336e+00,1.997340321540832520e+00,2.020214319229125977e+00,2.042828083038330078e+00,2.065169334411621094e+00,2.087225437164306641e+00,2.108983278274536133e+00,2.130428314208984375e+00,2.151545286178588867e+00,2.172319412231445312e+00,2.192733526229858398e+00,2.212771654129028320e+00,2.232415676116943359e+00,2.251646995544433594e+00,2.270447015762329102e+00,2.288795471191406250e+00,2.306672811508178711e+00,2.324056863784790039e+00,2.340926408767700195e+00,2.357259035110473633e+00,2.373031139373779297e+00,2.388218879699707031e+00,2.402798175811767578e+00,2.416742801666259766e+00,2.430027961730957031e+00,2.442625522613525391e+00,2.454509496688842773e+00,2.465650558471679688e+00,2.476020812988281250e+00,2.485590219497680664e+00,2.494329214096069336e+00,2.502206802368164062e+00,2.509191036224365234e+00,2.515249967575073242e+00,2.520350456237792969e+00,2.524459123611450195e+00,2.527540922164916992e+00,2.529561996459960938e+00,2.530485868453979492e+00,2.530275821685791016e+00,2.528896093368530273e+00,2.526306867599487305e+00,2.522471427917480469e+00,2.517349720001220703e+00,2.510901689529418945e+00,2.503087282180786133e+00,2.493865013122558594e+00,2.483192443847656250e+00,2.471028089523315430e+00,2.457327365875244141e+00,2.442046403884887695e+00,2.425141096115112305e+00,2.406565427780151367e+00,2.386273145675659180e+00,2.364217758178710938e+00,2.340351581573486328e+00,2.314626216888427734e+00,2.286993503570556641e+00,2.257402658462524414e+00,2.225804090499877930e+00,2.192146778106689453e+00,2.156378269195556641e+00,2.118447303771972656e+00,2.078299760818481445e+00,2.035882711410522461e+00,1.991140723228454590e+00,1.944019556045532227e+00,1.894462466239929199e+00,1.842413544654846191e+00,1.787815093994140625e+00,1.730609536170959473e+00,1.670737743377685547e+00,1.608140587806701660e+00,1.542758107185363770e+00,1.474529504776000977e+00,1.403392910957336426e+00,1.329286932945251465e+00,1.252148270606994629e+00,1.171913385391235352e+00,1.088518142700195312e+00,1.001897692680358887e+00,9.119867086410522461e-01,8.187177181243896484e-01,7.220250964164733887e-01,6.218401789665222168e-01,5.180953741073608398e-01,4.107206165790557861e-01,2.996472418308258057e-01,1.848035305738449097e-01,6.611952930688858032e-02
2.524764776229858398e+00,2.540720939636230469e+00,2.556262493133544922e+00,2.571381568908691406e+00,2.586070299148559570e+00,2.600320339202880859e+00,2.614121675491333008e+00,2.627464771270751953e+00,2.640338659286499023e+00,2.652732372283935547e+00,2.664633274078369141e+00,2.676028728485107422e+00,2.686906099319458008e+00,2.697250604629516602e+00,2.707047224044799805e+00,2.716281414031982422e+00,2.724936723709106445e+00,2.732996463775634766e+00,2.740442991256713867e+00,2.747257947921752930e+00,2.753422975540161133e+00,2.758919000625610352e+00,2.763725519180297852e+00,2.767821788787841797e+00,2.771186590194702148e+00,2.773796796798706055e+00,2.775630950927734375e+00,2.776664733886718750e+00,2.776874303817749023e+00,2.776234626770019531e+00,2.774720907211303711e+00,2.772305727005004883e+00,2.768963575363159180e+00,2.764666080474853516e+00,2.759385824203491211e+00,2.753092765808105469e+00,2.745758771896362305e+00,2.737352848052978516e+00,2.727844238281250000e+00,2.717201232910156250e+00,2.705391883850097656e+00,2.692383527755737305e+00,2.678142547607421875e+00,2.662634134292602539e+00,2.645823717117309570e+00,2.627676010131835938e+00,2.608154296875000000e+00,2.587222814559936523e+00,2.564842224121093750e+00,2.540975570678710938e+00,2.515583038330078125e+00,2.488626241683959961e+00,2.460063457489013672e+00,2.429854869842529297e+00,2.397958517074584961e+00,2.364331722259521484e+00,2.328932285308837891e+00,2.291715383529663086e+00,2.252638339996337891e+00,2.211655139923095703e+00,2.168720245361328125e+00,2.123787164688110352e+00,2.076809406280517578e+00,2.027738809585571289e+00,1.976527333259582520e+00,1.923126220703125000e+00,1.867485404014587402e+00,1.809553980827331543e+00,1.749282240867614746e+00,1.686617493629455566e+00,1.621508002281188965e+00,1.553899884223937988e+00,1.483740687370300293e+00,1.410974740982055664e+00,1.335547924041748047e+00,1.257403731346130371e+00,1.176486372947692871e+00,1.092738628387451172e+00,1.006102561950683594e+00,9.165201783180236816e-01,8.239318132400512695e-01,7.282783985137939453e-01,6.294984817504882812e-01,5.275319814682006836e-01,4.223165512084960938e-01,3.137901425361633301e-01,2.018890976905822754e-01,8.655042946338653564e-02,-3.229154646396636963e-02,-1.547005474567413330e-01
2.774785518646240234e+00,2.814431667327880859e+00,2.853731393814086914e+00,2.892656564712524414e+00,2.931177139282226562e+00,2.969263076782226562e+00,3.006882429122924805e+00,3.044003963470458984e+00,3.080594301223754883e+00,3.116619825363159180e+00,3.152047157287597656e+00,3.186839818954467773e+00,3.220963239669799805e+00,3.254379749298095703e+00,3.287052869796752930e+00,3.318943500518798828e+00,3.350013017654418945e+00,3.380222082138061523e+00,3.409529924392700195e+00,3.437896013259887695e+00,3.465277194976806641e+00,3.491630792617797852e+00,3.516914367675781250e+00,3.541083097457885742e+00,3.564090967178344727e+00,3.585893630981445312e+00,3.606442928314208984e+00,3.625692605972290039e+00,3.643594264984130859e+00,3.660098791122436523e+00,3.675156593322753906e+00,3.688717842102050781e+00,3.700730085372924805e+00,3.711141347885131836e+00,3.719900608062744141e+00,3.726952791213989258e+00,3.732244014739990234e+00,3.735718488693237305e+00,3.737322092056274414e+00,3.736996173858642578e+00,3.734684944152832031e+00,3.730329513549804688e+00,3.723871231079101562e+00,3.715250730514526367e+00,3.704406738281250000e+00,3.691278457641601562e+00,3.675804376602172852e+00,3.657921075820922852e+00,3.637565135955810547e+00,3.614672422409057617e+00,3.589178085327148438e+00,3.561016082763671875e+00,3.530119180679321289e+00,3.496420860290527344e+00,3.459853410720825195e+00,3.420346736907958984e+00,3.377831935882568359e+00,3.332238197326660156e+00,3.283494472503662109e+00,3.231529235839843750e+00,3.176269054412841797e+00,3.117640495300292969e+00,3.055570363998413086e+00,2.989981889724731445e+00,2.920800685882568359e+00,2.847948789596557617e+00,2.771350622177124023e+00,2.690926551818847656e+00,2.606598377227783203e+00,2.518286228179931641e+00,2.425910472869873047e+00,2.329388141632080078e+00,2.228639125823974609e+00,2.123579978942871094e+00,2.014127016067504883e+00,1.900195717811584473e+00,1.781702280044555664e+00,1.658559441566467285e+00,1.530681729316711426e+00,1.397981286048889160e+00,1.260370016098022461e+00,1.117759466171264648e+00,9.700590968132019043e-01,8.171796798706054688e-01,6.590287685394287109e-01,4.955159127712249756e-01,3.265466988086700439e-01,1.520294696092605591e-01,-2.813219465315341949e-02,-2.140310704708099365e-01
2.431541681289672852e+00,2.482948303222656250e+00,2.533091545104980469e+00,2.581948995590209961e+00,2.629498481750488281e+00,2.675716400146484375e+00,2.720580339431762695e+00,2.764068841934204102e+00,2.806159019470214844e+00,2.846830129623413086e+00,2.886060714721679688e+00,2.923829793930053711e+00,2.960115909576416016e+00,2.994898796081542969e+00,3.028158187866210938e+00,3.059874296188354492e+00,3.090026617050170898e+00,3.118597030639648438e+00,3.145565509796142578e+00,3.170912742614746094e+00,3.194621086120605469e+00,3.216671228408813477e+00,3.237046003341674805e+00,3.255726099014282227e+00,3.272695541381835938e+00,3.287935972213745117e+00,3.301430702209472656e+00,3.313162803649902344e+00,3.323116064071655273e+00,3.331273794174194336e+00,3.337620735168457031e+00,3.342140436172485352e+00,3.344817876815795898e+00,3.345637559890747070e+00,3.344584941864013672e+00,3.341645002365112305e+00,3.336803674697875977e+00,3.330046892166137695e+00,3.321360826492309570e+00,3.310731649398803711e+00,3.298146963119506836e+00,3.283592224121093750e+00,3.267055988311767578e+00,3.248525381088256836e+00,3.227987527847290039e+00,3.205431938171386719e+00,3.180845499038696289e+00,3.154217720031738281e+00,3.125536918640136719e+00,3.094792842864990234e+00,3.061974287033081055e+00,3.027071237564086914e+00,2.990073442459106445e+00,2.950971364974975586e+00,2.909755706787109375e+00,2.866415977478027344e+00,2.820945024490356445e+00,2.773332595825195312e+00,2.723570585250854492e+00,2.671651840209960938e+00,2.617567062377929688e+00,2.561309576034545898e+00,2.502871751785278320e+00,2.442245960235595703e+00,2.379426240921020508e+00,2.314405441284179688e+00,2.247177600860595703e+00,2.177735805511474609e+00,2.106076002120971680e+00,2.032191038131713867e+00,1.956076860427856445e+00,1.877727031707763672e+00,1.797139048576354980e+00,1.714306831359863281e+00,1.629226922988891602e+00,1.541894555091857910e+00,1.452308177947998047e+00,1.360461711883544922e+00,1.266353964805603027e+00,1.169982075691223145e+00,1.071342587471008301e+00,9.704341888427734375e-01,8.672537207603454590e-01,7.618006467819213867e-01,6.540729999542236328e-01,5.440694093704223633e-01,4.317892491817474365e-01,3.172321617603302002e-01,2.003966420888900757e-01,8.128400146961212158e-02
-7.975832559168338776e-03,8.866878598928451538e-02,1.838421523571014404e-01,2.775045633316040039e-01,3.696171939373016357e-01,4.601418673992156982e-01,5.490412116050720215e-01,6.362785100936889648e-01,7.218179106712341309e-01,8.056243062019348145e-01,8.876632452011108398e-01,9.679009914398193359e-01,1.046304821968078613e+00,1.122842431068420410e+00,1.197482347488403320e+00,1.270193934440612793e+00,1.340947270393371582e+00,1.409713387489318848e+00,1.476463437080383301e+00,1.541170001029968262e+00,1.603806257247924805e+00,1.664345860481262207e+00,1.722763061523437500e+00,1.779033660888671875e+00,1.833133578300476074e+00,1.885039448738098145e+00,1.934728622436523438e+00,1.982180118560791016e+00,2.027372360229492188e+00,2.070285320281982422e+00,2.110899209976196289e+00,2.149196147918701172e+00,2.185157060623168945e+00,2.218765497207641602e+00,2.250004768371582031e+00,2.278858900070190430e+00,2.305313110351562500e+00,2.329353332519531250e+00,2.350965976715087891e+00,2.370137691497802734e+00,2.386857509613037109e+00,2.401113748550415039e+00,2.412895679473876953e+00,2.422193288803100586e+00,2.428998231887817383e+00,2.433301687240600586e+00,2.435096502304077148e+00,2.434376239776611328e+00,2.431133985519409180e+00,2.425364494323730469e+00,2.417064428329467773e+00,2.406228780746459961e+00,2.392854928970336914e+00,2.376940727233886719e+00,2.358484983444213867e+00,2.337485551834106445e+00,2.313943624496459961e+00,2.287859678268432617e+00,2.259234666824340820e+00,2.228070974349975586e+00,2.194372415542602539e+00,2.158141374588012695e+00,2.119382858276367188e+00,2.078101634979248047e+00,2.034304857254028320e+00,1.987997412681579590e+00,1.939188599586486816e+00,1.887884497642517090e+00,1.834096074104309082e+00,1.777831435203552246e+00,1.719102382659912109e+00,1.657918453216552734e+00,1.594292521476745605e+00,1.528237462043762207e+00,1.459766030311584473e+00,1.388892054557800293e+00,1.315632462501525879e+00,1.240000247955322266e+00,1.162013173103332520e+00,1.081688642501831055e+00,9.990435838699340820e-01,9.140973687171936035e-01,8.268681764602661133e-01,7.373779416084289551e-01,6.456463336944580078e-01,5.516950488090515137e-01,4.555468261241912842e-01,3.572246134281158447e-01,2.567514479160308838e-01,1.541534513235092163e-01
2.509199857711791992e+00,2.532500505447387695e+00,2.555260896682739258e+00,2.577471256256103516e+00,2.599120378494262695e+00,2.620196819305419922e+00,2.640687942504882812e+00,2.660581827163696289e+00,2.679864168167114258e+00,2.698521137237548828e+00,2.716538190841674805e+00,2.733899831771850586e+00,2.750589847564697266e+00,2.766591787338256836e+00,2.781888484954833984e+00,2.796461343765258789e+00,2.810292482376098633e+00,2.823362588882446289e+00,2.835651636123657227e+00,2.847139596939086914e+00,2.857805013656616211e+00,2.867625236511230469e+00,2.876579523086547852e+00,2.884644269943237305e+00,2.891795158386230469e+00,2.898009061813354492e+00,2.903259992599487305e+00,2.907521963119506836e+00,2.910771131515502930e+00,2.912977933883666992e+00,2.914116382598876953e+00,2.914158105850219727e+00,2.913074254989624023e+00,2.910835266113281250e+00,2.907411813735961914e+00,2.902772188186645508e+00,2.896885633468627930e+00,2.889720201492309570e+00,2.881243944168090820e+00,2.871422052383422852e+00,2.860222578048706055e+00,2.847609758377075195e+00,2.833549261093139648e+00,2.818004131317138672e+00,2.800938844680786133e+00,2.782316684722900391e+00,2.762099504470825195e+00,2.740248918533325195e+00,2.716726303100585938e+00,2.691491365432739258e+00,2.664505481719970703e+00,2.635726213455200195e+00,2.605112314224243164e+00,2.572622299194335938e+00,2.538213253021240234e+00,2.501841306686401367e+00,2.463462829589843750e+00,2.423032999038696289e+00,2.380506515502929688e+00,2.335837841033935547e+00,2.288979291915893555e+00,2.239885091781616211e+00,2.188506364822387695e+00,2.134794712066650391e+00,2.078701496124267578e+00,2.020176649093627930e+00,1.959169864654541016e+00,1.895629644393920898e+00,1.829505205154418945e+00,1.760743379592895508e+00,1.689292073249816895e+00,1.615096449851989746e+00,1.538103580474853516e+00,1.458257913589477539e+00,1.375504255294799805e+00,1.289785861968994141e+00,1.201046943664550781e+00,1.109229326248168945e+00,1.014275431632995605e+00,9.161260724067687988e-01,8.147225975990295410e-01,7.100045084953308105e-01,6.019110679626464844e-01,4.903817772865295410e-01,3.753541111946105957e-01,2.567660510540008545e-01,1.345539540052413940e-01,8.654776029288768768e-03,-1.209970191121101379e-01,-2.544652521610260010e-01
3.109512090682983398e+00,3.159034490585327148e+00,3.208313465118408203e+00,3.257304906845092773e+00,3.305963754653930664e+00,3.354243278503417969e+00,3.402096986770629883e+00,3.449477910995483398e+00,3.496337175369262695e+00,3.542626857757568359e+00,3.588296651840209961e+00,3.633298397064208984e+00,3.677580118179321289e+00,3.721089363098144531e+00,3.763777256011962891e+00,3.805587530136108398e+00,3.846469402313232422e+00,3.886368036270141602e+00,3.925228595733642578e+00,3.962995529174804688e+00,3.999614238739013672e+00,4.035027027130126953e+00,4.069175720214843750e+00,4.102005004882812500e+00,4.133453845977783203e+00,4.163463115692138672e+00,4.191974639892578125e+00,4.218925952911376953e+00,4.244256019592285156e+00,4.267904758453369141e+00,4.289807319641113281e+00,4.309901714324951172e+00,4.328123092651367188e+00,4.344408512115478516e+00,4.358690738677978516e+00,4.370904922485351562e+00,4.380984783172607422e+00,4.388862133026123047e+00,4.394470214843750000e+00,4.397739410400390625e+00,4.398602008819580078e+00,4.396986484527587891e+00,4.392823696136474609e+00,4.386040210723876953e+00,4.376565933227539062e+00,4.364328384399414062e+00,4.349254608154296875e+00,4.331270217895507812e+00,4.310300827026367188e+00,4.286270141601562500e+00,4.259103775024414062e+00,4.228725910186767578e+00,4.195057392120361328e+00,4.158021450042724609e+00,4.117538928985595703e+00,4.073532104492187500e+00,4.025920391082763672e+00,3.974622726440429688e+00,3.919558525085449219e+00,3.860646963119506836e+00,3.797803640365600586e+00,3.730946540832519531e+00,3.659992218017578125e+00,3.584854841232299805e+00,3.505451679229736328e+00,3.421694278717041016e+00,3.333498716354370117e+00,3.240775823593139648e+00,3.143439292907714844e+00,3.041399717330932617e+00,2.934569120407104492e+00,2.822855949401855469e+00,2.706172466278076172e+00,2.584424972534179688e+00,2.457524061203002930e+00,2.325375080108642578e+00,2.187887430191040039e+00,2.044965028762817383e+00,1.896515250205993652e+00,1.742442369461059570e+00,1.582650899887084961e+00,1.417044639587402344e+00,1.245525479316711426e+00,1.067997217178344727e+00,8.843603730201721191e-01,6.945171356201171875e-01,4.983665943145751953e-01,2.958098649978637695e-01,8.674378693103790283e-02,-1.289308220148086548e-01
2.528385400772094727e+00,2.571673154830932617e+00,2.613888025283813477e+00,2.655009031295776367e+00,2.695015668869018555e+00,2.733886241912841797e+00,2.771600246429443359e+00,2.808135986328125000e+00,2.843473196029663086e+00,2.877590656280517578e+00,2.910467624664306641e+00,2.942082643508911133e+00,2.972415685653686523e+00,3.001445293426513672e+00,3.029151439666748047e+00,3.055512905120849609e+00,3.080509424209594727e+00,3.104119777679443359e+00,3.126323938369750977e+00,3.147101640701293945e+00,3.166432142257690430e+00,3.184294700622558594e+00,3.200669527053833008e+00,3.215535640716552734e+00,3.228873491287231445e+00,3.240662336349487305e+00,3.250882148742675781e+00,3.259513139724731445e+00,3.266534090042114258e+00,3.271925449371337891e+00,3.275667905807495117e+00,3.277740716934204102e+00,3.278124332427978516e+00,3.276798248291015625e+00,3.273743391036987305e+00,3.268939733505249023e+00,3.262367248535156250e+00,3.254005908966064453e+00,3.243836641311645508e+00,3.231839895248413086e+00,3.217995882034301758e+00,3.202284336090087891e+00,3.184686422348022461e+00,3.165183067321777344e+00,3.143754005432128906e+00,3.120380640029907227e+00,3.095043182373046875e+00,3.067722558975219727e+00,3.038398742675781250e+00,3.007053136825561523e+00,2.973667383193969727e+00,2.938221216201782227e+00,2.900695562362670898e+00,2.861072301864624023e+00,2.819331407546997070e+00,2.775454521179199219e+00,2.729422807693481445e+00,2.681216716766357422e+00,2.630818367004394531e+00,2.578208684921264648e+00,2.523368835449218750e+00,2.466279506683349609e+00,2.406923532485961914e+00,2.345280408859252930e+00,2.281333446502685547e+00,2.215062141418457031e+00,2.146450281143188477e+00,2.075477838516235352e+00,2.002127170562744141e+00,1.926379442214965820e+00,1.848216772079467773e+00,1.767620086669921875e+00,1.684572100639343262e+00,1.599054574966430664e+00,1.511049151420593262e+00,1.420537352561950684e+00,1.327502250671386719e+00,1.231924295425415039e+00,1.133786678314208984e+00,1.033071517944335938e+00,9.297603368759155273e-01,8.238357305526733398e-01,7.152791619300842285e-01,6.040741801261901855e-01,4.902021288871765137e-01,3.736456334590911865e-01,2.543870508670806885e-01,1.324092596769332886e-01,7.693551480770111084e-03,-1.197760775685310364e-01
3.454947948455810547e+00,3.480563640594482422e+00,3.505066633224487305e+00,3.528449773788452148e+00,3.550701856613159180e+00,3.571815967559814453e+00,3.591781377792358398e+00,3.610589981079101562e+00,3.628232717514038086e+00,3.644700050354003906e+00,3.659982204437255859e+00,3.674068927764892578e+00,3.686952352523803711e+00,3.698621034622192383e+00,3.709065675735473633e+00,3.718275547027587891e+00,3.726240634918212891e+00,3.732951164245605469e+00,3.738395690917968750e+00,3.742563486099243164e+00,3.745443820953369141e+00,3.747026443481445312e+00,3.747300148010253906e+00,3.746253728866577148e+00,3.743875026702880859e+00,3.740153074264526367e+00,3.735076427459716797e+00,3.728633642196655273e+00,3.720812082290649414e+00,3.711600303649902344e+00,3.700985908508300781e+00,3.688957214355468750e+00,3.675500869750976562e+00,3.660605430603027344e+00,3.644257307052612305e+00,3.626444101333618164e+00,3.607152938842773438e+00,3.586370944976806641e+00,3.564085245132446289e+00,3.540281534194946289e+00,3.514947175979614258e+00,3.488068103790283203e+00,3.459630966186523438e+00,3.429621696472167969e+00,3.398026943206787109e+00,3.364831686019897461e+00,3.330022096633911133e+00,3.293584585189819336e+00,3.255503654479980469e+00,3.215764999389648438e+00,3.174353837966918945e+00,3.131255388259887695e+00,3.086454868316650391e+00,3.039936780929565430e+00,2.991686105728149414e+00,2.941686630249023438e+00,2.889924287796020508e+00,2.836382150650024414e+00,2.781044960021972656e+00,2.723896980285644531e+00,2.664921760559082031e+00,2.604103088378906250e+00,2.541425228118896484e+00,2.476871013641357422e+00,2.410424232482910156e+00,2.342067718505859375e+00,2.271785497665405273e+00,2.199559450149536133e+00,2.125373840332031250e+00,2.049210071563720703e+00,1.971052289009094238e+00,1.890881299972534180e+00,1.808680653572082520e+00,1.724432110786437988e+00,1.638117909431457520e+00,1.549719691276550293e+00,1.459220290184020996e+00,1.366600036621093750e+00,1.271841764450073242e+00,1.174926042556762695e+00,1.075834751129150391e+00,9.745488762855529785e-01,8.710486888885498047e-01,7.653166651725769043e-01,6.573324203491210938e-01,5.470769405364990234e-01,4.345309436321258545e-01,3.196748495101928711e-01,2.024881541728973389e-01,8.295224606990814209e-02
2.621334314346313477e+00,2.633554220199584961e+00,2.645426750183105469e+00,2.656946897506713867e+00,2.668107986450195312e+00,2.678903579711914062e+00,2.689325809478759766e+00,2.699365854263305664e+00,2.709014892578125000e+00,2.718263149261474609e+00,2.727100610733032227e+00,2.735515594482421875e+00,2.743496894836425781e+00,2.751031398773193359e+00,2.758106470108032227e+00,2.764708518981933594e+00,2.770822048187255859e+00,2.776432991027832031e+00,2.781525135040283203e+00,2.786082029342651367e+00,2.790085792541503906e+00,2.793519735336303711e+00,2.796364068984985352e+00,2.798600673675537109e+00,2.800209283828735352e+00,2.801169157028198242e+00,2.801459312438964844e+00,2.801056861877441406e+00,2.799940586090087891e+00,2.798086166381835938e+00,2.795470714569091797e+00,2.792068004608154297e+00,2.787853956222534180e+00,2.782802104949951172e+00,2.776885986328125000e+00,2.770078420639038086e+00,2.762350320816040039e+00,2.753674268722534180e+00,2.744020462036132812e+00,2.733358144760131836e+00,2.721657514572143555e+00,2.708886861801147461e+00,2.695013523101806641e+00,2.680005788803100586e+00,2.663829326629638672e+00,2.646450281143188477e+00,2.627834081649780273e+00,2.607944726943969727e+00,2.586746454238891602e+00,2.564202308654785156e+00,2.540275096893310547e+00,2.514925718307495117e+00,2.488116025924682617e+00,2.459806203842163086e+00,2.429956436157226562e+00,2.398525714874267578e+00,2.365471601486206055e+00,2.330752849578857422e+00,2.294326066970825195e+00,2.256147861480712891e+00,2.216173410415649414e+00,2.174358606338500977e+00,2.130656957626342773e+00,2.085022449493408203e+00,2.037408351898193359e+00,1.987766504287719727e+00,1.936048984527587891e+00,1.882206201553344727e+00,1.826189160346984863e+00,1.767946958541870117e+00,1.707428812980651855e+00,1.644582629203796387e+00,1.579356074333190918e+00,1.511696219444274902e+00,1.441549181938171387e+00,1.368860602378845215e+00,1.293575286865234375e+00,1.215637207031250000e+00,1.134990334510803223e+00,1.051576972007751465e+00,9.653395414352416992e-01,8.762198090553283691e-01,7.841576933860778809e-01,6.890943646430969238e-01,5.909683704376220703e-01,4.897192418575286865e-01,3.852843642234802246e-01,2.776019871234893799e-01,1.666075736284255981e-01,5.223853886127471924e-02
3.268676519393920898e+00,3.277682065963745117e+00,3.285966396331787109e+00,3.293520212173461914e+00,3.300335168838500977e+00,3.306403160095214844e+00,3.311714410781860352e+00,3.316259860992431641e+00,3.320028543472290039e+00,3.323011875152587891e+00,3.325198888778686523e+00,3.326578617095947266e+00,3.327140569686889648e+00,3.326873064041137695e+00,3.325764417648315430e+00,3.323802471160888672e+00,3.320975780487060547e+00,3.317271471023559570e+00,3.312675476074218750e+00,3.307176351547241211e+00,3.300759792327880859e+00,3.293411016464233398e+00,3.285117387771606445e+00,3.275862932205200195e+00,3.265634059906005859e+00,3.254415512084960938e+00,3.242191076278686523e+00,3.228946208953857422e+00,3.214663028717041016e+00,3.199327230453491211e+00,3.182920694351196289e+00,3.165426731109619141e+00,3.146828413009643555e+00,3.127107620239257812e+00,3.106246948242187500e+00,3.084227323532104492e+00,3.061030864715576172e+00,3.036638498306274414e+00,3.011031150817871094e+00,2.984188318252563477e+00,2.956091403961181641e+00,2.926719665527343750e+00,2.896052598953247070e+00,2.864069938659667969e+00,2.830749511718750000e+00,2.796071052551269531e+00,2.760011911392211914e+00,2.722550630569458008e+00,2.683665275573730469e+00,2.643331289291381836e+00,2.601527929306030273e+00,2.558229923248291016e+00,2.513415575027465820e+00,2.467059135437011719e+00,2.419137716293334961e+00,2.369625568389892578e+00,2.318498849868774414e+00,2.265731811523437500e+00,2.211298942565917969e+00,2.155174732208251953e+00,2.097332477569580078e+00,2.037745714187622070e+00,1.976388812065124512e+00,1.913233041763305664e+00,1.848252415657043457e+00,1.781417608261108398e+00,1.712702274322509766e+00,1.642076969146728516e+00,1.569513320922851562e+00,1.494982361793518066e+00,1.418455004692077637e+00,1.339900851249694824e+00,1.259290814399719238e+00,1.176594614982604980e+00,1.091781139373779297e+00,1.004819393157958984e+00,9.156790971755981445e-01,8.243278264999389648e-01,7.307342290878295898e-01,6.348661780357360840e-01,5.366910696029663086e-01,4.361761510372161865e-01,3.332877755165100098e-01,2.279936969280242920e-01,1.202592477202415466e-01,1.005079224705696106e-02,-1.026661545038223267e-01,-2.179259508848190308e-01,-3.357643783092498779e-01,-4.562157094478607178e-01
-1.096356272697448730e+00,-9.488585591316223145e-01,-8.038246035575866699e-01,-6.613284945487976074e-01,-5.214429497718811035e-01,-3.842379450798034668e-01,-2.497819960117340088e-01,-1.181407421827316284e-01,1.062168926000595093e-02,1.364437937736511230e-01,2.592658102512359619e-01,3.790304958820343018e-01,4.956823289394378662e-01,6.091682910919189453e-01,7.194373011589050293e-01,8.264405131340026855e-01,9.301311969757080078e-01,1.030464649200439453e+00,1.127398490905761719e+00,1.220892310142517090e+00,1.310908079147338867e+00,1.397409558296203613e+00,1.480363130569458008e+00,1.559736609458923340e+00,1.635501027107238770e+00,1.707627773284912109e+00,1.776092529296875000e+00,1.840871810913085938e+00,1.901944637298583984e+00,1.959291219711303711e+00,2.012896299362182617e+00,2.062743902206420898e+00,2.108822107315063477e+00,2.151120424270629883e+00,2.189630270004272461e+00,2.224346399307250977e+00,2.255264043807983398e+00,2.282381534576416016e+00,2.305699825286865234e+00,2.325220584869384766e+00,2.340949058532714844e+00,2.352891445159912109e+00,2.361056804656982422e+00,2.365456342697143555e+00,2.366102933883666992e+00,2.363012075424194336e+00,2.356200456619262695e+00,2.345689535140991211e+00,2.331499099731445312e+00,2.313653469085693359e+00,2.292180299758911133e+00,2.267105102539062500e+00,2.238459587097167969e+00,2.206275939941406250e+00,2.170589208602905273e+00,2.131434679031372070e+00,2.088853120803833008e+00,2.042883634567260742e+00,1.993570566177368164e+00,1.940958857536315918e+00,1.885095834732055664e+00,1.826030850410461426e+00,1.763816356658935547e+00,1.698504447937011719e+00,1.630153656005859375e+00,1.558818340301513672e+00,1.484563112258911133e+00,1.407446861267089844e+00,1.327536463737487793e+00,1.244896292686462402e+00,1.159597754478454590e+00,1.071709036827087402e+00,9.813049435615539551e-01,8.884605169296264648e-01,7.932526469230651855e-01,6.957605481147766113e-01,5.960679650306701660e-01,4.942552149295806885e-01,3.904105722904205322e-01,2.846222817897796631e-01,1.769790351390838623e-01,6.757390499114990234e-02,-4.349963366985321045e-02,-1.561429798603057861e-01,-2.702586650848388672e-01,-3.857464194297790527e-01,-5.025013685226440430e-01,-6.204197406768798828e-01,-7.393949627876281738e-01,-8.593156933784484863e-01
2.029991388320922852e+00,2.086288690567016602e+00,2.141243696212768555e+00,2.194833517074584961e+00,2.247033834457397461e+00,2.297821760177612305e+00,2.347174406051635742e+00,2.395069122314453125e+00,2.441483736038208008e+00,2.486396789550781250e+00,2.529787778854370117e+00,2.571634769439697266e+00,2.611917972564697266e+00,2.650617361068725586e+00,2.687713384628295898e+00,2.723187446594238281e+00,2.757020711898803711e+00,2.789194583892822266e+00,2.819691658020019531e+00,2.848494768142700195e+00,2.875586748123168945e+00,2.900950431823730469e+00,2.924571037292480469e+00,2.946432590484619141e+00,2.966518878936767578e+00,2.984816312789916992e+00,3.001309871673583984e+00,3.015985965728759766e+00,3.028830766677856445e+00,3.039831399917602539e+00,3.048975467681884766e+00,3.056249856948852539e+00,3.061643362045288086e+00,3.065145015716552734e+00,3.066743612289428711e+00,3.066428184509277344e+00,3.064189195632934570e+00,3.060016393661499023e+00,3.053901195526123047e+00,3.045834064483642578e+00,3.035807371139526367e+00,3.023812294006347656e+00,3.009842395782470703e+00,2.993889570236206055e+00,2.975947856903076172e+00,2.956010580062866211e+00,2.934071540832519531e+00,2.910126686096191406e+00,2.884170055389404297e+00,2.856196880340576172e+00,2.826203346252441406e+00,2.794186115264892578e+00,2.760141372680664062e+00,2.724066734313964844e+00,2.685959577560424805e+00,2.645817756652832031e+00,2.603640079498291016e+00,2.559424877166748047e+00,2.513172149658203125e+00,2.464881181716918945e+00,2.414551973342895508e+00,2.362185716629028320e+00,2.307782888412475586e+00,2.251344919204711914e+00,2.192873716354370117e+00,2.132371425628662109e+00,2.069841384887695312e+00,2.005285739898681641e+00,1.938709735870361328e+00,1.870114803314208984e+00,1.799508213996887207e+00,1.726892471313476562e+00,1.652274131774902344e+00,1.575658440589904785e+00,1.497051835060119629e+00,1.416459918022155762e+00,1.333891391754150391e+00,1.249352097511291504e+00,1.162850499153137207e+00,1.074394822120666504e+00,9.839939475059509277e-01,8.916565775871276855e-01,7.973920106887817383e-01,7.012111544609069824e-01,6.031236052513122559e-01,5.031403899192810059e-01,4.012731015682220459e-01,2.975331544876098633e-01,1.919318437576293945e-01,8.448325842618942261e-02
3.567473888397216797e+00,3.597337961196899414e+00,3.625692605972290039e+00,3.652530431747436523e+00,3.677844762802124023e+00,3.701628446578979492e+00,3.723875761032104492e+00,3.744580507278442383e+00,3.763737440109252930e+00,3.781340837478637695e+00,3.797386169433593750e+00,3.811867713928222656e+00,3.824782371520996094e+00,3.836125135421752930e+00,3.845892667770385742e+00,3.854081153869628906e+00,3.860687255859375000e+00,3.865708351135253906e+00,3.869141101837158203e+00,3.870983839035034180e+00,3.871234655380249023e+00,3.869890928268432617e+00,3.866951465606689453e+00,3.862416267395019531e+00,3.856282949447631836e+00,3.848551511764526367e+00,3.839221715927124023e+00,3.828293800354003906e+00,3.815767526626586914e+00,3.801643848419189453e+00,3.785923719406127930e+00,3.768608093261718750e+00,3.749698877334594727e+00,3.729197263717651367e+00,3.707106113433837891e+00,3.683426618576049805e+00,3.658162355422973633e+00,3.631316423416137695e+00,3.602891921997070312e+00,3.572892189025878906e+00,3.541321516036987305e+00,3.508183240890502930e+00,3.473482370376586914e+00,3.437224149703979492e+00,3.399412870407104492e+00,3.360054254531860352e+00,3.319153547286987305e+00,3.276717185974121094e+00,3.232751369476318359e+00,3.187262058258056641e+00,3.140256404876708984e+00,3.091742038726806641e+00,3.041725635528564453e+00,2.990215301513671875e+00,2.937219142913818359e+00,2.882744789123535156e+00,2.826801776885986328e+00,2.769398212432861328e+00,2.710543870925903320e+00,2.650248289108276367e+00,2.588520765304565430e+00,2.525371789932250977e+00,2.460811376571655273e+00,2.394850492477416992e+00,2.327499866485595703e+00,2.258770704269409180e+00,2.188675403594970703e+00,2.117224454879760742e+00,2.044431447982788086e+00,1.970307826995849609e+00,1.894866943359375000e+00,1.818121314048767090e+00,1.740084409713745117e+00,1.660770416259765625e+00,1.580192804336547852e+00,1.498365640640258789e+00,1.415304064750671387e+00,1.331022381782531738e+00,1.245535612106323242e+00,1.158859848976135254e+00,1.071010231971740723e+00,9.820029735565185547e-01,8.918536305427551270e-01,8.005802631378173828e-01,7.081989049911499023e-01,6.147264838218688965e-01,5.201812982559204102e-01,4.245805740356445312e-01,3.279420733451843262e-01,2.302851676940917969e-01
2.951202630996704102e+00,2.986338376998901367e+00,3.020559549331665039e+00,3.053851842880249023e+00,3.086197137832641602e+00,3.117579460144042969e+00,3.147981882095336914e+00,3.177386522293090820e+00,3.205775976181030273e+00,3.233133077621459961e+00,3.259438514709472656e+00,3.284674882888793945e+00,3.308822631835937500e+00,3.331863641738891602e+00,3.353777408599853516e+00,3.374545812606811523e+00,3.394147872924804688e+00,3.412563562393188477e+00,3.429773807525634766e+00,3.445755720138549805e+00,3.460490703582763672e+00,3.473955392837524414e+00,3.486130714416503906e+00,3.496992588043212891e+00,3.506520509719848633e+00,3.514691114425659180e+00,3.521482229232788086e+00,3.526871442794799805e+00,3.530834197998046875e+00,3.533348798751831055e+00,3.534390926361083984e+00,3.533935546875000000e+00,3.531959533691406250e+00,3.528437852859497070e+00,3.523346424102783203e+00,3.516658544540405273e+00,3.508350849151611328e+00,3.498395681381225586e+00,3.486768722534179688e+00,3.473442792892456055e+00,3.458391904830932617e+00,3.441588640213012695e+00,3.423007011413574219e+00,3.402618408203125000e+00,3.380396366119384766e+00,3.356312036514282227e+00,3.330337762832641602e+00,3.302445173263549805e+00,3.272605419158935547e+00,3.240789890289306641e+00,3.206968545913696289e+00,3.171111822128295898e+00,3.133190393447875977e+00,3.093174934387207031e+00,3.051033496856689453e+00,3.006735801696777344e+00,2.960251569747924805e+00,2.911548614501953125e+00,2.860596418380737305e+00,2.807362794876098633e+00,2.751815795898437500e+00,2.693922519683837891e+00,2.633651018142700195e+00,2.570968389511108398e+00,2.505841255187988281e+00,2.438235521316528320e+00,2.368119001388549805e+00,2.295455932617187500e+00,2.220213651657104492e+00,2.142356395721435547e+00,2.061850070953369141e+00,1.978659033775329590e+00,1.892748355865478516e+00,1.804082036018371582e+00,1.712624311447143555e+00,1.618338584899902344e+00,1.521189332008361816e+00,1.421138525009155273e+00,1.318149924278259277e+00,1.212185978889465332e+00,1.103209137916564941e+00,9.911814332008361816e-01,8.760641217231750488e-01,7.578200101852416992e-01,6.364093422889709473e-01,5.117934942245483398e-01,3.839332759380340576e-01,2.527891397476196289e-01,1.183204278349876404e-01,-1.951156929135322571e-02
-1.004558708518743515e-02,9.549061208963394165e-02,1.989350467920303345e-01,3.002446591854095459e-01,3.993779718875885010e-01,4.962950646877288818e-01,5.909576416015625000e-01,6.833286285400390625e-01,7.733728885650634766e-01,8.610567450523376465e-01,9.463477730751037598e-01,1.029215335845947266e+00,1.109630584716796875e+00,1.187565684318542480e+00,1.262994885444641113e+00,1.335893273353576660e+00,1.406238198280334473e+00,1.474008321762084961e+00,1.539183735847473145e+00,1.601746201515197754e+00,1.661678671836853027e+00,1.718966484069824219e+00,1.773595571517944336e+00,1.825553774833679199e+00,1.874830961227416992e+00,1.921417832374572754e+00,1.965306997299194336e+00,2.006492376327514648e+00,2.044969797134399414e+00,2.080736160278320312e+00,2.113790273666381836e+00,2.144132852554321289e+00,2.171765327453613281e+00,2.196690559387207031e+00,2.218914270401000977e+00,2.238442659378051758e+00,2.255283117294311523e+00,2.269446372985839844e+00,2.280942440032958984e+00,2.289784431457519531e+00,2.295986413955688477e+00,2.299563884735107422e+00,2.300534725189208984e+00,2.298917055130004883e+00,2.294731855392456055e+00,2.288000345230102539e+00,2.278746843338012695e+00,2.266995906829833984e+00,2.252773523330688477e+00,2.236108303070068359e+00,2.217030286788940430e+00,2.195570230484008789e+00,2.171760559082031250e+00,2.145636081695556641e+00,2.117232561111450195e+00,2.086586952209472656e+00,2.053738594055175781e+00,2.018727302551269531e+00,1.981595873832702637e+00,1.942387700080871582e+00,1.901147723197937012e+00,1.857922315597534180e+00,1.812760233879089355e+00,1.765710234642028809e+00,1.716825366020202637e+00,1.666156053543090820e+00,1.613759398460388184e+00,1.559688687324523926e+00,1.504003643989562988e+00,1.446761131286621094e+00,1.388023734092712402e+00,1.327851772308349609e+00,1.266310095787048340e+00,1.203463792800903320e+00,1.139379262924194336e+00,1.074124455451965332e+00,1.007770776748657227e+00,9.403875470161437988e-01,8.720485568046569824e-01,8.028292059898376465e-01,7.328041195869445801e-01,6.620514988899230957e-01,5.906495451927185059e-01,5.186805129051208496e-01,4.462260007858276367e-01,3.733686506748199463e-01,3.001956045627593994e-01,2.267926037311553955e-01,1.532474458217620850e-01,7.965169101953506470e-02
-5.926803946495056152e-01,-4.621904492378234863e-01,-3.339225947856903076e-01,-2.079314738512039185e-01,-8.426985144615173340e-02,3.701109066605567932e-02,1.558620780706405640e-01,2.722351253032684326e-01,3.860843479633331299e-01,4.973651766777038574e-01,6.060348153114318848e-01,7.120525240898132324e-01,8.153787255287170410e-01,9.159757494926452637e-01,1.013807415962219238e+00,1.108839869499206543e+00,1.201040029525756836e+00,1.290377140045166016e+00,1.376822233200073242e+00,1.460346937179565430e+00,1.540925860404968262e+00,1.618534803390502930e+00,1.693150877952575684e+00,1.764753460884094238e+00,1.833323597908020020e+00,1.898843169212341309e+00,1.961296796798706055e+00,2.020670175552368164e+00,2.076950788497924805e+00,2.130128145217895508e+00,2.180192708969116211e+00,2.227137565612792969e+00,2.270956516265869141e+00,2.311645507812500000e+00,2.349202632904052734e+00,2.383626461029052734e+00,2.414919137954711914e+00,2.443082094192504883e+00,2.468120098114013672e+00,2.490039587020874023e+00,2.508847236633300781e+00,2.524553537368774414e+00,2.537169456481933594e+00,2.546707391738891602e+00,2.553181171417236328e+00,2.556607961654663086e+00,2.557005167007446289e+00,2.554391860961914062e+00,2.548790216445922852e+00,2.540221929550170898e+00,2.528712511062622070e+00,2.514286994934082031e+00,2.496974706649780273e+00,2.476804018020629883e+00,2.453806877136230469e+00,2.428015232086181641e+00,2.399465084075927734e+00,2.368191242218017578e+00,2.334233045578002930e+00,2.297629594802856445e+00,2.258421897888183594e+00,2.216653347015380859e+00,2.172368764877319336e+00,2.125613689422607422e+00,2.076437711715698242e+00,2.024888277053833008e+00,1.971019506454467773e+00,1.914882183074951172e+00,1.856532573699951172e+00,1.796025991439819336e+00,1.733422040939331055e+00,1.668778777122497559e+00,1.602158904075622559e+00,1.533625841140747070e+00,1.463243484497070312e+00,1.391078233718872070e+00,1.317200541496276855e+00,1.241676926612854004e+00,1.164581537246704102e+00,1.085987806320190430e+00,1.005968570709228516e+00,9.246017336845397949e-01,8.419649600982666016e-01,7.581395506858825684e-01,6.732066869735717773e-01,5.872485637664794922e-01,5.003519058227539062e-01,4.126024842262268066e-01,3.240879476070404053e-01,2.349002063274383545e-01
3.223514795303344727e+00,3.262544870376586914e+00,3.300647735595703125e+00,3.337799549102783203e+00,3.373974323272705078e+00,3.409147500991821289e+00,3.443291902542114258e+00,3.476381778717041016e+00,3.508391141891479492e+00,3.539294481277465820e+00,3.569064140319824219e+00,3.597675085067749023e+00,3.625099182128906250e+00,3.651310920715332031e+00,3.676282882690429688e+00,3.699987888336181641e+00,3.722398757934570312e+00,3.743488311767578125e+00,3.763230085372924805e+00,3.781594991683959961e+00,3.798556327819824219e+00,3.814086198806762695e+00,3.828156709671020508e+00,3.840738534927368164e+00,3.851805448532104492e+00,3.861327648162841797e+00,3.869277000427246094e+00,3.875626325607299805e+00,3.880344629287719727e+00,3.883404016494750977e+00,3.884776115417480469e+00,3.884430646896362305e+00,3.882339239120483398e+00,3.878472089767456055e+00,3.872800350189208984e+00,3.865293264389038086e+00,3.855921745300292969e+00,3.844655752182006836e+00,3.831465721130371094e+00,3.816320419311523438e+00,3.799190759658813477e+00,3.780044794082641602e+00,3.758852958679199219e+00,3.735584735870361328e+00,3.710208654403686523e+00,3.682694435119628906e+00,3.653010368347167969e+00,3.621124744415283203e+00,3.587007761001586914e+00,3.550626516342163086e+00,3.511950731277465820e+00,3.470947265625000000e+00,3.427585124969482422e+00,3.381831645965576172e+00,3.333654880523681641e+00,3.283022880554199219e+00,3.229903459548950195e+00,3.174262285232543945e+00,3.116069316864013672e+00,3.055289983749389648e+00,2.991891622543334961e+00,2.925841569900512695e+00,2.857106447219848633e+00,2.785652637481689453e+00,2.711447000503540039e+00,2.634455680847167969e+00,2.554645538330078125e+00,2.471981525421142578e+00,2.386430978775024414e+00,2.297958612442016602e+00,2.206531763076782227e+00,2.112113714218139648e+00,2.014672279357910156e+00,1.914170980453491211e+00,1.810575962066650391e+00,1.703852057456970215e+00,1.593965172767639160e+00,1.480878233909606934e+00,1.364557385444641113e+00,1.244966864585876465e+00,1.122070789337158203e+00,9.958340525627136230e-01,8.662196993827819824e-01,7.331930994987487793e-01,5.967172384262084961e-01,4.567561745643615723e-01,3.132733702659606934e-01,1.662330925464630127e-01,1.559716369956731796e-02,-1.386694163084030151e-01
2.468855142593383789e+00,2.518781185150146484e+00,2.567456722259521484e+00,2.614859580993652344e+00,2.660965442657470703e+00,2.705751895904541016e+00,2.749195337295532227e+00,2.791274309158325195e+00,2.831966161727905273e+00,2.871248483657836914e+00,2.909099817276000977e+00,2.945498704910278320e+00,2.980423688888549805e+00,3.013854026794433594e+00,3.045768737792968750e+00,3.076147556304931641e+00,3.104971170425415039e+00,3.132218599319458008e+00,3.157870769500732422e+00,3.181907415390014648e+00,3.204310417175292969e+00,3.225060939788818359e+00,3.244139671325683594e+00,3.261529445648193359e+00,3.277210712432861328e+00,3.291167259216308594e+00,3.303380012512207031e+00,3.313832283020019531e+00,3.322508335113525391e+00,3.329389572143554688e+00,3.334460496902465820e+00,3.337704896926879883e+00,3.339106559753417969e+00,3.338649988174438477e+00,3.336319923400878906e+00,3.332100868225097656e+00,3.325978279113769531e+00,3.317936897277832031e+00,3.307963371276855469e+00,3.296041965484619141e+00,3.282161712646484375e+00,3.266306877136230469e+00,3.248463630676269531e+00,3.228620290756225586e+00,3.206764221191406250e+00,3.182882308959960938e+00,3.156961679458618164e+00,3.128991842269897461e+00,3.098959684371948242e+00,3.066854953765869141e+00,3.032665729522705078e+00,2.996381521224975586e+00,2.957991361618041992e+00,2.917484760284423828e+00,2.874851942062377930e+00,2.830081939697265625e+00,2.783167123794555664e+00,2.734097003936767578e+00,2.682862281799316406e+00,2.629454851150512695e+00,2.573865652084350586e+00,2.516086339950561523e+00,2.456109523773193359e+00,2.393926382064819336e+00,2.329530954360961914e+00,2.262913942337036133e+00,2.194070577621459961e+00,2.122992515563964844e+00,2.049674749374389648e+00,1.974109649658203125e+00,1.896292567253112793e+00,1.816216588020324707e+00,1.733877539634704590e+00,1.649269938468933105e+00,1.562388539314270020e+00,1.473228812217712402e+00,1.381787300109863281e+00,1.288058757781982422e+00,1.192040205001831055e+00,1.093728065490722656e+00,9.931184053421020508e-01,8.902091383934020996e-01,7.849962115287780762e-01,6.774788498878479004e-01,5.676537156105041504e-01,4.555189609527587891e-01,3.410733938217163086e-01,2.243154346942901611e-01,1.052431389689445496e-01,-1.614304631948471069e-02
3.305385351181030273e+00,3.321944952011108398e+00,3.337796211242675781e+00,3.352934598922729492e+00,3.367356300354003906e+00,3.381055355072021484e+00,3.394025564193725586e+00,3.406260251998901367e+00,3.417752265930175781e+00,3.428494930267333984e+00,3.438478231430053711e+00,3.447694063186645508e+00,3.456133127212524414e+00,3.463785409927368164e+00,3.470639944076538086e+00,3.476685047149658203e+00,3.481910467147827148e+00,3.486302137374877930e+00,3.489847898483276367e+00,3.492534160614013672e+00,3.494346618652343750e+00,3.495270490646362305e+00,3.495291709899902344e+00,3.494392156600952148e+00,3.492557287216186523e+00,3.489769220352172852e+00,3.486010313034057617e+00,3.481262922286987305e+00,3.475508689880371094e+00,3.468727111816406250e+00,3.460898876190185547e+00,3.452002763748168945e+00,3.442018747329711914e+00,3.430924892425537109e+00,3.418698310852050781e+00,3.405317306518554688e+00,3.390757560729980469e+00,3.374995470046997070e+00,3.358006238937377930e+00,3.339765071868896484e+00,3.320246458053588867e+00,3.299423456192016602e+00,3.277269601821899414e+00,3.253757238388061523e+00,3.228858470916748047e+00,3.202544689178466797e+00,3.174786567687988281e+00,3.145554542541503906e+00,3.114818572998046875e+00,3.082546949386596680e+00,3.048708677291870117e+00,3.013271570205688477e+00,2.976203203201293945e+00,2.937469720840454102e+00,2.897037744522094727e+00,2.854872465133666992e+00,2.810940027236938477e+00,2.765203952789306641e+00,2.717627763748168945e+00,2.668175697326660156e+00,2.616809368133544922e+00,2.563492298126220703e+00,2.508184432983398438e+00,2.450847864151000977e+00,2.391442775726318359e+00,2.329928874969482422e+00,2.266265153884887695e+00,2.200410127639770508e+00,2.132322788238525391e+00,2.061959743499755859e+00,1.989278197288513184e+00,1.914234161376953125e+00,1.836784243583679199e+00,1.756882905960083008e+00,1.674484610557556152e+00,1.589543819427490234e+00,1.502013802528381348e+00,1.411847233772277832e+00,1.318996787071228027e+00,1.223413825035095215e+00,1.125049591064453125e+00,1.023854494094848633e+00,9.197783470153808594e-01,8.127710223197937012e-01,7.027808427810668945e-01,5.897564888000488281e-01,4.736450314521789551e-01,3.543941080570220947e-01,2.319493293762207031e-01,1.062578037381172180e-01
-7.670498490333557129e-01,-6.498671174049377441e-01,-5.342718362808227539e-01,-4.203124940395355225e-01,-3.080368041992187500e-01,-1.974914968013763428e-01,-8.872247487306594849e-02,1.822523027658462524e-02,1.233075112104415894e-01,2.264810949563980103e-01,3.277035653591156006e-01,4.269335865974426270e-01,5.241305232048034668e-01,6.192545890808105469e-01,7.122667431831359863e-01,8.031294941902160645e-01,8.918052911758422852e-01,9.782582521438598633e-01,1.062452912330627441e+00,1.144354939460754395e+00,1.223930716514587402e+00,1.301147580146789551e+00,1.375973701477050781e+00,1.448378443717956543e+00,1.518331289291381836e+00,1.585803508758544922e+00,1.650766491889953613e+00,1.713193178176879883e+00,1.773057103157043457e+00,1.830332040786743164e+00,1.884994149208068848e+00,1.937019228935241699e+00,1.986383914947509766e+00,2.033066749572753906e+00,2.077045679092407227e+00,2.118301630020141602e+00,2.156813859939575195e+00,2.192564487457275391e+00,2.225535392761230469e+00,2.255710601806640625e+00,2.283073425292968750e+00,2.307609081268310547e+00,2.329303503036499023e+00,2.348143100738525391e+00,2.364115715026855469e+00,2.377210378646850586e+00,2.387415170669555664e+00,2.394721746444702148e+00,2.399120330810546875e+00,2.400602817535400391e+00,2.399163007736206055e+00,2.394793987274169922e+00,2.387490749359130859e+00,2.377248048782348633e+00,2.364063501358032227e+00,2.347933053970336914e+00,2.328856706619262695e+00,2.306831598281860352e+00,2.281858444213867188e+00,2.253939390182495117e+00,2.223074197769165039e+00,2.189266443252563477e+00,2.152519226074218750e+00,2.112836837768554688e+00,2.070225238800048828e+00,2.024689197540283203e+00,1.976237773895263672e+00,1.924876689910888672e+00,1.870616197586059570e+00,1.813464999198913574e+00,1.753434658050537109e+00,1.690535306930541992e+00,1.624780178070068359e+00,1.556182026863098145e+00,1.484755277633666992e+00,1.410513997077941895e+00,1.333475947380065918e+00,1.253655195236206055e+00,1.171071410179138184e+00,1.085742592811584473e+00,9.976874589920043945e-01,9.069264531135559082e-01,8.134803771972656250e-01,7.173723578453063965e-01,6.186243295669555664e-01,5.172599554061889648e-01,4.133046269416809082e-01,3.067835271358489990e-01,1.977219581604003906e-01,8.614926785230636597e-02
2.586671590805053711e+00,2.609335184097290039e+00,2.631551980972290039e+00,2.653308629989624023e+00,2.674589633941650391e+00,2.695381641387939453e+00,2.715665578842163086e+00,2.735424757003784180e+00,2.754642963409423828e+00,2.773300409317016602e+00,2.791377544403076172e+00,2.808854818344116211e+00,2.825710535049438477e+00,2.841924190521240234e+00,2.857473134994506836e+00,2.872333288192749023e+00,2.886482000350952148e+00,2.899893522262573242e+00,2.912543535232543945e+00,2.924405097961425781e+00,2.935452222824096680e+00,2.945656538009643555e+00,2.954989910125732422e+00,2.963423490524291992e+00,2.970927000045776367e+00,2.977469921112060547e+00,2.983021020889282227e+00,2.987548112869262695e+00,2.991018533706665039e+00,2.993397951126098633e+00,2.994652986526489258e+00,2.994747877120971680e+00,2.993647336959838867e+00,2.991313695907592773e+00,2.987710475921630859e+00,2.982799530029296875e+00,2.976541519165039062e+00,2.968897104263305664e+00,2.959825992584228516e+00,2.949286699295043945e+00,2.937238216400146484e+00,2.923636913299560547e+00,2.908439636230468750e+00,2.891602754592895508e+00,2.873081207275390625e+00,2.852829456329345703e+00,2.830800771713256836e+00,2.806948423385620117e+00,2.781224012374877930e+00,2.753579616546630859e+00,2.723965406417846680e+00,2.692331314086914062e+00,2.658626794815063477e+00,2.622799634933471680e+00,2.584798097610473633e+00,2.544568777084350586e+00,2.502057790756225586e+00,2.457210779190063477e+00,2.409971475601196289e+00,2.360285520553588867e+00,2.308094263076782227e+00,2.253340959548950195e+00,2.195966958999633789e+00,2.135913372039794922e+00,2.073120594024658203e+00,2.007527112960815430e+00,1.939072728157043457e+00,1.867694139480590820e+00,1.793328881263732910e+00,1.715913891792297363e+00,1.635384678840637207e+00,1.551675319671630859e+00,1.464720845222473145e+00,1.374454140663146973e+00,1.280808210372924805e+00,1.183714389801025391e+00,1.083104610443115234e+00,9.789085984230041504e-01,8.710561990737915039e-01,7.594762444496154785e-01,6.440970301628112793e-01,5.248461365699768066e-01,4.016490876674652100e-01,2.744333148002624512e-01,1.431227922439575195e-01,7.642709184437990189e-03,-1.320840567350387573e-01,-2.761336565017700195e-01,-4.245854616165161133e-01,-5.775162577629089355e-01
1.956926703453063965e+00,2.015779972076416016e+00,2.073513984680175781e+00,2.130104780197143555e+00,2.185526847839355469e+00,2.239756584167480469e+00,2.292768239974975586e+00,2.344538211822509766e+00,2.395041704177856445e+00,2.444254636764526367e+00,2.492152929306030273e+00,2.538712263107299805e+00,2.583909034729003906e+00,2.627719640731811523e+00,2.670119762420654297e+00,2.711086034774780273e+00,2.750595808029174805e+00,2.788624763488769531e+00,2.825149774551391602e+00,2.860147953033447266e+00,2.893595695495605469e+00,2.925470829010009766e+00,2.955750226974487305e+00,2.984410524368286133e+00,3.011430025100708008e+00,3.036786317825317383e+00,3.060456275939941406e+00,3.082417964935302734e+00,3.102648973464965820e+00,3.121127843856811523e+00,3.137831926345825195e+00,3.152739763259887695e+00,3.165829181671142578e+00,3.177078962326049805e+00,3.186467885971069336e+00,3.193973064422607422e+00,3.199575662612915039e+00,3.203251838684082031e+00,3.204982280731201172e+00,3.204745292663574219e+00,3.202519655227661133e+00,3.198285579681396484e+00,3.192022085189819336e+00,3.183708190917968750e+00,3.173323392868041992e+00,3.160847663879394531e+00,3.146260738372802734e+00,3.129542589187622070e+00,3.110673427581787109e+00,3.089632272720336914e+00,3.066401004791259766e+00,3.040958166122436523e+00,3.013285398483276367e+00,2.983363151550292969e+00,2.951171159744262695e+00,2.916691064834594727e+00,2.879903316497802734e+00,2.840789079666137695e+00,2.799329519271850586e+00,2.755505561828613281e+00,2.709297657012939453e+00,2.660689115524291992e+00,2.609660148620605469e+00,2.556192398071289062e+00,2.500268220901489258e+00,2.441868305206298828e+00,2.380976200103759766e+00,2.317572116851806641e+00,2.251639842987060547e+00,2.183160305023193359e+00,2.112117528915405273e+00,2.038491964340209961e+00,1.962267398834228516e+00,1.883426547050476074e+00,1.801951885223388672e+00,1.717826128005981445e+00,1.631033182144165039e+00,1.541555166244506836e+00,1.449375629425048828e+00,1.354478597640991211e+00,1.256846547126770020e+00,1.156463384628295898e+00,1.053312420845031738e+00,9.473783373832702637e-01,8.386443853378295898e-01,7.270945906639099121e-01,6.127130985260009766e-01,4.954843521118164062e-01,3.753918409347534180e-01,2.524212896823883057e-01
