2.519511938095092773e+00,2.475873231887817383e+00,2.428439140319824219e+00,2.378180980682373047e+00,2.328622817993164062e+00,2.276319980621337891e+00,2.221872329711914062e+00,2.164745330810546875e+00,2.104902744293212891e+00,2.040959358215332031e+00,1.971450328826904297e+00,1.899594664573669434e+00,1.823598861694335938e+00,1.742841362953186035e+00,1.650772452354431152e+00,1.556257128715515137e+00,1.457460761070251465e+00,1.347599983215332031e+00,1.220013141632080078e+00,1.075396060943603516e+00,9.076234698295593262e-01,7.237928509712219238e-01,5.557973980903625488e-01,4.082550108432769775e-01,2.749924957752227783e-01,1.340304315090179443e-01,-8.971204981207847595e-03,-1.355262249708175659e-01,-1.967639774084091187e-01,-2.154777944087982178e-01,-1.905619055032730103e-01,-1.553631275892257690e-01,-1.239284798502922058e-01,-1.001234427094459534e-01,-8.743729442358016968e-02,-7.779809832572937012e-02,-7.083355635404586792e-02,-6.634800881147384644e-02,-6.155977770686149597e-02,-5.652566999197006226e-02,-5.117277801036834717e-02,-4.403827711939811707e-02,-3.737706691026687622e-02,-3.224342316389083862e-02,-2.736492827534675598e-02,-2.055219002068042755e-02,-1.189787872135639191e-02,-4.842416848987340927e-03,-2.339180355193093419e-04,2.251236233860254288e-03,1.901955227367579937e-03,8.576738764531910419e-04,-1.393023529089987278e-03,-5.711396224796772003e-03,-1.328332535922527313e-02,-2.037921920418739319e-02,-2.640488371253013611e-02,-3.307926654815673828e-02,-4.246268048882484436e-02,-5.363381654024124146e-02,-6.381093710660934448e-02,-7.482852786779403687e-02,-8.646959066390991211e-02,-9.885090589523315430e-02,-1.107575371861457825e-01,-1.249908581376075745e-01,-1.428027600049972534e-01,-1.622692048549652100e-01,-1.833201944828033447e-01,-2.062679976224899292e-01,-2.343752235174179077e-01,-2.600183784961700439e-01,-2.854143083095550537e-01,-3.142897188663482666e-01,-3.473600149154663086e-01,-3.810700178146362305e-01,-4.139196276664733887e-01,-4.442694783210754395e-01,-4.676530361175537109e-01,-4.832169115543365479e-01,-4.865301847457885742e-01,-4.853945076465606689e-01,-4.812292754650115967e-01,-4.760454297065734863e-01,-4.726674258708953857e-01,-4.677748382091522217e-01,-4.580330252647399902e-01,-4.466020464897155762e-01,-4.362506568431854248e-01,-4.276230335235595703e-01
3.314637899398803711e+00,3.276045083999633789e+00,3.234892606735229492e+00,3.191020011901855469e+00,3.142791748046875000e+00,3.088494539260864258e+00,3.031258106231689453e+00,2.972078084945678711e+00,2.907851696014404297e+00,2.840408325195312500e+00,2.770045518875122070e+00,2.697233438491821289e+00,2.618263244628906250e+00,2.536706686019897461e+00,2.455333232879638672e+00,2.368480682373046875e+00,2.270811080932617188e+00,2.159753561019897461e+00,2.015885591506958008e+00,1.839012742042541504e+00,1.636456489562988281e+00,1.410431027412414551e+00,1.168733954429626465e+00,9.222342371940612793e-01,6.740392446517944336e-01,4.632649123668670654e-01,2.886886596679687500e-01,1.495299488306045532e-01,5.659575760364532471e-02,-5.660778377205133438e-03,-4.427561163902282715e-02,-5.649395659565925598e-02,-5.526430904865264893e-02,-5.145480111241340637e-02,-4.622564092278480530e-02,-4.058335348963737488e-02,-3.553957492113113403e-02,-3.098133578896522522e-02,-2.698366530239582062e-02,-2.335716784000396729e-02,-1.980886422097682953e-02,-1.627192646265029907e-02,-1.245910674333572388e-02,-8.056897670030593872e-03,-3.638067515566945076e-03,-5.503166466951370239e-04,3.805273445323109627e-05,-1.127181341871619225e-03,-4.086032509803771973e-03,-8.608072064816951752e-03,-1.312055066227912903e-02,-1.728665828704833984e-02,-1.966644451022148132e-02,-1.713385246694087982e-02,-9.643624536693096161e-03,4.602319560945034027e-03,2.536603808403015137e-02,4.656607657670974731e-02,6.767157465219497681e-02,9.067100286483764648e-02,1.146409288048744202e-01,1.383669823408126831e-01,1.599512547254562378e-01,1.808264851570129395e-01,2.022164463996887207e-01,2.244809716939926147e-01,2.473581433296203613e-01,2.708045840263366699e-01,2.948064208030700684e-01,3.195770680904388428e-01,3.438403606414794922e-01,3.685020506381988525e-01,3.941088318824768066e-01,4.194811880588531494e-01,4.465166032314300537e-01,4.747728407382965088e-01,5.016010403633117676e-01,5.260165333747863770e-01,5.487687587738037109e-01,5.699040889739990234e-01,5.902912020683288574e-01,6.101588010787963867e-01,6.292122602462768555e-01,6.431698799133300781e-01,6.537874937057495117e-01,6.638906002044677734e-01,6.780822873115539551e-01,6.900402307510375977e-01,7.022258639335632324e-01,7.154080271720886230e-01
2.911731958389282227e+00,2.876197099685668945e+00,2.841034412384033203e+00,2.805181026458740234e+00,2.766009807586669922e+00,2.720651149749755859e+00,2.673729896545410156e+00,2.626514196395874023e+00,2.580579042434692383e+00,2.532720804214477539e+00,2.483234882354736328e+00,2.432034969329833984e+00,2.376829624176025391e+00,2.320979833602905273e+00,2.264660120010375977e+00,2.204539060592651367e+00,2.139522314071655273e+00,2.072360515594482422e+00,2.005027294158935547e+00,1.927694439888000488e+00,1.846752524375915527e+00,1.762833237648010254e+00,1.675608992576599121e+00,1.582959890365600586e+00,1.487152457237243652e+00,1.388938903808593750e+00,1.280730485916137695e+00,1.158889532089233398e+00,1.023610234260559082e+00,8.721861243247985840e-01,7.031453251838684082e-01,5.274167656898498535e-01,3.489252626895904541e-01,1.986805051565170288e-01,8.916891366243362427e-02,1.516333315521478653e-02,-2.269293926656246185e-02,-2.419213950634002686e-02,-1.725007779896259308e-02,-8.606997318565845490e-03,-5.377837456762790680e-03,-4.554860759526491165e-03,-3.963148687034845352e-03,-9.593805880285799503e-04,1.687929616309702396e-03,3.265684004873037338e-03,3.461769083514809608e-03,7.599005475640296936e-04,-2.469860715791583061e-03,-4.511412233114242554e-03,-3.696992062032222748e-03,-1.608698279596865177e-03,2.185994060710072517e-03,6.789024453610181808e-03,8.502145297825336456e-03,9.089726023375988007e-03,9.341496042907238007e-03,9.607836604118347168e-03,4.065549001097679138e-03,-2.838498330675065517e-04,-2.803142881020903587e-03,-1.592239830642938614e-03,-1.123508205637335777e-03,-6.357451202347874641e-04,1.232893409905955195e-04,1.207425142638385296e-03,4.071966744959354401e-03,6.970095913857221603e-03,6.972696632146835327e-03,7.015082519501447678e-03,8.400396443903446198e-03,1.099518034607172012e-02,9.989329613745212555e-03,8.651461452245712280e-03,6.998287513852119446e-03,4.955771379172801971e-03,3.444469999521970749e-03,2.284946385771036148e-03,1.703980145975947380e-03,3.221068996936082840e-03,5.243328865617513657e-03,7.233806420117616653e-03,8.814775384962558746e-03,1.339182909578084946e-02,1.388540212064981461e-02,1.116729062050580978e-02,8.829618804156780243e-03,8.535097353160381317e-03,8.575696498155593872e-03,8.246634155511856079e-03
2.704298257827758789e+00,2.701766252517700195e+00,2.704651594161987305e+00,2.707921981811523438e+00,2.705413579940795898e+00,2.706089735031127930e+00,2.703223943710327148e+00,2.693724632263183594e+00,2.672026872634887695e+00,2.661923170089721680e+00,2.649873495101928711e+00,2.634370565414428711e+00,2.615082263946533203e+00,2.601947546005249023e+00,2.585712194442749023e+00,2.565555572509765625e+00,2.544953823089599609e+00,2.525851249694824219e+00,2.505590438842773438e+00,2.482932806015014648e+00,2.455104827880859375e+00,2.426862955093383789e+00,2.396407365798950195e+00,2.362789630889892578e+00,2.325239181518554688e+00,2.288390159606933594e+00,2.251087427139282227e+00,2.212473154067993164e+00,2.169516563415527344e+00,2.126031398773193359e+00,2.080603122711181641e+00,2.031782150268554688e+00,1.981373071670532227e+00,1.932956814765930176e+00,1.883350491523742676e+00,1.827948451042175293e+00,1.775202631950378418e+00,1.720640063285827637e+00,1.662091493606567383e+00,1.595387697219848633e+00,1.529861330986022949e+00,1.457890868186950684e+00,1.379392385482788086e+00,1.296648144721984863e+00,1.213051915168762207e+00,1.125892996788024902e+00,1.035291910171508789e+00,9.445133805274963379e-01,8.467403650283813477e-01,7.336494922637939453e-01,6.022452712059020996e-01,4.540634155273437500e-01,2.992550432682037354e-01,1.438708901405334473e-01,-7.826233282685279846e-03,-1.369590759277343750e-01,-2.405881285667419434e-01,-3.089438676834106445e-01,-3.331061303615570068e-01,-3.242636322975158691e-01,-3.192864954471588135e-01,-3.173220753669738770e-01,-3.176719248294830322e-01,-3.175996243953704834e-01,-3.173994421958923340e-01,-3.168258666992187500e-01,-3.154432177543640137e-01,-3.163341283798217773e-01,-3.175561428070068359e-01,-3.187250792980194092e-01,-3.193510472774505615e-01,-3.184609711170196533e-01,-3.155485391616821289e-01,-3.109337985515594482e-01,-3.058855533599853516e-01,-3.025329411029815674e-01,-3.000638484954833984e-01,-2.984943389892578125e-01,-2.989589869976043701e-01,-3.019571304321289062e-01,-3.056401312351226807e-01,-3.092519938945770264e-01,-3.121176660060882568e-01,-3.154714405536651611e-01,-3.178513646125793457e-01,-3.183008730411529541e-01,-3.151448667049407959e-01,-3.097764551639556885e-01,-3.044907748699188232e-01,-3.011582493782043457e-01
2.999202489852905273e+00,2.971145629882812500e+00,2.939853429794311523e+00,2.906542062759399414e+00,2.872568130493164062e+00,2.836344480514526367e+00,2.796265125274658203e+00,2.752742528915405273e+00,2.706319093704223633e+00,2.660136938095092773e+00,2.610526323318481445e+00,2.557416439056396484e+00,2.501360416412353516e+00,2.443855047225952148e+00,2.385665893554687500e+00,2.327119588851928711e+00,2.268928289413452148e+00,2.203611850738525391e+00,2.134317159652709961e+00,2.061771392822265625e+00,1.985256075859069824e+00,1.896701216697692871e+00,1.804695248603820801e+00,1.712020039558410645e+00,1.609691143035888672e+00,1.500671267509460449e+00,1.384056210517883301e+00,1.258506059646606445e+00,1.113945245742797852e+00,9.703251123428344727e-01,8.233144283294677734e-01,6.686447262763977051e-01,5.106924176216125488e-01,3.586838841438293457e-01,2.191683351993560791e-01,1.020831614732742310e-01,3.782641142606735229e-02,-5.553636699914932251e-03,-2.935993671417236328e-02,-2.979051321744918823e-02,-2.332989685237407684e-02,-1.860719919204711914e-02,-1.588478311896324158e-02,-1.263515464961528778e-02,-1.112158037722110748e-02,-9.683186188340187073e-03,-7.954174652695655823e-03,-5.912754219025373459e-03,-2.229029545560479164e-03,3.897787770256400108e-03,1.217226777225732803e-02,1.791267469525337219e-02,1.899647153913974762e-02,1.507444586604833603e-02,6.174279842525720596e-03,-1.174311619251966476e-03,-9.169430471956729889e-03,-1.334843691438436508e-02,-1.043678913265466690e-02,-1.044545974582433701e-02,-5.238268058747053146e-03,7.403672789223492146e-04,2.783671254292130470e-03,9.525313507765531540e-04,-3.807768458500504494e-03,-7.941318675875663757e-03,-5.837548058480024338e-03,4.850115219596773386e-04,7.279502227902412415e-03,1.314810290932655334e-02,1.555269211530685425e-02,1.413399726152420044e-02,1.242612861096858978e-02,9.841029532253742218e-03,2.359094563871622086e-03,1.740630948916077614e-03,4.405152052640914917e-03,8.536823093891143799e-03,9.105786681175231934e-03,1.094586029648780823e-02,1.034814026206731796e-02,6.197550799697637558e-03,1.987437950447201729e-03,4.770712112076580524e-04,1.431140815839171410e-03,4.987674299627542496e-03,1.383658684790134430e-02,2.027477137744426727e-02,2.230543084442615509e-02,1.805550977587699890e-02
2.273072004318237305e+00,2.273783922195434570e+00,2.274176120758056641e+00,2.269883632659912109e+00,2.255210161209106445e+00,2.243225812911987305e+00,2.228243589401245117e+00,2.210431098937988281e+00,2.190317153930664062e+00,2.172301769256591797e+00,2.153469562530517578e+00,2.133320331573486328e+00,2.111267089843750000e+00,2.084988594055175781e+00,2.057467460632324219e+00,2.029384136199951172e+00,2.001197338104248047e+00,1.971926212310791016e+00,1.942353129386901855e+00,1.911937236785888672e+00,1.875911474227905273e+00,1.839977502822875977e+00,1.802398800849914551e+00,1.762436151504516602e+00,1.721063375473022461e+00,1.679680347442626953e+00,1.636915326118469238e+00,1.591821670532226562e+00,1.544533252716064453e+00,1.494883298873901367e+00,1.443387269973754883e+00,1.390403389930725098e+00,1.334758400917053223e+00,1.270140051841735840e+00,1.199105501174926758e+00,1.124825358390808105e+00,1.049450516700744629e+00,9.721398353576660156e-01,8.948654532432556152e-01,8.217399716377258301e-01,7.443078756332397461e-01,6.712539196014404297e-01,6.003115773200988770e-01,5.213682651519775391e-01,4.312906861305236816e-01,3.384902775287628174e-01,2.421883493661880493e-01,1.303914189338684082e-01,4.383538290858268738e-02,-1.193457283079624176e-02,-3.562117367982864380e-02,-3.765092045068740845e-02,-3.799586370587348938e-02,-3.768022730946540833e-02,-3.694647178053855896e-02,-3.245086595416069031e-02,-3.345697745680809021e-02,-3.640003874897956848e-02,-3.887479752302169800e-02,-4.357250034809112549e-02,-5.140225961804389954e-02,-5.749535933136940002e-02,-5.651127174496650696e-02,-4.999208077788352966e-02,-4.582813009619712830e-02,-4.281674697995185852e-02,-3.876797482371330261e-02,-3.902991116046905518e-02,-3.918801248073577881e-02,-3.766569495201110840e-02,-3.157528117299079895e-02,-2.747425064444541931e-02,-2.727742120623588562e-02,-2.780201472342014313e-02,-1.710566133260726929e-02,-1.628954522311687469e-02,-2.304565161466598511e-02,-3.255894035100936890e-02,-2.187680453062057495e-02,-2.202657796442508698e-02,-2.478204667568206787e-02,-2.652990631759166718e-02,-2.216435968875885010e-02,-2.021004632115364075e-02,-1.640666462481021881e-02,-8.787136524915695190e-03,-7.794617675244808197e-03,-8.952457457780838013e-03,-8.941605687141418457e-03,-4.997879732400178909e-03
2.537484169006347656e+00,2.490203857421875000e+00,2.440938711166381836e+00,2.392123460769653320e+00,2.344541311264038086e+00,2.293593406677246094e+00,2.246898412704467773e+00,2.198229074478149414e+00,2.145765066146850586e+00,2.088977336883544922e+00,2.031003236770629883e+00,1.968341588973999023e+00,1.903328776359558105e+00,1.837179422378540039e+00,1.763357758522033691e+00,1.682820439338684082e+00,1.599797129631042480e+00,1.513608574867248535e+00,1.419749736785888672e+00,1.325506210327148438e+00,1.230414032936096191e+00,1.132350921630859375e+00,1.029811739921569824e+00,9.269969463348388672e-01,8.041634559631347656e-01,6.588983535766601562e-01,4.941500723361968994e-01,3.210885822772979736e-01,1.733653992414474487e-01,5.725569278001785278e-02,-1.913432776927947998e-02,-5.010173097252845764e-02,-5.257327109575271606e-02,-5.210800096392631531e-02,-5.398339405655860901e-02,-5.914103239774703979e-02,-6.176082789897918701e-02,-6.149119138717651367e-02,-5.753663927316665649e-02,-4.997687786817550659e-02,-3.937668725848197937e-02,-3.146282956004142761e-02,-2.037809230387210846e-02,-7.168556563556194305e-03,5.899507086724042892e-03,1.107752602547407150e-02,3.986954223364591599e-03,-6.542594172060489655e-03,-1.861078105866909027e-02,-3.197588026523590088e-02,-3.561407327651977539e-02,-3.831007331609725952e-02,-3.889106586575508118e-02,-3.732265159487724304e-02,-3.907571732997894287e-02,-4.129038751125335693e-02,-4.163595661520957947e-02,-3.860322758555412292e-02,-3.043863549828529358e-02,-2.232993394136428833e-02,-1.546314917504787445e-02,-1.016329880803823471e-02,-7.113851141184568405e-03,-1.124428212642669678e-02,-1.576392538845539093e-02,-2.011201716959476471e-02,-2.438340708613395691e-02,-2.932508103549480438e-02,-2.423468045890331268e-02,-2.133245207369327545e-02,-2.390311285853385925e-02,-3.325215727090835571e-02,-3.744729608297348022e-02,-3.765826299786567688e-02,-3.645660728216171265e-02,-3.413579985499382019e-02,-2.798020467162132263e-02,-2.365589141845703125e-02,-2.187479846179485321e-02,-2.268754690885543823e-02,-2.593893185257911682e-02,-3.274431452155113220e-02,-3.428366035223007202e-02,-3.168447688221931458e-02,-2.639147453010082245e-02,-2.163064107298851013e-02,-1.985565572977066040e-02,-2.300254441797733307e-02,-2.855114638805389404e-02,-3.203700482845306396e-02
3.062659502029418945e+00,3.042545318603515625e+00,3.019761800765991211e+00,2.995055437088012695e+00,2.969210147857666016e+00,2.942044258117675781e+00,2.911198854446411133e+00,2.877433776855468750e+00,2.842028856277465820e+00,2.801875591278076172e+00,2.758358478546142578e+00,2.712228775024414062e+00,2.664806842803955078e+00,2.613253593444824219e+00,2.560084342956542969e+00,2.505580902099609375e+00,2.448939561843872070e+00,2.389727115631103516e+00,2.329400300979614258e+00,2.267381429672241211e+00,2.197536945343017578e+00,2.127444744110107422e+00,2.055718898773193359e+00,1.981186151504516602e+00,1.898256897926330566e+00,1.813286304473876953e+00,1.723360061645507812e+00,1.626451492309570312e+00,1.525996565818786621e+00,1.424124956130981445e+00,1.317000508308410645e+00,1.200692653656005859e+00,1.062077164649963379e+00,9.002041220664978027e-01,7.226181030273437500e-01,5.385532975196838379e-01,3.704812228679656982e-01,2.263760268688201904e-01,1.153936684131622314e-01,5.830086767673492432e-02,4.996887221932411194e-02,5.336462333798408508e-02,5.994952470064163208e-02,5.934686213731765747e-02,5.314749479293823242e-02,4.601570591330528259e-02,3.846199065446853638e-02,2.817034721374511719e-02,1.656103134155273438e-02,6.663941312581300735e-03,-8.381016086786985397e-04,-8.740202523767948151e-03,-1.818358339369297028e-02,-3.056663274765014648e-02,-4.655881971120834351e-02,-6.371909379959106445e-02,-6.853421777486801147e-02,-6.148382648825645447e-02,-4.233425483107566833e-02,-1.876156404614448547e-02,4.614430945366621017e-03,2.809047698974609375e-02,5.199166387319564819e-02,7.222744822502136230e-02,9.352989494800567627e-02,1.168510019779205322e-01,1.436345428228378296e-01,1.716587394475936890e-01,2.022583037614822388e-01,2.336410582065582275e-01,2.614894211292266846e-01,2.898100614547729492e-01,3.185125589370727539e-01,3.470184803009033203e-01,3.733775019645690918e-01,3.999165594577789307e-01,4.260121285915374756e-01,4.509891867637634277e-01,4.721091389656066895e-01,4.892022907733917236e-01,5.052636861801147461e-01,5.211556553840637207e-01,5.346851348876953125e-01,5.496352910995483398e-01,5.658617615699768066e-01,5.831723809242248535e-01,5.979375243186950684e-01,6.100153326988220215e-01,6.213406324386596680e-01,6.334432959556579590e-01
2.679401159286499023e+00,2.622869014739990234e+00,2.562804698944091797e+00,2.499560594558715820e+00,2.433873414993286133e+00,2.370000123977661133e+00,2.304236173629760742e+00,2.237397193908691406e+00,2.169006347656250000e+00,2.095030307769775391e+00,2.008637189865112305e+00,1.914097666740417480e+00,1.809998393058776855e+00,1.690180897712707520e+00,1.553427577018737793e+00,1.401612997055053711e+00,1.229350447654724121e+00,1.029227256774902344e+00,8.066967725753784180e-01,5.852995514869689941e-01,3.740531206130981445e-01,1.811667829751968384e-01,2.200644277036190033e-02,-1.064923033118247986e-01,-2.023911029100418091e-01,-2.633238434791564941e-01,-2.808666527271270752e-01,-2.733701169490814209e-01,-2.574196755886077881e-01,-2.382444739341735840e-01,-2.178624123334884644e-01,-1.982793211936950684e-01,-1.807100921869277954e-01,-1.639692187309265137e-01,-1.458946168422698975e-01,-1.290757656097412109e-01,-1.143432408571243286e-01,-9.989143162965774536e-02,-8.398588746786117554e-02,-6.701677292585372925e-02,-5.102476105093955994e-02,-3.711781278252601624e-02,-2.584040910005569458e-02,-1.680215820670127869e-02,-1.065728161484003067e-02,-4.898576997220516205e-03,1.670279423706233501e-03,1.040712557733058929e-02,2.186447195708751678e-02,3.365285322070121765e-02,4.370271041989326477e-02,4.898882657289505005e-02,5.138952657580375671e-02,5.937827378511428833e-02,7.305528223514556885e-02,9.187655150890350342e-02,1.146809905767440796e-01,1.367803812026977539e-01,1.576399207115173340e-01,1.770847886800765991e-01,1.962335556745529175e-01,2.135264128446578979e-01,2.305512428283691406e-01,2.481546849012374878e-01,2.674033343791961670e-01,2.892445623874664307e-01,3.114853501319885254e-01,3.335590362548828125e-01,3.551215529441833496e-01,3.765171170234680176e-01,3.998051583766937256e-01,4.249779582023620605e-01,4.517468512058258057e-01,4.764002561569213867e-01,4.989136755466461182e-01,5.193234086036682129e-01,5.377374887466430664e-01,5.545470714569091797e-01,5.745260715484619141e-01,5.955584645271301270e-01,6.163634061813354492e-01,6.350780129432678223e-01,6.520450115203857422e-01,6.675083637237548828e-01,6.809157729148864746e-01,6.909152865409851074e-01,6.997349262237548828e-01,7.071702480316162109e-01,7.131441235542297363e-01,7.176353335380554199e-01
2.737759828567504883e+00,2.685560226440429688e+00,2.638589620590209961e+00,2.591509342193603516e+00,2.532064437866210938e+00,2.474533796310424805e+00,2.419272422790527344e+00,2.365648984909057617e+00,2.296383619308471680e+00,2.224201440811157227e+00,2.149400472640991211e+00,2.071582078933715820e+00,1.975085377693176270e+00,1.869795680046081543e+00,1.756157636642456055e+00,1.624843955039978027e+00,1.467279672622680664e+00,1.296873092651367188e+00,1.122597098350524902e+00,9.512872695922851562e-01,7.782980799674987793e-01,6.044583916664123535e-01,4.358319342136383057e-01,2.958952188491821289e-01,1.794912517070770264e-01,8.798949420452117920e-02,2.986747212707996368e-02,-2.438564551994204521e-04,-8.555038832128047943e-03,-7.568359840661287308e-03,-7.077864836901426315e-03,-6.281411275267601013e-03,-4.875981714576482773e-03,-4.922585096210241318e-03,-6.533376872539520264e-03,-8.595266379415988922e-03,-9.064930491149425507e-03,-1.149161346256732941e-02,-1.312108431011438370e-02,-1.353260036557912827e-02,-1.666797138750553131e-02,-1.647138409316539764e-02,-1.442518085241317749e-02,-1.181067060679197311e-02,-1.024727337062358856e-02,-8.108770474791526794e-03,-5.138357635587453842e-03,-1.127932104282081127e-03,-1.896521425805985928e-04,-1.705470494925975800e-04,4.279706336092203856e-04,4.057907208334654570e-04,-4.525518743321299553e-04,-1.773646683432161808e-03,-2.037518424913287163e-03,-3.760355291888117790e-03,-5.316045600920915604e-03,-5.848789121955633163e-03,-5.728673189878463745e-03,-5.902464501559734344e-03,-6.106530781835317612e-03,-5.612641107290983200e-03,-5.887062754482030869e-03,-5.239903461188077927e-03,-3.112934995442628860e-03,-1.794033218175172806e-03,-1.128165400587022305e-03,-4.310255462769418955e-04,1.458938466385006905e-03,4.910726565867662430e-03,6.103985477238893509e-03,4.484232515096664429e-03,3.292845562100410461e-03,1.706243143416941166e-03,4.981640959158539772e-04,6.120587349869310856e-04,7.270856294780969620e-04,6.082876279833726585e-05,-1.213495270349085331e-03,-1.605986384674906731e-03,-3.338214242830872536e-03,-5.226812791079282761e-03,-6.488819140940904617e-03,-2.603843109682202339e-03,2.372975177422631532e-05,1.381315407343208790e-03,2.280557295307517052e-03,4.336919169872999191e-03,6.023490335792303085e-03,6.627758499234914780e-03
2.491320371627807617e+00,2.448495149612426758e+00,2.400892257690429688e+00,2.349983215332031250e+00,2.301634788513183594e+00,2.249907970428466797e+00,2.194321155548095703e+00,2.131928205490112305e+00,2.070857048034667969e+00,2.005857467651367188e+00,1.934186220169067383e+00,1.859982490539550781e+00,1.784591317176818848e+00,1.707301259040832520e+00,1.619680523872375488e+00,1.527117490768432617e+00,1.429644227027893066e+00,1.323909044265747070e+00,1.203661918640136719e+00,1.072553753852844238e+00,9.285047650337219238e-01,7.750431895256042480e-01,6.170228719711303711e-01,4.555869996547698975e-01,3.128842711448669434e-01,1.920203268527984619e-01,9.032405912876129150e-02,1.156877726316452026e-02,-3.641746565699577332e-02,-6.499805301427841187e-02,-7.455646246671676636e-02,-8.179707825183868408e-02,-8.883224427700042725e-02,-9.612789750099182129e-02,-1.000690758228302002e-01,-1.021716371178627014e-01,-1.028671786189079285e-01,-1.040486618876457214e-01,-1.034697815775871277e-01,-1.015349775552749634e-01,-9.797816723585128784e-02,-9.512671828269958496e-02,-9.119599312543869019e-02,-8.514816313982009888e-02,-7.366087287664413452e-02,-5.962727591395378113e-02,-4.343064129352569580e-02,-2.735218964517116547e-02,-1.519391033798456192e-02,-6.439892109483480453e-03,-2.237400040030479431e-03,-5.760455969721078873e-04,-6.469391519203782082e-04,-2.652450464665889740e-03,-5.919132847338914871e-03,-9.662732481956481934e-03,-1.382327638566493988e-02,-1.998102106153964996e-02,-2.461064979434013367e-02,-2.801730483770370483e-02,-3.072121180593967438e-02,-3.260798752307891846e-02,-3.367188200354576111e-02,-3.344243019819259644e-02,-3.643444925546646118e-02,-4.199661314487457275e-02,-5.044571682810783386e-02,-6.210805848240852356e-02,-7.687252759933471680e-02,-9.422794729471206665e-02,-1.112003549933433533e-01,-1.298639178276062012e-01,-1.496462672948837280e-01,-1.702945381402969360e-01,-1.878119409084320068e-01,-2.061575502157211304e-01,-2.275192588567733765e-01,-2.388378530740737915e-01,-2.457494437694549561e-01,-2.490689456462860107e-01,-2.557125389575958252e-01,-2.579075992107391357e-01,-2.576904892921447754e-01,-2.593161165714263916e-01,-2.646085321903228760e-01,-2.701882719993591309e-01,-2.735319137573242188e-01,-2.789041697978973389e-01,-2.845084667205810547e-01,-2.900240123271942139e-01
3.541057348251342773e+00,3.501679182052612305e+00,3.458478689193725586e+00,3.411324262619018555e+00,3.361724138259887695e+00,3.307465553283691406e+00,3.248096704483032227e+00,3.182672739028930664e+00,3.116622447967529297e+00,3.050082206726074219e+00,2.976364135742187500e+00,2.900936126708984375e+00,2.823826074600219727e+00,2.742072582244873047e+00,2.655850887298583984e+00,2.564011335372924805e+00,2.461624383926391602e+00,2.351102828979492188e+00,2.230143308639526367e+00,2.082757711410522461e+00,1.921899199485778809e+00,1.744634985923767090e+00,1.555313825607299805e+00,1.363188505172729492e+00,1.169076561927795410e+00,9.725289940834045410e-01,7.818089723587036133e-01,6.023253202438354492e-01,4.469096958637237549e-01,3.096111416816711426e-01,1.991930603981018066e-01,1.229417026042938232e-01,6.385327130556106567e-02,2.621776238083839417e-02,5.469833035022020340e-03,-7.310204207897186279e-03,-1.075631100684404373e-02,-1.110610179603099823e-02,-1.029615104198455811e-02,-8.574078790843486786e-03,-5.588620435446500778e-03,-2.614980563521385193e-03,-6.326580187305808067e-04,-8.022653491934761405e-05,-1.014318258967250586e-04,-5.003969999961555004e-04,-2.873667515814304352e-03,-5.779443308711051941e-03,-8.233441971242427826e-03,-1.081663928925991058e-02,-1.304951217025518417e-02,-1.387266628444194794e-02,-1.185495685786008835e-02,-8.895396254956722260e-03,-6.750584580004215240e-03,-6.047446746379137039e-03,-6.119430530816316605e-03,-6.811884231865406036e-03,-6.175348535180091858e-03,-5.082470830529928207e-03,-4.846741445362567902e-03,-4.300029017031192780e-03,-3.476254642009735107e-03,-1.999238505959510803e-03,-7.468882831744849682e-04,2.102476901200134307e-05,-1.507845707237720490e-03,-2.961264224722981453e-03,-4.444412421435117722e-03,-6.481682881712913513e-03,-7.618278730660676956e-03,-8.352661505341529846e-03,-1.061713416129350662e-02,-9.452128782868385315e-03,-6.259846966713666916e-03,-6.570698693394660950e-03,-8.022203110158443451e-03,-1.002997625619173050e-02,-8.154099807143211365e-03,-5.946518853306770325e-03,-3.390117315575480461e-03,7.991887978278100491e-04,3.072137013077735901e-03,3.696219297125935555e-03,3.410046221688389778e-03,2.700162818655371666e-03,1.619817689061164856e-03,1.249648630619049072e-03,6.052386015653610229e-04,-3.042711468879133463e-04
3.115492343902587891e+00,3.067653894424438477e+00,3.022058486938476562e+00,2.978783369064331055e+00,2.927993774414062500e+00,2.873234987258911133e+00,2.814225196838378906e+00,2.760092020034790039e+00,2.698265075683593750e+00,2.627116918563842773e+00,2.560296535491943359e+00,2.493917226791381836e+00,2.427803516387939453e+00,2.340061902999877930e+00,2.251422166824340820e+00,2.163700819015502930e+00,2.055868387222290039e+00,1.934997439384460449e+00,1.797827601432800293e+00,1.648770451545715332e+00,1.494240164756774902e+00,1.333249449729919434e+00,1.162144660949707031e+00,9.950389266014099121e-01,8.369485735893249512e-01,6.835706233978271484e-01,5.308894515037536621e-01,3.781315982341766357e-01,2.379056662321090698e-01,1.232253760099411011e-01,5.396039038896560669e-02,2.046664245426654816e-02,-6.406655302271246910e-04,-1.104021817445755005e-02,-1.721042767167091370e-02,-2.239426597952842712e-02,-2.753905393183231354e-02,-3.016055561602115631e-02,-3.250290825963020325e-02,-3.574725985527038574e-02,-3.493886440992355347e-02,-3.173035010695457458e-02,-2.514962852001190186e-02,-2.193336561322212219e-02,-1.951470226049423218e-02,-1.636528596282005310e-02,-1.121311541646718979e-02,-6.434949114918708801e-03,-5.053518805652856827e-03,-2.418304560706019402e-03,-5.279940669424831867e-04,-2.924274886026978493e-03,-6.335370708256959915e-03,-9.090808220207691193e-03,-7.669451180845499039e-03,-6.823789793998003006e-03,-5.999924149364233017e-03,-4.168283194303512573e-03,-3.798001911491155624e-03,-4.360353108495473862e-03,-6.091288290917873383e-03,-5.580810829997062683e-03,-4.574050661176443100e-03,-7.195959798991680145e-03,-1.163255609571933746e-02,-1.644946448504924774e-02,-1.729766465723514557e-02,-2.251797914505004883e-02,-3.076707944273948669e-02,-4.220416396856307983e-02,-5.465166643261909485e-02,-6.800393760204315186e-02,-8.364602923393249512e-02,-9.670068323612213135e-02,-1.081133112311363220e-01,-1.209538653492927551e-01,-1.363665908575057983e-01,-1.534039974212646484e-01,-1.667754352092742920e-01,-1.846707165241241455e-01,-2.058689743280410767e-01,-2.221894860267639160e-01,-2.388269454240798950e-01,-2.561824321746826172e-01,-2.863806188106536865e-01,-3.113605976104736328e-01,-3.315513432025909424e-01,-3.473322987556457520e-01,-3.590256869792938232e-01,-3.667677938938140869e-01
2.445358753204345703e+00,2.428768157958984375e+00,2.410438537597656250e+00,2.393266677856445312e+00,2.382237672805786133e+00,2.367563486099243164e+00,2.351326942443847656e+00,2.333851337432861328e+00,2.315189361572265625e+00,2.295131206512451172e+00,2.274320602416992188e+00,2.252665042877197266e+00,2.224268913269042969e+00,2.196870088577270508e+00,2.170459747314453125e+00,2.145202875137329102e+00,2.117160081863403320e+00,2.085474729537963867e+00,2.050718307495117188e+00,2.014149665832519531e+00,1.977114319801330566e+00,1.936905980110168457e+00,1.892902851104736328e+00,1.846896886825561523e+00,1.799022793769836426e+00,1.749626278877258301e+00,1.698756337165832520e+00,1.646767497062683105e+00,1.592464923858642578e+00,1.537146449089050293e+00,1.483111739158630371e+00,1.428207635879516602e+00,1.369182944297790527e+00,1.306290864944458008e+00,1.243460178375244141e+00,1.176365971565246582e+00,1.107298493385314941e+00,1.037004113197326660e+00,9.608679413795471191e-01,8.772282004356384277e-01,7.881565093994140625e-01,6.952281594276428223e-01,5.978424549102783203e-01,4.979745745658874512e-01,3.965748548507690430e-01,2.959190309047698975e-01,2.058426439762115479e-01,1.288054138422012329e-01,6.647301465272903442e-02,2.204265259206295013e-02,-5.263641476631164551e-03,-1.845285296440124512e-02,-1.787405461072921753e-02,-5.216431338340044022e-03,6.828981917351484299e-03,1.697992719709873199e-02,2.302856743335723877e-02,2.357072010636329651e-02,2.315142750740051270e-02,2.247006259858608246e-02,2.048330008983612061e-02,1.940623857080936432e-02,1.878346689045429230e-02,1.838407479226589203e-02,1.617878116667270660e-02,1.423920225352048874e-02,1.100256014615297318e-02,3.999200183898210526e-03,-4.669189918786287308e-03,-1.487766299396753311e-02,-2.701622992753982544e-02,-4.286193475127220154e-02,-6.133408099412918091e-02,-8.180677145719528198e-02,-1.042166054248809814e-01,-1.290850639343261719e-01,-1.562628149986267090e-01,-1.853015571832656860e-01,-2.160890400409698486e-01,-2.461093366146087646e-01,-2.762409448623657227e-01,-3.018046021461486816e-01,-3.103438019752502441e-01,-3.019910156726837158e-01,-2.899373173713684082e-01,-2.768877148628234863e-01,-2.613085806369781494e-01,-2.458466440439224243e-01,-2.308369576930999756e-01,-2.165289521217346191e-01
3.076615333557128906e+00,3.048853635787963867e+00,3.020297527313232422e+00,2.990272045135498047e+00,2.954467535018920898e+00,2.918510198593139648e+00,2.879952192306518555e+00,2.834110736846923828e+00,2.783139467239379883e+00,2.731746673583984375e+00,2.681438207626342773e+00,2.627126455307006836e+00,2.572928190231323242e+00,2.518494606018066406e+00,2.457992792129516602e+00,2.389761686325073242e+00,2.317862510681152344e+00,2.248162031173706055e+00,2.173556566238403320e+00,2.093752145767211914e+00,2.006590127944946289e+00,1.919095277786254883e+00,1.819637894630432129e+00,1.705884933471679688e+00,1.570413708686828613e+00,1.418329834938049316e+00,1.249583959579467773e+00,1.052565336227416992e+00,8.627526760101318359e-01,6.844725608825683594e-01,5.277285575866699219e-01,3.802843987941741943e-01,2.371896654367446899e-01,9.793062508106231689e-02,-2.045362256467342377e-02,-1.140801608562469482e-01,-1.794726401567459106e-01,-1.810086965560913086e-01,-1.639313846826553345e-01,-1.389426738023757935e-01,-1.169372648000717163e-01,-9.861869364976882935e-02,-8.297765254974365234e-02,-7.037638127803802490e-02,-5.797564610838890076e-02,-4.540067166090011597e-02,-3.270544484257698059e-02,-2.099362947046756744e-02,-9.353327564895153046e-03,2.192415297031402588e-03,1.351989340037107468e-02,2.562911622226238251e-02,3.723440319299697876e-02,4.725749045610427856e-02,5.541765689849853516e-02,6.466867029666900635e-02,7.550542056560516357e-02,8.470849692821502686e-02,9.334480762481689453e-02,1.011239439249038696e-01,1.062658503651618958e-01,1.093101873993873596e-01,1.123158037662506104e-01,1.174903884530067444e-01,1.210442110896110535e-01,1.242429241538047791e-01,1.273773610591888428e-01,1.304215192794799805e-01,1.330017894506454468e-01,1.356259882450103760e-01,1.424401104450225830e-01,1.533804088830947876e-01,1.673001199960708618e-01,1.841889470815658569e-01,1.990178078413009644e-01,2.111047953367233276e-01,2.192002087831497192e-01,2.310686260461807251e-01,2.426786124706268311e-01,2.536867558956146240e-01,2.652235031127929688e-01,2.777572870254516602e-01,2.911666333675384521e-01,3.057159483432769775e-01,3.217859864234924316e-01,3.382016718387603760e-01,3.542025983333587646e-01,3.715415596961975098e-01,3.899976909160614014e-01,4.096450805664062500e-01
1.851038932800292969e+00,1.827819228172302246e+00,1.804448008537292480e+00,1.779442906379699707e+00,1.751810669898986816e+00,1.721120476722717285e+00,1.688723325729370117e+00,1.654565095901489258e+00,1.618749618530273438e+00,1.581560373306274414e+00,1.546323180198669434e+00,1.506854295730590820e+00,1.465519785881042480e+00,1.424650788307189941e+00,1.385941982269287109e+00,1.347135663032531738e+00,1.307911157608032227e+00,1.267104268074035645e+00,1.222256898880004883e+00,1.173178791999816895e+00,1.123147368431091309e+00,1.071265220642089844e+00,1.016939520835876465e+00,9.647008180618286133e-01,9.113566279411315918e-01,8.564227819442749023e-01,8.004704117774963379e-01,7.457041740417480469e-01,6.848608851432800293e-01,6.213036179542541504e-01,5.551829338073730469e-01,4.861013889312744141e-01,4.078662097454071045e-01,3.267712593078613281e-01,2.415576577186584473e-01,1.557887196540832520e-01,8.486739546060562134e-02,3.996795788407325745e-02,1.792266778647899628e-02,1.397885009646415710e-02,2.104803547263145447e-02,2.715439163148403168e-02,2.913813479244709015e-02,2.831111289560794830e-02,2.549868263304233551e-02,2.051515877246856689e-02,1.411353703588247299e-02,7.665042299777269363e-03,2.157586626708507538e-03,-1.265113474801182747e-03,-3.102143236901611090e-04,-5.130704957991838455e-03,-1.960352621972560883e-02,-4.556930810213088989e-02,-7.992477715015411377e-02,-1.123433038592338562e-01,-1.401832252740859985e-01,-1.621039211750030518e-01,-1.769525706768035889e-01,-1.846800595521926880e-01,-1.910249590873718262e-01,-1.982615590095520020e-01,-2.077498286962509155e-01,-2.162015140056610107e-01,-2.222685962915420532e-01,-2.271387130022048950e-01,-2.310253679752349854e-01,-2.334347069263458252e-01,-2.366484254598617554e-01,-2.417778074741363525e-01,-2.478278279304504395e-01,-2.534508109092712402e-01,-2.561598718166351318e-01,-2.563762664794921875e-01,-2.543450295925140381e-01,-2.508158981800079346e-01,-2.478605210781097412e-01,-2.434037327766418457e-01,-2.395110130310058594e-01,-2.357676327228546143e-01,-2.312797158956527710e-01,-2.249124944210052490e-01,-2.199313491582870483e-01,-2.171724736690521240e-01,-2.183995395898818970e-01,-2.294419556856155396e-01,-2.515591681003570557e-01,-2.755212485790252686e-01,-2.983701825141906738e-01,-3.181655704975128174e-01
4.405220031738281250e+00,4.383469104766845703e+00,4.360938549041748047e+00,4.337856769561767578e+00,4.314591407775878906e+00,4.289938449859619141e+00,4.263934135437011719e+00,4.236479282379150391e+00,4.207329750061035156e+00,4.178553104400634766e+00,4.147877693176269531e+00,4.111410617828369141e+00,4.070013999938964844e+00,4.024804115295410156e+00,3.975437879562377930e+00,3.917893886566162109e+00,3.853379011154174805e+00,3.781670331954956055e+00,3.700610160827636719e+00,3.613126039505004883e+00,3.518327713012695312e+00,3.416779756546020508e+00,3.310489177703857422e+00,3.189866304397583008e+00,3.042016983032226562e+00,2.854150295257568359e+00,2.576023340225219727e+00,2.138309001922607422e+00,1.553842782974243164e+00,8.288875818252563477e-01,3.527152538299560547e-01,8.185050636529922485e-02,1.914139837026596069e-02,5.225581582635641098e-03,-1.035071816295385361e-02,-2.386914566159248352e-02,-2.741063572466373444e-02,-2.385534904897212982e-02,-1.792549900710582733e-02,-1.077583711594343185e-02,-4.524841904640197754e-03,1.391419791616499424e-03,7.456507999449968338e-03,1.431969739496707916e-02,2.245402149856090546e-02,3.034287132322788239e-02,3.743773326277732849e-02,4.133728519082069397e-02,4.164457321166992188e-02,4.028242826461791992e-02,3.838019445538520813e-02,3.601518645882606506e-02,3.280812129378318787e-02,2.840374968945980072e-02,2.116351760923862457e-02,1.384675409644842148e-02,6.762288976460695267e-03,1.040352144627831876e-04,-7.651457097381353378e-03,-1.578980870544910431e-02,-2.391230873763561249e-02,-3.099169395864009857e-02,-3.794861212372779846e-02,-4.715507850050926208e-02,-5.951828137040138245e-02,-7.297573983669281006e-02,-8.849048614501953125e-02,-1.059597432613372803e-01,-1.258303076028823853e-01,-1.498591601848602295e-01,-1.768401712179183960e-01,-2.065713852643966675e-01,-2.383749336004257202e-01,-2.709840238094329834e-01,-3.018894791603088379e-01,-3.278926610946655273e-01,-3.371064364910125732e-01,-3.370943367481231689e-01,-3.298233747482299805e-01,-3.209871053695678711e-01,-3.119274973869323730e-01,-3.032203018665313721e-01,-2.953400909900665283e-01,-2.833549380302429199e-01,-2.740851640701293945e-01,-2.660681307315826416e-01,-2.531546354293823242e-01,-2.406214177608489990e-01,-2.289512306451797485e-01,-2.184612601995468140e-01
2.607467174530029297e+00,2.592916727066040039e+00,2.578216552734375000e+00,2.563050270080566406e+00,2.546997070312500000e+00,2.524313926696777344e+00,2.500713109970092773e+00,2.477095603942871094e+00,2.454558134078979492e+00,2.425291776657104492e+00,2.392275810241699219e+00,2.356723308563232422e+00,2.320703983306884766e+00,2.280427932739257812e+00,2.238421440124511719e+00,2.194473505020141602e+00,2.145802021026611328e+00,2.093837738037109375e+00,2.041543245315551758e+00,1.988643765449523926e+00,1.928066253662109375e+00,1.867213845252990723e+00,1.803758978843688965e+00,1.736450910568237305e+00,1.663889408111572266e+00,1.592540860176086426e+00,1.515694618225097656e+00,1.429049491882324219e+00,1.341232538223266602e+00,1.253178596496582031e+00,1.164754509925842285e+00,1.075811505317687988e+00,9.904875159263610840e-01,8.810034990310668945e-01,7.525070905685424805e-01,6.112099289894104004e-01,4.613185524940490723e-01,3.112867474555969238e-01,1.725689172744750977e-01,6.831151992082595825e-02,-1.539025828242301941e-02,-1.081933528184890747e-01,-1.968536674976348877e-01,-2.294174283742904663e-01,-1.961719691753387451e-01,-1.450812667608261108e-01,-9.095752239227294922e-02,-5.397274345159530640e-02,-3.069901093840599060e-02,-1.315147057175636292e-02,1.542763551697134972e-03,1.608881913125514984e-02,3.073123842477798462e-02,4.428637027740478516e-02,5.600922554731369019e-02,6.436533480882644653e-02,7.315460592508316040e-02,8.195778727531433105e-02,9.045668691396713257e-02,9.751436114311218262e-02,1.043013483285903931e-01,1.104772537946701050e-01,1.156336888670921326e-01,1.197038367390632629e-01,1.209263280034065247e-01,1.198150664567947388e-01,1.170556098222732544e-01,1.148652285337448120e-01,1.111317500472068787e-01,1.059225425124168396e-01,9.967855364084243774e-02,9.103398770093917847e-02,8.164432644844055176e-02,7.177983224391937256e-02,6.142858415842056274e-02,4.911608994007110596e-02,3.623638302087783813e-02,2.265739068388938904e-02,5.826931912451982498e-03,-1.325634866952896118e-02,-3.344691917300224304e-02,-5.466132611036300659e-02,-7.972501963376998901e-02,-1.068182364106178284e-01,-1.365872472524642944e-01,-1.694614440202713013e-01,-2.038445770740509033e-01,-2.367382943630218506e-01,-2.663802504539489746e-01,-2.911534011363983154e-01
2.307826042175292969e+00,2.275523662567138672e+00,2.235671520233154297e+00,2.191456556320190430e+00,2.146096229553222656e+00,2.106451272964477539e+00,2.055912733078002930e+00,2.002002239227294922e+00,1.948987722396850586e+00,1.901307463645935059e+00,1.843831181526184082e+00,1.784777998924255371e+00,1.726860642433166504e+00,1.671971917152404785e+00,1.596433997154235840e+00,1.529129505157470703e+00,1.467785835266113281e+00,1.404577612876892090e+00,1.323033809661865234e+00,1.246082544326782227e+00,1.170463800430297852e+00,1.092437505722045898e+00,1.003261089324951172e+00,9.185924530029296875e-01,8.275042772293090820e-01,7.223271727561950684e-01,5.905715823173522949e-01,4.719828069210052490e-01,3.578387498855590820e-01,2.509001195430755615e-01,1.658505648374557495e-01,1.056393384933471680e-01,5.970838293433189392e-02,2.670859359204769135e-02,6.423489656299352646e-03,5.246941000223159790e-03,4.069679416716098785e-03,2.336034551262855530e-03,4.476767790038138628e-04,5.537425633519887924e-03,7.626199629157781601e-03,7.581144571304321289e-03,6.108829751610755920e-03,4.557663109153509140e-03,3.120847744867205620e-03,3.738829167559742928e-03,5.020076408982276917e-03,5.284291110001504421e-04,-3.723511006683111191e-03,-5.276987794786691666e-03,-4.201701376587152481e-03,-1.332027255557477474e-03,4.175998736172914505e-03,9.666117839515209198e-03,1.384977251291275024e-02,1.558012422174215317e-02,1.578457839787006378e-02,1.410254463553428650e-02,1.177490316331386566e-02,9.741459973156452179e-03,9.202533401548862457e-03,7.483342662453651428e-03,7.263626437634229660e-03,8.451200090348720551e-03,7.269972935318946838e-03,8.000347763299942017e-03,1.041007973253726959e-02,1.282170601189136505e-02,1.195222325623035431e-02,1.010425109416246414e-02,1.166671328246593475e-02,1.325771585106849670e-02,1.071890257298946381e-02,1.023897714912891388e-02,9.982301853597164154e-03,9.493264369666576385e-03,8.746259845793247223e-03,1.043929532170295715e-02,1.121891103684902191e-02,1.028498820960521698e-02,7.913846522569656372e-03,6.577423773705959320e-03,4.847203381359577179e-03,6.001796573400497437e-03,8.841681294143199921e-03,9.118615649640560150e-03,1.151428464800119400e-02,1.092520542442798615e-02,8.784815669059753418e-03,7.540748920291662216e-03
2.245555162429809570e+00,2.222524642944335938e+00,2.200139999389648438e+00,2.176705598831176758e+00,2.148042440414428711e+00,2.117235898971557617e+00,2.086044073104858398e+00,2.054651260375976562e+00,2.017627716064453125e+00,1.978279471397399902e+00,1.936502099037170410e+00,1.891376018524169922e+00,1.845084786415100098e+00,1.796945810317993164e+00,1.746568560600280762e+00,1.691853523254394531e+00,1.641206741333007812e+00,1.589536786079406738e+00,1.531836867332458496e+00,1.469350934028625488e+00,1.408640027046203613e+00,1.347783327102661133e+00,1.274276256561279297e+00,1.200125694274902344e+00,1.124988079071044922e+00,1.048473477363586426e+00,9.614592790603637695e-01,8.704123497009277344e-01,7.736875414848327637e-01,6.640397906303405762e-01,5.543582439422607422e-01,4.443936347961425781e-01,3.339809477329254150e-01,2.206119596958160400e-01,1.109936311841011047e-01,9.584695100784301758e-03,-7.235819846391677856e-02,-1.135854497551918030e-01,-1.283615976572036743e-01,-1.197768300771713257e-01,-1.031361445784568787e-01,-8.793157339096069336e-02,-7.426481693983078003e-02,-6.273569911718368530e-02,-5.420326441526412964e-02,-4.720388725399971008e-02,-4.150909185409545898e-02,-3.695052489638328552e-02,-3.184969350695610046e-02,-2.540761791169643402e-02,-1.665367931127548218e-02,-5.248203873634338379e-03,4.845540504902601242e-03,1.309748552739620209e-02,1.806367933750152588e-02,2.240804024040699005e-02,2.593757584691047668e-02,2.842633239924907684e-02,2.881553396582603455e-02,2.810177393257617950e-02,2.634963020682334900e-02,2.339496649801731110e-02,1.949173584580421448e-02,1.437765825539827347e-02,7.899401709437370300e-03,1.270937151275575161e-03,-5.200610030442476273e-03,-1.146669872105121613e-02,-1.738048903644084930e-02,-2.181506343185901642e-02,-2.764460444450378418e-02,-3.557786718010902405e-02,-4.644263535737991333e-02,-5.629499629139900208e-02,-6.664546579122543335e-02,-7.926556468009948730e-02,-9.918672591447830200e-02,-1.159568652510643005e-01,-1.262128055095672607e-01,-1.165561676025390625e-01,-9.899176657199859619e-02,-7.913679629564285278e-02,-6.036942079663276672e-02,-4.090185090899467468e-02,-2.214339748024940491e-02,-4.850260447710752487e-03,8.169170469045639038e-03,2.596591785550117493e-02,4.459947720170021057e-02,6.245173513889312744e-02
2.931636810302734375e+00,2.899299621582031250e+00,2.865357875823974609e+00,2.828727006912231445e+00,2.787154674530029297e+00,2.741405963897705078e+00,2.696309089660644531e+00,2.651226520538330078e+00,2.600427865982055664e+00,2.549463987350463867e+00,2.497305870056152344e+00,2.443498849868774414e+00,2.389041423797607422e+00,2.337257385253906250e+00,2.284488916397094727e+00,2.226634740829467773e+00,2.167590856552124023e+00,2.107678413391113281e+00,2.044959545135498047e+00,1.973406553268432617e+00,1.899760842323303223e+00,1.821655154228210449e+00,1.737993001937866211e+00,1.645967602729797363e+00,1.549564957618713379e+00,1.447174429893493652e+00,1.336910605430603027e+00,1.222091197967529297e+00,1.091993927955627441e+00,9.485542178153991699e-01,7.933595180511474609e-01,6.401497721672058105e-01,5.025157332420349121e-01,3.889515399932861328e-01,3.328579068183898926e-01,3.053181171417236328e-01,2.899836301803588867e-01,2.801365256309509277e-01,2.711897790431976318e-01,2.585411965847015381e-01,2.421898394823074341e-01,2.214592993259429932e-01,1.958134472370147705e-01,1.679482161998748779e-01,1.384503841400146484e-01,1.081808879971504211e-01,7.886831462383270264e-02,5.302644148468971252e-02,3.105277754366397858e-02,7.023842539638280869e-03,-1.945539936423301697e-02,-4.719572141766548157e-02,-7.542272657155990601e-02,-1.007179617881774902e-01,-1.215570941567420959e-01,-1.376611441373825073e-01,-1.476772278547286987e-01,-1.561578810214996338e-01,-1.644749343395233154e-01,-1.723760664463043213e-01,-1.767027825117111206e-01,-1.792312562465667725e-01,-1.816836148500442505e-01,-1.849108338356018066e-01,-1.853947192430496216e-01,-1.849764287471771240e-01,-1.835297793149948120e-01,-1.806879341602325439e-01,-1.731061488389968872e-01,-1.616698205471038818e-01,-1.477530002593994141e-01,-1.358502060174942017e-01,-1.277292519807815552e-01,-1.236516684293746948e-01,-1.238349676132202148e-01,-1.265685260295867920e-01,-1.292729377746582031e-01,-1.312737017869949341e-01,-1.318272948265075684e-01,-1.286218166351318359e-01,-1.253231912851333618e-01,-1.223533302545547485e-01,-1.203514561057090759e-01,-1.171450465917587280e-01,-1.131657063961029053e-01,-1.084418594837188721e-01,-1.025831475853919983e-01,-9.686458110809326172e-02,-9.314594417810440063e-02,-9.275908023118972778e-02
2.557901620864868164e+00,2.502922534942626953e+00,2.448335886001586914e+00,2.389955282211303711e+00,2.325302124023437500e+00,2.253555059432983398e+00,2.175754547119140625e+00,2.095590829849243164e+00,2.011160850524902344e+00,1.922230243682861328e+00,1.830674886703491211e+00,1.736334323883056641e+00,1.634336471557617188e+00,1.529967904090881348e+00,1.427232503890991211e+00,1.328012347221374512e+00,1.205925464630126953e+00,1.068460345268249512e+00,8.971519470214843750e-01,6.934272050857543945e-01,4.957085251808166504e-01,3.300355672836303711e-01,1.866844594478607178e-01,6.853868067264556885e-02,-2.993778325617313385e-02,-1.330114006996154785e-01,-1.818989217281341553e-01,-1.876949816942214966e-01,-1.650660485029220581e-01,-1.312532871961593628e-01,-1.079272329807281494e-01,-9.003756940364837646e-02,-7.836356759071350098e-02,-7.157760113477706909e-02,-6.747156381607055664e-02,-6.241850554943084717e-02,-5.831351503729820251e-02,-5.405621603131294250e-02,-4.625326767563819885e-02,-3.323707357048988342e-02,-2.033188007771968842e-02,-1.390334870666265488e-02,-9.454654529690742493e-03,-6.012664642184972763e-03,-3.135235980153083801e-03,-3.527140361256897449e-04,1.031726947985589504e-03,2.634641947224736214e-03,3.945067990571260452e-03,4.099065903574228287e-03,2.657414413988590240e-03,1.034421753138303757e-02,2.400317043066024780e-02,3.967557847499847412e-02,5.347895622253417969e-02,6.535048037767410278e-02,7.866410911083221436e-02,9.362439811229705811e-02,1.091343909502029419e-01,1.238757893443107605e-01,1.388769596815109253e-01,1.570592969655990601e-01,1.761231273412704468e-01,1.949629485607147217e-01,2.129308134317398071e-01,2.302869558334350586e-01,2.466834038496017456e-01,2.660336494445800781e-01,2.892357707023620605e-01,3.156175613403320312e-01,3.431774973869323730e-01,3.700450360774993896e-01,3.948590457439422607e-01,4.168652892112731934e-01,4.358224272727966309e-01,4.537932276725769043e-01,4.686990082263946533e-01,4.829775094985961914e-01,4.967711567878723145e-01,5.087102651596069336e-01,5.141270160675048828e-01,5.206964612007141113e-01,5.315786600112915039e-01,5.444360375404357910e-01,5.527246594429016113e-01,5.629833340644836426e-01,5.674229264259338379e-01,5.710741281509399414e-01,5.758970975875854492e-01,5.811830163002014160e-01
4.066701829433441162e-01,3.683404624462127686e-01,3.304799199104309082e-01,3.016559183597564697e-01,2.854735255241394043e-01,2.804429531097412109e-01,2.812799215316772461e-01,2.840653061866760254e-01,2.859321236610412598e-01,2.859651148319244385e-01,2.856787443161010742e-01,2.875556051731109619e-01,2.921330630779266357e-01,2.963024675846099854e-01,2.983342409133911133e-01,2.985869348049163818e-01,3.000959753990173340e-01,3.046650290489196777e-01,3.118295073509216309e-01,3.205063939094543457e-01,3.287240862846374512e-01,3.372270166873931885e-01,3.437953889369964600e-01,3.467197120189666748e-01,3.448294401168823242e-01,3.373931646347045898e-01,3.289335668087005615e-01,3.161381781101226807e-01,3.011527359485626221e-01,2.865955233573913574e-01,2.751491069793701172e-01,2.626177966594696045e-01,2.504899203777313232e-01,2.380785942077636719e-01,2.243008613586425781e-01,2.073406726121902466e-01,1.913259774446487427e-01,1.728085577487945557e-01,1.515473425388336182e-01,1.282212734222412109e-01,1.047348827123641968e-01,7.857017219066619873e-02,5.263728648424148560e-02,2.561574615538120270e-02,-4.334246274083852768e-03,-3.852663189172744751e-02,-7.309570908546447754e-02,-1.040366217494010925e-01,-1.289912313222885132e-01,-1.464869529008865356e-01,-1.560336351394653320e-01,-1.632871329784393311e-01,-1.733980029821395874e-01,-1.867218315601348877e-01,-2.016147077083587646e-01,-2.122209221124649048e-01,-2.187730371952056885e-01,-2.213234156370162964e-01,-2.206255793571472168e-01,-2.178918570280075073e-01,-2.142816781997680664e-01,-2.101684510707855225e-01,-2.080063372850418091e-01,-2.081204354763031006e-01,-2.096711695194244385e-01,-2.088719159364700317e-01,-2.079645544290542603e-01,-2.095082551240921021e-01,-2.127137482166290283e-01,-2.152412980794906616e-01,-2.159838229417800903e-01,-2.161280959844589233e-01,-2.148657739162445068e-01,-2.126694619655609131e-01,-2.108022421598434448e-01,-2.110199183225631714e-01,-2.178398966789245605e-01,-2.261304557323455811e-01,-2.345001101493835449e-01,-2.438242286443710327e-01,-2.563619017601013184e-01,-2.578372955322265625e-01,-2.473285645246505737e-01,-2.279268652200698853e-01,-2.062255442142486572e-01,-1.840319931507110596e-01,-1.603613346815109253e-01,-1.350828558206558228e-01,-1.080192029476165771e-01,-7.897065579891204834e-02
2.330133914947509766e+00,2.326830625534057617e+00,2.320326328277587891e+00,2.311812162399291992e+00,2.302613258361816406e+00,2.297438859939575195e+00,2.288022994995117188e+00,2.275946617126464844e+00,2.264507770538330078e+00,2.251930236816406250e+00,2.237293004989624023e+00,2.221205234527587891e+00,2.205394506454467773e+00,2.186826944351196289e+00,2.167248964309692383e+00,2.146850109100341797e+00,2.125055074691772461e+00,2.100436687469482422e+00,2.075706720352172852e+00,2.051245689392089844e+00,2.024517536163330078e+00,1.993917226791381836e+00,1.960808277130126953e+00,1.925848603248596191e+00,1.890990972518920898e+00,1.853986501693725586e+00,1.813983082771301270e+00,1.770352602005004883e+00,1.725782513618469238e+00,1.679976940155029297e+00,1.633309483528137207e+00,1.586071491241455078e+00,1.537712454795837402e+00,1.486084938049316406e+00,1.431772232055664062e+00,1.375413298606872559e+00,1.314533352851867676e+00,1.250280737876892090e+00,1.183646917343139648e+00,1.116238117218017578e+00,1.045014500617980957e+00,9.706673622131347656e-01,8.934342265129089355e-01,8.135089278221130371e-01,7.306541800498962402e-01,6.462229490280151367e-01,5.597078204154968262e-01,4.674211442470550537e-01,3.664913475513458252e-01,2.589024603366851807e-01,1.454396992921829224e-01,2.837847732007503510e-02,-7.840527594089508057e-02,-1.658223122358322144e-01,-2.280462384223937988e-01,-2.597437202930450439e-01,-2.846164107322692871e-01,-3.038218617439270020e-01,-3.179334998130798340e-01,-3.317707479000091553e-01,-3.452522754669189453e-01,-3.587926030158996582e-01,-3.728399276733398438e-01,-3.805250525474548340e-01,-3.891904950141906738e-01,-3.971493840217590332e-01,-4.013068974018096924e-01,-4.019500315189361572e-01,-4.037743210792541504e-01,-4.073449075222015381e-01,-4.131720364093780518e-01,-4.203601777553558350e-01,-4.289753139019012451e-01,-4.388642311096191406e-01,-4.495458304882049561e-01,-4.627378284931182861e-01,-4.763983488082885742e-01,-4.898497462272644043e-01,-5.022019743919372559e-01,-5.128734707832336426e-01,-5.214708447456359863e-01,-5.281065106391906738e-01,-5.358155369758605957e-01,-5.433638095855712891e-01,-5.501281619071960449e-01,-5.559481382369995117e-01,-5.654613971710205078e-01,-5.785736441612243652e-01,-5.939131975173950195e-01,-6.104915142059326172e-01
2.297504901885986328e+00,2.259493112564086914e+00,2.219021081924438477e+00,2.176415681838989258e+00,2.132381916046142578e+00,2.088421344757080078e+00,2.039072513580322266e+00,1.989330768585205078e+00,1.938257098197937012e+00,1.884081006050109863e+00,1.823218703269958496e+00,1.760202407836914062e+00,1.694042801856994629e+00,1.626082897186279297e+00,1.558919787406921387e+00,1.487446784973144531e+00,1.412952423095703125e+00,1.337507605552673340e+00,1.261334180831909180e+00,1.181819200515747070e+00,1.103538274765014648e+00,1.024550318717956543e+00,9.429882764816284180e-01,8.571968078613281250e-01,7.652359604835510254e-01,6.619825363159179688e-01,5.519645810127258301e-01,4.394921362400054932e-01,3.295705914497375488e-01,2.238772362470626831e-01,1.284352988004684448e-01,5.377146601676940918e-02,4.050647374242544174e-03,-2.211450040340423584e-02,-3.105069138109683990e-02,-3.736656531691551208e-02,-3.953645005822181702e-02,-3.666463121771812439e-02,-3.393061831593513489e-02,-3.609441220760345459e-02,-3.238866478204727173e-02,-2.502509951591491699e-02,-1.998284086585044861e-02,-1.458682678639888763e-02,-8.861610665917396545e-03,-3.610253566876053810e-03,-6.380339036695659161e-04,-3.429432399570941925e-03,-1.288593374192714691e-02,-2.197162248194217682e-02,-2.924640849232673645e-02,-3.384490311145782471e-02,-3.514507040381431580e-02,-3.031494468450546265e-02,-2.550394088029861450e-02,-2.231539972126483917e-02,-2.127681672573089600e-02,-2.176802232861518860e-02,-1.893393136560916901e-02,-1.391537021845579147e-02,-8.487520739436149597e-03,-5.545390769839286804e-03,-3.367358585819602013e-03,-4.515654407441616058e-03,-8.771905675530433655e-03,-1.486770529299974442e-02,-1.872968301177024841e-02,-2.078738808631896973e-02,-2.209431678056716919e-02,-2.224175631999969482e-02,-2.085374295711517334e-02,-2.029175683856010437e-02,-1.937716826796531677e-02,-1.862610317766666412e-02,-1.792347803711891174e-02,-1.671233028173446655e-02,-1.161311846226453781e-02,-8.068333379924297333e-03,-6.010957993566989899e-03,-5.348606035113334656e-03,-6.302283145487308502e-03,-1.002395153045654297e-02,-1.314469147473573685e-02,-1.566833443939685822e-02,-1.765646226704120636e-02,-1.508954353630542755e-02,-1.370713394135236740e-02,-1.468344312161207199e-02,-1.667336188256740570e-02,-1.666305027902126312e-02
3.263154268264770508e+00,3.232142925262451172e+00,3.198374271392822266e+00,3.161894321441650391e+00,3.121602058410644531e+00,3.073161363601684570e+00,3.018138170242309570e+00,2.964298963546752930e+00,2.908443212509155273e+00,2.851166963577270508e+00,2.794064521789550781e+00,2.741777896881103516e+00,2.691452980041503906e+00,2.634419441223144531e+00,2.580629348754882812e+00,2.528161764144897461e+00,2.473575830459594727e+00,2.414388179779052734e+00,2.352820158004760742e+00,2.290262222290039062e+00,2.215373039245605469e+00,2.134060621261596680e+00,2.047661542892456055e+00,1.955747485160827637e+00,1.858534455299377441e+00,1.751804709434509277e+00,1.642331838607788086e+00,1.525860667228698730e+00,1.394830226898193359e+00,1.252226948738098145e+00,1.102081537246704102e+00,9.420475363731384277e-01,7.698864340782165527e-01,6.038526892662048340e-01,4.520989358425140381e-01,3.284977972507476807e-01,2.257771044969558716e-01,1.487997770309448242e-01,1.152854934334754944e-01,9.048246592283248901e-02,7.190416008234024048e-02,5.040661618113517761e-02,2.906096167862415314e-02,8.064487017691135406e-03,-7.069766987115144730e-03,-1.498006656765937805e-02,-1.557567995041608810e-02,-4.955898504704236984e-03,8.326751179993152618e-03,2.352430112659931183e-02,3.083480335772037506e-02,3.455048799514770508e-02,3.607820346951484680e-02,4.377698153257369995e-02,5.584941431879997253e-02,7.175755500793457031e-02,9.463095664978027344e-02,1.168320178985595703e-01,1.370771080255508423e-01,1.484442055225372314e-01,1.553381085395812988e-01,1.594759523868560791e-01,1.612998694181442261e-01,1.637083292007446289e-01,1.670461893081665039e-01,1.728384047746658325e-01,1.837136894464492798e-01,1.972618699073791504e-01,2.132834792137145996e-01,2.260064184665679932e-01,2.372909635305404663e-01,2.474765330553054810e-01,2.594481110572814941e-01,2.728705406188964844e-01,2.884602248668670654e-01,3.041304349899291992e-01,3.162673413753509521e-01,3.218125402927398682e-01,3.205163776874542236e-01,3.171301186084747314e-01,3.120746910572052002e-01,3.038178086280822754e-01,2.957216799259185791e-01,2.883485257625579834e-01,2.772610783576965332e-01,2.667471766471862793e-01,2.572585046291351318e-01,2.495062500238418579e-01,2.394416928291320801e-01,2.268413454294204712e-01
3.023678779602050781e+00,3.004517316818237305e+00,2.983211994171142578e+00,2.959439516067504883e+00,2.932242870330810547e+00,2.904284238815307617e+00,2.875388860702514648e+00,2.845017671585083008e+00,2.810764312744140625e+00,2.773488283157348633e+00,2.734709501266479492e+00,2.695132255554199219e+00,2.658621788024902344e+00,2.618423700332641602e+00,2.574951171875000000e+00,2.528071403503417969e+00,2.481544971466064453e+00,2.433149337768554688e+00,2.383059978485107422e+00,2.331923484802246094e+00,2.276688337326049805e+00,2.219725370407104492e+00,2.161272525787353516e+00,2.098416328430175781e+00,2.030368328094482422e+00,1.960197448730468750e+00,1.889781832695007324e+00,1.809613108634948730e+00,1.727966070175170898e+00,1.643979310989379883e+00,1.555364966392517090e+00,1.456261992454528809e+00,1.355812549591064453e+00,1.253313064575195312e+00,1.137299537658691406e+00,1.025484800338745117e+00,9.124875664710998535e-01,7.948134541511535645e-01,6.452112197875976562e-01,4.775791466236114502e-01,3.026785850524902344e-01,1.325136870145797729e-01,4.325896501541137695e-02,-8.184213074855506420e-04,-1.073617208749055862e-02,-6.528290454298257828e-03,-2.326429355889558792e-03,1.248423475772142410e-03,4.364189691841602325e-03,1.129086781293153763e-02,1.737497746944427490e-02,2.213166467845439911e-02,2.497405745089054108e-02,2.715897560119628906e-02,2.835883758962154388e-02,2.843026444315910339e-02,2.688287198543548584e-02,2.690655365586280823e-02,2.794035524129867554e-02,2.946636825799942017e-02,2.893261983990669250e-02,2.379150129854679108e-02,1.873674988746643066e-02,1.628312095999717712e-02,1.740160398185253143e-02,1.373763941228389740e-02,8.745577186346054077e-03,7.124097552150487900e-03,6.791044492274522781e-03,6.308197509497404099e-03,5.918550305068492889e-03,7.168061565607786179e-03,1.103825494647026062e-02,1.487302314490079880e-02,1.787566952407360077e-02,2.210519090294837952e-02,2.503993548452854156e-02,2.831169962882995605e-02,3.349532186985015869e-02,3.277312591671943665e-02,3.191120550036430359e-02,3.009144775569438934e-02,2.440440654754638672e-02,1.962868310511112213e-02,1.843532547354698181e-02,2.065422572195529938e-02,2.009692229330539703e-02,2.039463445544242859e-02,2.200327999889850616e-02,2.533412165939807892e-02
2.542103290557861328e+00,2.526592016220092773e+00,2.506780862808227539e+00,2.483665943145751953e+00,2.459218978881835938e+00,2.433503150939941406e+00,2.406130790710449219e+00,2.376410007476806641e+00,2.348697900772094727e+00,2.317182064056396484e+00,2.281808614730834961e+00,2.244229078292846680e+00,2.207309484481811523e+00,2.167622566223144531e+00,2.120304584503173828e+00,2.073500871658325195e+00,2.025786876678466797e+00,1.976821422576904297e+00,1.925926923751831055e+00,1.878055214881896973e+00,1.829601049423217773e+00,1.773025155067443848e+00,1.716245174407958984e+00,1.658792376518249512e+00,1.600389957427978516e+00,1.532779335975646973e+00,1.468573927879333496e+00,1.406086921691894531e+00,1.338580131530761719e+00,1.267185807228088379e+00,1.193545579910278320e+00,1.118060588836669922e+00,1.024850010871887207e+00,9.257653355598449707e-01,8.216518163681030273e-01,7.097589373588562012e-01,5.987245440483093262e-01,4.903851151466369629e-01,3.882575035095214844e-01,2.937856018543243408e-01,2.104263007640838623e-01,1.399781107902526855e-01,8.829660713672637939e-02,4.852110520005226135e-02,2.186327241361141205e-02,1.747812889516353607e-02,1.925059780478477478e-02,2.186612039804458618e-02,2.325001172721385956e-02,2.234684675931930542e-02,1.869431696832180023e-02,1.307057030498981476e-02,8.456547744572162628e-03,3.484205342829227448e-03,-1.401192042976617813e-03,-5.814946722239255905e-03,-9.199644438922405243e-03,-1.442003436386585236e-02,-2.179325558245182037e-02,-3.086134232580661774e-02,-4.172874987125396729e-02,-5.459808558225631714e-02,-7.070533931255340576e-02,-8.422487229108810425e-02,-9.862682223320007324e-02,-1.148882359266281128e-01,-1.331274062395095825e-01,-1.537858843803405762e-01,-1.776885837316513062e-01,-2.086148262023925781e-01,-2.377821356058120728e-01,-2.662658691406250000e-01,-2.944348156452178955e-01,-3.115893304347991943e-01,-3.171465396881103516e-01,-3.124675154685974121e-01,-3.021910488605499268e-01,-2.903054654598236084e-01,-2.771488130092620850e-01,-2.625392973423004150e-01,-2.496450990438461304e-01,-2.349327057600021362e-01,-2.180534005165100098e-01,-2.021912038326263428e-01,-1.915599405765533447e-01,-1.848735064268112183e-01,-1.818286776542663574e-01,-1.751313656568527222e-01,-1.655686646699905396e-01,-1.530278176069259644e-01
2.394668102264404297e+00,2.354171991348266602e+00,2.314555168151855469e+00,2.274764299392700195e+00,2.233029127120971680e+00,2.186653614044189453e+00,2.141829967498779297e+00,2.097445726394653320e+00,2.044886827468872070e+00,1.992398381233215332e+00,1.940129756927490234e+00,1.887523889541625977e+00,1.822120785713195801e+00,1.756163954734802246e+00,1.687090277671813965e+00,1.611598730087280273e+00,1.530189871788024902e+00,1.447726845741271973e+00,1.362552642822265625e+00,1.268549680709838867e+00,1.178170442581176758e+00,1.088071227073669434e+00,9.966969490051269531e-01,8.980376720428466797e-01,7.888854146003723145e-01,6.653012633323669434e-01,5.227013230323791504e-01,3.725466430187225342e-01,2.301418036222457886e-01,9.863331913948059082e-02,-1.456466410309076309e-02,-8.748129010200500488e-02,-1.368112862110137939e-01,-1.649118363857269287e-01,-1.691204607486724854e-01,-1.597407609224319458e-01,-1.457883417606353760e-01,-1.311364769935607910e-01,-1.178995743393898010e-01,-1.057392880320549011e-01,-9.406072646379470825e-02,-8.221485465764999390e-02,-7.256878912448883057e-02,-6.267879158258438110e-02,-5.209822207689285278e-02,-3.998774662613868713e-02,-3.062538430094718933e-02,-2.254762500524520874e-02,-1.495979912579059601e-02,-3.383764065802097321e-03,8.907778188586235046e-03,2.172284945845603943e-02,3.498354554176330566e-02,4.811222851276397705e-02,6.032849103212356567e-02,7.185487449169158936e-02,8.309992402791976929e-02,9.372496604919433594e-02,1.039849519729614258e-01,1.138257384300231934e-01,1.226298958063125610e-01,1.277169585227966309e-01,1.298381686210632324e-01,1.291627436876296997e-01,1.289184987545013428e-01,1.281638145446777344e-01,1.267491579055786133e-01,1.243411600589752197e-01,1.209439113736152649e-01,1.159011870622634888e-01,1.096183359622955322e-01,1.037480980157852173e-01,9.747854620218276978e-02,9.110567718744277954e-02,8.483442664146423340e-02,8.018322288990020752e-02,7.154770195484161377e-02,6.096635758876800537e-02,5.001831427216529846e-02,3.640410676598548889e-02,1.821683906018733978e-02,-3.335213987156748772e-03,-2.564195357263088226e-02,-4.916651919484138489e-02,-7.279128581285476685e-02,-9.672612696886062622e-02,-1.243317648768424988e-01,-1.564483195543289185e-01,-1.872294396162033081e-01,-2.129999399185180664e-01
3.146441221237182617e+00,3.125621557235717773e+00,3.102415561676025391e+00,3.076361417770385742e+00,3.045598030090332031e+00,3.014005184173583984e+00,2.979996681213378906e+00,2.943096399307250977e+00,2.906051158905029297e+00,2.865704059600830078e+00,2.822977304458618164e+00,2.778454542160034180e+00,2.730525970458984375e+00,2.681852817535400391e+00,2.632375478744506836e+00,2.577780485153198242e+00,2.524840354919433594e+00,2.471674919128417969e+00,2.416475772857666016e+00,2.356905460357666016e+00,2.294693708419799805e+00,2.229581594467163086e+00,2.158989906311035156e+00,2.084685325622558594e+00,2.007458448410034180e+00,1.927229285240173340e+00,1.839660406112670898e+00,1.749040842056274414e+00,1.655520677566528320e+00,1.558328866958618164e+00,1.456253528594970703e+00,1.349698901176452637e+00,1.238067865371704102e+00,1.104450464248657227e+00,9.495221376419067383e-01,7.777001857757568359e-01,5.924620628356933594e-01,4.184224605560302734e-01,2.674498856067657471e-01,1.463984996080398560e-01,9.411563724279403687e-02,7.103019207715988159e-02,6.591097265481948853e-02,7.026524096727371216e-02,7.226267457008361816e-02,7.432790845632553101e-02,7.648421078920364380e-02,7.647319138050079346e-02,7.607625424861907959e-02,7.651632279157638550e-02,7.897946238517761230e-02,7.976224273443222046e-02,8.173924684524536133e-02,8.452049642801284790e-02,8.580005168914794922e-02,8.726016432046890259e-02,9.046630561351776123e-02,9.649036079645156860e-02,9.903170168399810791e-02,1.030891090631484985e-01,1.069039627909660339e-01,1.055494174361228943e-01,1.005551517009735107e-01,9.407988190650939941e-02,8.693340420722961426e-02,8.621292561292648315e-02,8.530116826295852661e-02,8.489965647459030151e-02,8.635077625513076782e-02,8.918295800685882568e-02,9.128876775503158569e-02,9.233129769563674927e-02,9.356337785720825195e-02,9.286046028137207031e-02,9.111059457063674927e-02,8.896425366401672363e-02,9.145253896713256836e-02,9.611801803112030029e-02,1.024481356143951416e-01,1.092667207121849060e-01,1.113436445593833923e-01,1.080144420266151428e-01,9.763869643211364746e-02,8.663308620452880859e-02,7.957525551319122314e-02,7.644841074943542480e-02,7.735153287649154663e-02,8.191068470478057861e-02,8.792784065008163452e-02,9.462254494428634644e-02
3.137820959091186523e+00,3.109449148178100586e+00,3.077118635177612305e+00,3.041949510574340820e+00,3.008231401443481445e+00,2.973251819610595703e+00,2.936280488967895508e+00,2.895184516906738281e+00,2.852979183197021484e+00,2.808273792266845703e+00,2.759988784790039062e+00,2.711043119430541992e+00,2.659275770187377930e+00,2.604481220245361328e+00,2.544968843460083008e+00,2.486742496490478516e+00,2.427492856979370117e+00,2.361719608306884766e+00,2.294550418853759766e+00,2.224681138992309570e+00,2.150335073471069336e+00,2.067759275436401367e+00,1.984273314476013184e+00,1.900251269340515137e+00,1.801106214523315430e+00,1.692453384399414062e+00,1.573986172676086426e+00,1.437889456748962402e+00,1.279639005661010742e+00,1.108725428581237793e+00,9.273155927658081055e-01,7.494704723358154297e-01,5.781174302101135254e-01,4.149153828620910645e-01,2.676067352294921875e-01,1.409971714019775391e-01,3.907902166247367859e-02,-1.084377290681004524e-03,-1.298259198665618896e-02,-1.041208952665328979e-02,-4.679723642766475677e-03,-3.171177580952644348e-03,-5.478270817548036575e-03,-1.253645028918981552e-02,-1.727886125445365906e-02,-1.852440088987350464e-02,-1.631607674062252045e-02,-1.241564564406871796e-02,-6.162197329103946686e-03,1.238211523741483688e-03,7.635637652128934860e-03,1.210467796772718430e-02,1.692597195506095886e-02,2.377942949533462524e-02,3.397123143076896667e-02,4.627176746726036072e-02,6.060946732759475708e-02,7.448919117450714111e-02,8.599928766489028931e-02,9.452852606773376465e-02,9.558211266994476318e-02,9.196536242961883545e-02,8.736116439104080200e-02,8.520057052373886108e-02,8.573061972856521606e-02,8.857182413339614868e-02,9.406773746013641357e-02,1.014100983738899231e-01,1.045527681708335876e-01,1.036256998777389526e-01,9.966520220041275024e-02,9.497242420911788940e-02,8.981021493673324585e-02,8.432453125715255737e-02,8.337932825088500977e-02,8.044266700744628906e-02,7.169494032859802246e-02,6.207486614584922791e-02,5.855901539325714111e-02,6.187164038419723511e-02,6.981922686100006104e-02,7.875183224678039551e-02,8.853968232870101929e-02,9.940843284130096436e-02,1.127323806285858154e-01,1.262928247451782227e-01,1.384558379650115967e-01,1.462930589914321899e-01,1.530453711748123169e-01,1.592220216989517212e-01
3.176477193832397461e+00,3.158084154129028320e+00,3.137931585311889648e+00,3.116283893585205078e+00,3.093709707260131836e+00,3.068400621414184570e+00,3.041793107986450195e+00,3.014928340911865234e+00,2.989003658294677734e+00,2.960706233978271484e+00,2.928330898284912109e+00,2.896984815597534180e+00,2.864804267883300781e+00,2.831271648406982422e+00,2.791795969009399414e+00,2.752722024917602539e+00,2.712523460388183594e+00,2.667254924774169922e+00,2.620528936386108398e+00,2.572439193725585938e+00,2.522516965866088867e+00,2.466353654861450195e+00,2.409943819046020508e+00,2.353773832321166992e+00,2.290397882461547852e+00,2.224529743194580078e+00,2.156933784484863281e+00,2.089109420776367188e+00,2.013770103454589844e+00,1.934402346611022949e+00,1.852127671241760254e+00,1.758348226547241211e+00,1.650583148002624512e+00,1.526158809661865234e+00,1.381373882293701172e+00,1.223959565162658691e+00,1.061658382415771484e+00,9.405217766761779785e-01,8.836888074874877930e-01,8.718739748001098633e-01,9.051706194877624512e-01,9.053145647048950195e-01,8.072274923324584961e-01,5.560666918754577637e-01,2.308192700147628784e-01,-5.213790573179721832e-03,-1.361892968416213989e-01,-1.115250289440155029e-01,-5.751425772905349731e-02,7.504963316023349762e-03,4.628060758113861084e-02,7.322467118501663208e-02,9.229084849357604980e-02,1.027431041002273560e-01,1.118795499205589294e-01,1.223483905196189880e-01,1.347164511680603027e-01,1.518405824899673462e-01,1.710014194250106812e-01,1.922093331813812256e-01,2.168099731206893921e-01,2.412701398134231567e-01,2.639274895191192627e-01,2.819646894931793213e-01,2.985636591911315918e-01,3.143543601036071777e-01,3.293581008911132812e-01,3.432176113128662109e-01,3.566053807735443115e-01,3.694659471511840820e-01,3.809629678726196289e-01,3.914044201374053955e-01,4.008235633373260498e-01,4.085912108421325684e-01,4.135656654834747314e-01,4.177680313587188721e-01,4.219138920307159424e-01,4.256851673126220703e-01,4.276640117168426514e-01,4.276690483093261719e-01,4.257679879665374756e-01,4.221747815608978271e-01,4.176875650882720947e-01,4.140106141567230225e-01,4.098269641399383545e-01,4.048650264739990234e-01,3.985404968261718750e-01,3.936365544795989990e-01,3.882408440113067627e-01,3.819348812103271484e-01
-2.348725646734237671e-01,-2.185049653053283691e-01,-2.020431309938430786e-01,-1.853591054677963257e-01,-1.684653460979461670e-01,-1.518631726503372192e-01,-1.382905393838882446e-01,-1.244807168841362000e-01,-1.103584542870521545e-01,-9.722719341516494751e-02,-8.637886494398117065e-02,-7.500623166561126709e-02,-6.552197784185409546e-02,-5.945704504847526550e-02,-5.383887141942977905e-02,-4.867740720510482788e-02,-4.501780495047569275e-02,-4.376931115984916687e-02,-4.626921191811561584e-02,-5.253692716360092163e-02,-5.868624523282051086e-02,-6.547749042510986328e-02,-7.416847348213195801e-02,-8.850632607936859131e-02,-1.049715653061866760e-01,-1.211616024374961853e-01,-1.338616758584976196e-01,-1.363539248704910278e-01,-1.297735273838043213e-01,-1.195927858352661133e-01,-1.064894720911979675e-01,-9.166231751441955566e-02,-9.470611065626144409e-02,-9.749069064855575562e-02,-9.672819823026657104e-02,-9.074892103672027588e-02,-7.900563627481460571e-02,-7.195948064327239990e-02,-6.357979029417037964e-02,-5.396820977330207825e-02,-4.454083368182182312e-02,-3.217354789376258850e-02,-1.952578127384185791e-02,-8.165070787072181702e-03,1.958414912223815918e-03,1.547147799283266068e-02,2.644618600606918335e-02,3.593506664037704468e-02,4.524781182408332825e-02,5.623385682702064514e-02,6.112701818346977234e-02,6.605462729930877686e-02,7.039387524127960205e-02,7.359763979911804199e-02,7.531839609146118164e-02,7.710434496402740479e-02,7.893847674131393433e-02,8.171640336513519287e-02,8.729007840156555176e-02,9.300427138805389404e-02,9.712617844343185425e-02,9.987074136734008789e-02,1.013497859239578247e-01,9.957803785800933838e-02,9.384790807962417603e-02,8.674398809671401978e-02,7.858698815107345581e-02,6.791955232620239258e-02,5.501843616366386414e-02,4.167843237519264221e-02,2.722114883363246918e-02,1.063743792474269867e-02,-1.103554666042327881e-02,-2.991600893437862396e-02,-4.771020635962486267e-02,-6.611593812704086304e-02,-8.829903602600097656e-02,-1.141604706645011902e-01,-1.387286633253097534e-01,-1.576863229274749756e-01,-1.667526811361312866e-01,-1.673875153064727783e-01,-1.685498356819152832e-01,-1.708825230598449707e-01,-1.740498542785644531e-01,-1.752569824457168579e-01,-1.756431758403778076e-01,-1.772935688495635986e-01,-1.798978000879287720e-01,-1.823746711015701294e-01
1.996780991554260254e+00,1.952799916267395020e+00,1.908241271972656250e+00,1.861585497856140137e+00,1.811736941337585449e+00,1.759094238281250000e+00,1.707252144813537598e+00,1.653753876686096191e+00,1.597097992897033691e+00,1.535297632217407227e+00,1.472773432731628418e+00,1.406498312950134277e+00,1.335377454757690430e+00,1.258477091789245605e+00,1.174383878707885742e+00,1.085190415382385254e+00,9.927150607109069824e-01,8.993242383003234863e-01,8.074313998222351074e-01,7.149971127510070801e-01,6.180030107498168945e-01,5.120101571083068848e-01,3.801072537899017334e-01,2.372688502073287964e-01,8.761795610189437866e-02,-6.393284350633621216e-02,-2.016379833221435547e-01,-3.101557493209838867e-01,-3.793502151966094971e-01,-4.087558388710021973e-01,-4.049530327320098877e-01,-3.851454555988311768e-01,-3.593302369117736816e-01,-3.313485682010650635e-01,-3.053094744682312012e-01,-2.812748253345489502e-01,-2.586039006710052490e-01,-2.369870990514755249e-01,-2.159383744001388550e-01,-1.917805820703506470e-01,-1.665748357772827148e-01,-1.415355354547500610e-01,-1.172304451465606689e-01,-9.294786304235458374e-02,-7.012294977903366089e-02,-4.861975088715553284e-02,-2.734106592833995819e-02,-2.878006780520081520e-03,2.057446353137493134e-02,4.192414879798889160e-02,6.215688586235046387e-02,8.335203677415847778e-02,1.026635989546775818e-01,1.215192601084709167e-01,1.413036584854125977e-01,1.632041484117507935e-01,1.819771677255630493e-01,1.988403499126434326e-01,2.136554419994354248e-01,2.263356149196624756e-01,2.366890758275985718e-01,2.456449419260025024e-01,2.540198862552642822e-01,2.619328200817108154e-01,2.687717378139495850e-01,2.692682743072509766e-01,2.649710178375244141e-01,2.582645416259765625e-01,2.533926069736480713e-01,2.520948946475982666e-01,2.506391406059265137e-01,2.487950026988983154e-01,2.466709911823272705e-01,2.491324990987777710e-01,2.499710321426391602e-01,2.470963299274444580e-01,2.391275018453598022e-01,2.261735349893569946e-01,2.139626294374465942e-01,1.989512741565704346e-01,1.799392253160476685e-01,1.577477157115936279e-01,1.323732733726501465e-01,1.046811267733573914e-01,7.546342164278030396e-02,4.610446840524673462e-02,2.418690919876098633e-02,1.482181483879685402e-03,-1.931036449968814850e-02,-3.391440212726593018e-02
2.555936574935913086e+00,2.526707649230957031e+00,2.492038249969482422e+00,2.453741550445556641e+00,2.416370630264282227e+00,2.375208616256713867e+00,2.329851150512695312e+00,2.278883457183837891e+00,2.228239536285400391e+00,2.175017118453979492e+00,2.119615554809570312e+00,2.065696239471435547e+00,2.010296106338500977e+00,1.952309250831604004e+00,1.889454364776611328e+00,1.828452825546264648e+00,1.762342095375061035e+00,1.689338445663452148e+00,1.604596018791198730e+00,1.516324281692504883e+00,1.424175977706909180e+00,1.325562119483947754e+00,1.230105757713317871e+00,1.123355507850646973e+00,9.983092546463012695e-01,8.284994363784790039e-01,6.667154431343078613e-01,5.179550647735595703e-01,4.034469425678253174e-01,3.245664536952972412e-01,2.609327733516693115e-01,2.035356312990188599e-01,9.232974052429199219e-02,-5.113372951745986938e-02,-2.120966315269470215e-01,-2.851240932941436768e-01,-2.843117713928222656e-01,-2.473379671573638916e-01,-2.054464519023895264e-01,-1.820216029882431030e-01,-1.660611778497695923e-01,-1.555919200181961060e-01,-1.453639268875122070e-01,-1.332009583711624146e-01,-1.191916689276695251e-01,-1.026609390974044800e-01,-8.510705828666687012e-02,-6.682591140270233154e-02,-4.779524356126785278e-02,-3.228776529431343079e-02,-2.000181376934051514e-02,-1.042771898210048676e-02,-2.215890213847160339e-03,4.176740534603595734e-03,9.232642129063606262e-03,1.286004669964313507e-02,1.186232920736074448e-02,8.319381624460220337e-03,2.870114753022789955e-03,-4.507724224822595716e-05,-1.752079231664538383e-03,-2.243981231003999710e-03,-9.410568163730204105e-04,-1.906246645376086235e-03,-4.935616161674261093e-03,-1.012104284018278122e-02,-1.372006814926862717e-02,-2.202173881232738495e-02,-3.362159430980682373e-02,-4.608988761901855469e-02,-5.613346025347709656e-02,-6.690646708011627197e-02,-8.015287667512893677e-02,-9.544994682073593140e-02,-1.151410117745399475e-01,-1.386141628026962280e-01,-1.629241108894348145e-01,-1.821315437555313110e-01,-1.968633681535720825e-01,-2.059572488069534302e-01,-2.065523415803909302e-01,-2.074784487485885620e-01,-2.102149128913879395e-01,-2.170472294092178345e-01,-2.225008457899093628e-01,-2.282631397247314453e-01,-2.373805344104766846e-01,-2.443660199642181396e-01,-2.486032694578170776e-01,-2.495713531970977783e-01
2.810125350952148438e+00,2.809191942214965820e+00,2.811767339706420898e+00,2.816986083984375000e+00,2.823870420455932617e+00,2.827635049819946289e+00,2.827619552612304688e+00,2.823627710342407227e+00,2.814833164215087891e+00,2.807193517684936523e+00,2.797638893127441406e+00,2.784685373306274414e+00,2.766412496566772461e+00,2.752871513366699219e+00,2.740283727645874023e+00,2.724759101867675781e+00,2.706662893295288086e+00,2.689701795578002930e+00,2.672191381454467773e+00,2.648538112640380859e+00,2.624701499938964844e+00,2.600110292434692383e+00,2.574634313583374023e+00,2.548685789108276367e+00,2.518718719482421875e+00,2.487456798553466797e+00,2.456640958786010742e+00,2.419145345687866211e+00,2.379270076751708984e+00,2.337857007980346680e+00,2.296090364456176758e+00,2.253519296646118164e+00,2.208517074584960938e+00,2.161420345306396484e+00,2.115281343460083008e+00,2.064014911651611328e+00,2.010777950286865234e+00,1.956808209419250488e+00,1.900197148323059082e+00,1.840165853500366211e+00,1.779510140419006348e+00,1.721579313278198242e+00,1.657382369041442871e+00,1.586263418197631836e+00,1.507819414138793945e+00,1.419791817665100098e+00,1.323497414588928223e+00,1.223312854766845703e+00,1.120321035385131836e+00,1.013711214065551758e+00,9.001515507698059082e-01,7.797292470932006836e-01,6.515045166015625000e-01,5.057063102722167969e-01,3.499315083026885986e-01,1.873069703578948975e-01,2.278057672083377838e-02,-1.332059055566787720e-01,-2.658264935016632080e-01,-3.650018572807312012e-01,-3.874797821044921875e-01,-3.906132280826568604e-01,-3.857679367065429688e-01,-3.782943785190582275e-01,-3.728174269199371338e-01,-3.696369826793670654e-01,-3.679352402687072754e-01,-3.668108284473419189e-01,-3.658430874347686768e-01,-3.679384589195251465e-01,-3.720577359199523926e-01,-3.732906281948089600e-01,-3.718647956848144531e-01,-3.693705499172210693e-01,-3.663009405136108398e-01,-3.625918030738830566e-01,-3.578106462955474854e-01,-3.523764312267303467e-01,-3.465720713138580322e-01,-3.472298681735992432e-01,-3.465439379215240479e-01,-3.447644710540771484e-01,-3.432888686656951904e-01,-3.472749888896942139e-01,-3.513868451118469238e-01,-3.549295663833618164e-01,-3.616385459899902344e-01,-3.665290474891662598e-01,-3.695359230041503906e-01,-3.704252541065216064e-01
2.459004878997802734e+00,2.451443910598754883e+00,2.441881179809570312e+00,2.429648160934448242e+00,2.414125204086303711e+00,2.395016431808471680e+00,2.374874114990234375e+00,2.353645086288452148e+00,2.331375360488891602e+00,2.311057090759277344e+00,2.290731906890869141e+00,2.267748117446899414e+00,2.240395545959472656e+00,2.215026378631591797e+00,2.188859701156616211e+00,2.161332368850708008e+00,2.132447242736816406e+00,2.108135938644409180e+00,2.074380636215209961e+00,2.036885499954223633e+00,1.999006986618041992e+00,1.961352705955505371e+00,1.917817592620849609e+00,1.874649882316589355e+00,1.833745718002319336e+00,1.782337188720703125e+00,1.730361819267272949e+00,1.680184721946716309e+00,1.631864428520202637e+00,1.577264666557312012e+00,1.526190638542175293e+00,1.471635699272155762e+00,1.410187959671020508e+00,1.338819742202758789e+00,1.264980435371398926e+00,1.187429785728454590e+00,1.107261776924133301e+00,1.033115386962890625e+00,9.587370157241821289e-01,8.817414045333862305e-01,8.014252781867980957e-01,7.181512117385864258e-01,6.250666379928588867e-01,5.323160290718078613e-01,4.421289563179016113e-01,3.520142436027526855e-01,2.578780949115753174e-01,1.637414544820785522e-01,7.535105943679809570e-02,9.785851463675498962e-03,-1.387566607445478439e-02,-1.577083766460418701e-02,-3.594322362914681435e-03,1.228918414562940598e-02,2.006714046001434326e-02,2.305834181606769562e-02,2.354180440306663513e-02,2.603592164814472198e-02,3.061359748244285583e-02,3.775009512901306152e-02,4.750261083245277405e-02,5.992574989795684814e-02,7.505669444799423218e-02,8.952888846397399902e-02,1.024529263377189636e-01,1.128131598234176636e-01,1.197455823421478271e-01,1.250304579734802246e-01,1.281683593988418579e-01,1.277586668729782104e-01,1.289793998003005981e-01,1.294879317283630371e-01,1.282802969217300415e-01,1.239510700106620789e-01,1.260303556919097900e-01,1.284686923027038574e-01,1.315382421016693115e-01,1.362791806459426880e-01,1.408788859844207764e-01,1.406564116477966309e-01,1.362049281597137451e-01,1.285512894392013550e-01,1.138355880975723267e-01,9.821959584951400757e-02,8.240965008735656738e-02,6.700988858938217163e-02,4.727378115057945251e-02,2.892669476568698883e-02,9.758641943335533142e-03,-1.264406833797693253e-02
-8.613953366875648499e-03,1.633145660161972046e-02,3.883781284093856812e-02,5.940870568156242371e-02,7.831806689500808716e-02,9.479366987943649292e-02,1.084445193409919739e-01,1.223414465785026550e-01,1.362431794404983521e-01,1.483514904975891113e-01,1.595028489828109741e-01,1.712009608745574951e-01,1.821023970842361450e-01,1.912984102964401245e-01,2.000759840011596680e-01,2.090494185686111450e-01,2.167899906635284424e-01,2.237862944602966309e-01,2.321987599134445190e-01,2.430420219898223877e-01,2.527479827404022217e-01,2.600916922092437744e-01,2.639716565608978271e-01,2.612703442573547363e-01,2.546827793121337891e-01,2.452162355184555054e-01,2.322589159011840820e-01,2.128648012876510620e-01,1.875412613153457642e-01,1.633667647838592529e-01,1.432942897081375122e-01,1.292203217744827271e-01,1.122191846370697021e-01,8.178583532571792603e-02,4.339523240923881531e-02,4.122757352888584137e-03,-1.975375972688198090e-02,-2.164962142705917358e-02,-1.655175909399986267e-02,-1.073718909174203873e-02,-9.682040661573410034e-03,-7.295002229511737823e-03,-2.976121846586465836e-03,-1.666480326093733311e-03,-4.791964311152696609e-03,-5.373277701437473297e-03,-1.839615637436509132e-03,1.353485509753227234e-03,5.591275170445442200e-03,1.467948872596025467e-02,2.220146171748638153e-02,3.016924485564231873e-02,3.889794275164604187e-02,4.853016510605812073e-02,5.884619057178497314e-02,7.019648700952529907e-02,8.129400014877319336e-02,9.196796268224716187e-02,1.025911048054695129e-01,1.086706817150115967e-01,1.118531376123428345e-01,1.141308397054672241e-01,1.171960756182670593e-01,1.208803653717041016e-01,1.219891905784606934e-01,1.221745163202285767e-01,1.222344487905502319e-01,1.227799057960510254e-01,1.217298358678817749e-01,1.216423436999320984e-01,1.212334260344505310e-01,1.187880709767341614e-01,1.118656620383262634e-01,1.030528470873832703e-01,9.196464717388153076e-02,7.824236154556274414e-02,6.118407845497131348e-02,4.477634653449058533e-02,3.030487149953842163e-02,1.641236990690231323e-02,1.193308969959616661e-03,-1.419716700911521912e-02,-2.209698967635631561e-02,-2.278064377605915070e-02,-1.718975044786930084e-02,-8.067912422120571136e-03,4.120636265724897385e-03,1.860529929399490356e-02,3.410191833972930908e-02,4.881644248962402344e-02
2.541433572769165039e+00,2.508219957351684570e+00,2.477724552154541016e+00,2.447958230972290039e+00,2.415757656097412109e+00,2.374393939971923828e+00,2.335695505142211914e+00,2.299086332321166992e+00,2.255056142807006836e+00,2.209177017211914062e+00,2.162827253341674805e+00,2.116138458251953125e+00,2.061367034912109375e+00,2.012019634246826172e+00,1.962461233139038086e+00,1.906603813171386719e+00,1.845794677734375000e+00,1.786609292030334473e+00,1.724651575088500977e+00,1.645707249641418457e+00,1.565688967704772949e+00,1.485407352447509766e+00,1.404186010360717773e+00,1.314236044883728027e+00,1.228430151939392090e+00,1.141210675239562988e+00,1.048511147499084473e+00,9.363583326339721680e-01,8.125224113464355469e-01,6.752212047576904297e-01,5.184629559516906738e-01,3.546405434608459473e-01,2.053110152482986450e-01,7.457624375820159912e-02,-3.388536348938941956e-02,-1.189434304833412170e-01,-1.675096303224563599e-01,-1.709488034248352051e-01,-1.453822106122970581e-01,-1.173208281397819519e-01,-9.070796519517898560e-02,-7.069227099418640137e-02,-5.992861092090606689e-02,-5.145769193768501282e-02,-4.420443251729011536e-02,-3.691503778100013733e-02,-3.019281104207038879e-02,-2.250531129539012909e-02,-1.336063910275697708e-02,-3.022049320861697197e-03,9.289014153182506561e-03,2.146350964903831482e-02,3.177867084741592407e-02,4.086304455995559692e-02,5.106859281659126282e-02,6.091079860925674438e-02,6.696350872516632080e-02,7.260757684707641602e-02,7.547187060117721558e-02,7.524783909320831299e-02,7.296171039342880249e-02,7.292059808969497681e-02,7.183026522397994995e-02,6.794947385787963867e-02,6.798460334539413452e-02,6.856321543455123901e-02,6.871977448463439941e-02,6.699721515178680420e-02,6.834853440523147583e-02,6.808077543973922729e-02,6.507056206464767456e-02,5.672542378306388855e-02,5.153094977140426636e-02,4.206816107034683228e-02,2.597147226333618164e-02,1.059480383992195129e-02,-4.863965325057506561e-03,-2.265532501041889191e-02,-4.525756835937500000e-02,-6.432614475488662720e-02,-8.783312886953353882e-02,-1.145608946681022644e-01,-1.410907953977584839e-01,-1.648582369089126587e-01,-1.922546178102493286e-01,-2.242300063371658325e-01,-2.566029429435729980e-01,-2.898273766040802002e-01,-3.240824937820434570e-01,-3.595830798149108887e-01
3.147965908050537109e+00,3.155999660491943359e+00,3.164655923843383789e+00,3.173802375793457031e+00,3.180279731750488281e+00,3.186941862106323242e+00,3.193549633026123047e+00,3.197275400161743164e+00,3.198695182800292969e+00,3.198857545852661133e+00,3.202523231506347656e+00,3.204384326934814453e+00,3.204716444015502930e+00,3.202402353286743164e+00,3.200329303741455078e+00,3.198838710784912109e+00,3.199611186981201172e+00,3.195106744766235352e+00,3.187502861022949219e+00,3.177284002304077148e+00,3.167487859725952148e+00,3.157280921936035156e+00,3.145174503326416016e+00,3.129736900329589844e+00,3.112380027770996094e+00,3.092799186706542969e+00,3.073721885681152344e+00,3.053304433822631836e+00,3.029436111450195312e+00,3.003595352172851562e+00,2.976937770843505859e+00,2.949531078338623047e+00,2.917685270309448242e+00,2.884724617004394531e+00,2.851191997528076172e+00,2.812825441360473633e+00,2.772715091705322266e+00,2.730945825576782227e+00,2.686513900756835938e+00,2.639078140258789062e+00,2.588030576705932617e+00,2.539337396621704102e+00,2.488806486129760742e+00,2.436033487319946289e+00,2.378590822219848633e+00,2.321027994155883789e+00,2.263252019882202148e+00,2.195324897766113281e+00,2.128231048583984375e+00,2.061623096466064453e+00,1.990395069122314453e+00,1.914791464805603027e+00,1.835568428039550781e+00,1.753339290618896484e+00,1.663463830947875977e+00,1.567905664443969727e+00,1.467917323112487793e+00,1.360064387321472168e+00,1.245625495910644531e+00,1.119667410850524902e+00,9.762372970581054688e-01,8.157284259796142578e-01,6.180564761161804199e-01,4.204093217849731445e-01,2.267993986606597900e-01,4.774724319577217102e-02,-9.812074899673461914e-02,-2.138372212648391724e-01,-2.753000259399414062e-01,-3.145008683204650879e-01,-3.432469367980957031e-01,-3.626863956451416016e-01,-3.664253652095794678e-01,-3.639969229698181152e-01,-3.567298650741577148e-01,-3.526838421821594238e-01,-3.518766164779663086e-01,-3.558879494667053223e-01,-3.547309637069702148e-01,-3.541942834854125977e-01,-3.559346199035644531e-01,-3.565682172775268555e-01,-3.558185994625091553e-01,-3.533046841621398926e-01,-3.494169712066650391e-01,-3.438870608806610107e-01,-3.364699482917785645e-01,-3.315385580062866211e-01,-3.237659335136413574e-01,-3.128645420074462891e-01
2.559257268905639648e+00,2.543949127197265625e+00,2.524161338806152344e+00,2.502225875854492188e+00,2.482874393463134766e+00,2.460079908370971680e+00,2.435250997543334961e+00,2.408905267715454102e+00,2.386231184005737305e+00,2.362894535064697266e+00,2.338786602020263672e+00,2.313505887985229492e+00,2.288997650146484375e+00,2.262762308120727539e+00,2.233999013900756836e+00,2.199706792831420898e+00,2.159090995788574219e+00,2.115521669387817383e+00,2.071328878402709961e+00,2.031303167343139648e+00,1.989349484443664551e+00,1.945005774497985840e+00,1.898354291915893555e+00,1.848324298858642578e+00,1.796922564506530762e+00,1.745083212852478027e+00,1.692433238029479980e+00,1.637336134910583496e+00,1.580371260643005371e+00,1.522968411445617676e+00,1.459908723831176758e+00,1.391059398651123047e+00,1.315903067588806152e+00,1.243740677833557129e+00,1.165716767311096191e+00,1.084330320358276367e+00,1.003448724746704102e+00,9.179932475090026855e-01,8.266664743423461914e-01,7.295818328857421875e-01,6.370846629142761230e-01,5.395827889442443848e-01,4.379629790782928467e-01,3.320654630661010742e-01,2.246007770299911499e-01,1.340981870889663696e-01,6.503150612115859985e-02,3.082719631493091583e-02,1.024619117379188538e-02,-2.024623390752822161e-04,-8.194904075935482979e-04,1.184676028788089752e-02,2.355884946882724762e-02,3.251738473773002625e-02,3.483811020851135254e-02,3.610832616686820984e-02,3.536366671323776245e-02,3.179686143994331360e-02,2.843933738768100739e-02,2.630340307950973511e-02,2.528203278779983521e-02,2.536308206617832184e-02,2.603239007294178009e-02,2.904087677597999573e-02,3.496764600276947021e-02,3.775630518794059753e-02,4.192730784416198730e-02,4.688303172588348389e-02,5.186653137207031250e-02,5.567863956093788147e-02,5.781127884984016418e-02,5.766328424215316772e-02,5.050056800246238708e-02,4.178733751177787781e-02,3.095779381692409515e-02,1.678513549268245697e-02,5.057511851191520691e-03,-7.901249453425407410e-03,-2.220454812049865723e-02,-3.616070374846458435e-02,-5.074373632669448853e-02,-6.586641818284988403e-02,-8.158645033836364746e-02,-9.744030982255935669e-02,-1.151647195219993591e-01,-1.350344568490982056e-01,-1.582555770874023438e-01,-1.761553287506103516e-01,-1.954225003719329834e-01,-2.191472202539443970e-01
3.493767976760864258e+00,3.472036600112915039e+00,3.449215412139892578e+00,3.425143480300903320e+00,3.397410154342651367e+00,3.366844177246093750e+00,3.332380294799804688e+00,3.296819448471069336e+00,3.259672403335571289e+00,3.219630241394042969e+00,3.174294233322143555e+00,3.127938270568847656e+00,3.082617282867431641e+00,3.034870862960815430e+00,2.985506296157836914e+00,2.933176040649414062e+00,2.881224632263183594e+00,2.828013420104980469e+00,2.764170646667480469e+00,2.702638626098632812e+00,2.642545700073242188e+00,2.578930139541625977e+00,2.507995605468750000e+00,2.430229663848876953e+00,2.347431182861328125e+00,2.254223585128784180e+00,2.148313522338867188e+00,2.021089315414428711e+00,1.883768558502197266e+00,1.733216643333435059e+00,1.563988447189331055e+00,1.388510346412658691e+00,1.206766724586486816e+00,1.036184668540954590e+00,8.683815598487854004e-01,6.991776227951049805e-01,5.317834615707397461e-01,3.683572411537170410e-01,2.203754931688308716e-01,1.164173036813735962e-01,4.263403266668319702e-02,1.381839439272880554e-02,-4.206113517284393311e-03,-1.368363946676254272e-02,-1.274845004081726074e-02,-1.218814682215452194e-02,-1.200272794812917709e-02,-4.448079038411378860e-03,7.662907592020928860e-04,2.544085262343287468e-03,3.529491368681192398e-03,3.760171355679631233e-03,2.822186797857284546e-03,1.238624216057360172e-03,-1.394239021465182304e-03,-6.233396939933300018e-03,-7.325252983719110489e-03,-6.978927180171012878e-03,-5.781553685665130615e-03,-6.808189675211906433e-03,-8.580829948186874390e-03,-8.966224268078804016e-03,-7.571770809590816498e-03,-5.319971591234207153e-03,-5.509760696440935135e-03,-5.657238885760307312e-03,-5.724716465920209885e-03,-3.191708121448755264e-03,-8.929831092245876789e-04,1.154723810032010078e-03,5.655475426465272903e-03,9.113596752285957336e-03,1.090510375797748566e-02,9.415674954652786255e-03,8.021415211260318756e-03,7.663595024496316910e-03,5.680396221578121185e-03,2.687807893380522728e-03,-1.955857500433921814e-03,-4.958259873092174530e-03,-6.838125176727771759e-03,-6.609644740819931030e-03,-7.448276039212942123e-03,-8.765004575252532959e-03,-9.820616804063320160e-03,-1.012994535267353058e-02,-9.839481674134731293e-03,-8.072448894381523132e-03,-4.770944360643625259e-03,-1.329650986008346081e-04
2.651189327239990234e+00,2.604879140853881836e+00,2.555991411209106445e+00,2.505650043487548828e+00,2.458917856216430664e+00,2.408427476882934570e+00,2.355818510055541992e+00,2.301893472671508789e+00,2.246795892715454102e+00,2.185745954513549805e+00,2.115671873092651367e+00,2.046653985977172852e+00,1.973108530044555664e+00,1.894554376602172852e+00,1.807860970497131348e+00,1.723670244216918945e+00,1.637898683547973633e+00,1.540981292724609375e+00,1.443741083145141602e+00,1.345425128936767578e+00,1.245192646980285645e+00,1.126286387443542480e+00,9.973359704017639160e-01,8.586996197700500488e-01,7.040742039680480957e-01,5.490430593490600586e-01,3.984769284725189209e-01,2.725540101528167725e-01,1.789190024137496948e-01,1.090166717767715454e-01,6.731113791465759277e-02,4.102966934442520142e-02,1.992987841367721558e-02,2.378158736974000931e-03,-1.119691226631402969e-02,-2.367372438311576843e-02,-3.494800999760627747e-02,-4.345840588212013245e-02,-4.451077803969383240e-02,-4.348177090287208557e-02,-4.705898091197013855e-02,-5.134761333465576172e-02,-5.292003229260444641e-02,-4.959718137979507446e-02,-4.461507871747016907e-02,-3.904671221971511841e-02,-3.300695121288299561e-02,-2.697351761162281036e-02,-2.007604576647281647e-02,-1.220115367323160172e-02,-2.376848133280873299e-03,9.738464839756488800e-03,2.230731025338172913e-02,3.429311141371726990e-02,4.541940614581108093e-02,5.558963119983673096e-02,6.474693119525909424e-02,7.483024150133132935e-02,8.191127330064773560e-02,8.601897209882736206e-02,8.538593351840972900e-02,8.546639978885650635e-02,8.580688387155532837e-02,8.606299012899398804e-02,8.667433261871337891e-02,8.754460513591766357e-02,8.869697153568267822e-02,8.512413501739501953e-02,8.261932432651519775e-02,8.108257502317428589e-02,7.852922379970550537e-02,7.555455714464187622e-02,7.189088314771652222e-02,6.660474836826324463e-02,5.777875706553459167e-02,4.844716563820838928e-02,3.990383073687553406e-02,2.503312751650810242e-02,5.918534472584724426e-03,-1.690651848912239075e-02,-3.531994670629501343e-02,-5.558911710977554321e-02,-7.422917336225509644e-02,-7.988204061985015869e-02,-7.851009070873260498e-02,-7.403804361820220947e-02,-6.807980686426162720e-02,-5.693003907799720764e-02,-4.580721259117126465e-02,-3.571630269289016724e-02
3.311431407928466797e+00,3.278933763504028320e+00,3.245513916015625000e+00,3.211035013198852539e+00,3.167685747146606445e+00,3.121929168701171875e+00,3.073508739471435547e+00,3.018505096435546875e+00,2.960577964782714844e+00,2.898812532424926758e+00,2.832659721374511719e+00,2.764563322067260742e+00,2.694177389144897461e+00,2.620929002761840820e+00,2.544611930847167969e+00,2.459842681884765625e+00,2.372172117233276367e+00,2.281376838684082031e+00,2.178941726684570312e+00,2.072983264923095703e+00,1.964055418968200684e+00,1.846289634704589844e+00,1.715495705604553223e+00,1.572542071342468262e+00,1.416500568389892578e+00,1.252376079559326172e+00,1.078585863113403320e+00,9.019181728363037109e-01,7.346957921981811523e-01,5.833735466003417969e-01,4.726942181587219238e-01,3.867732882499694824e-01,3.392820060253143311e-01,3.089833259582519531e-01,2.846501767635345459e-01,2.634561061859130859e-01,2.454750090837478638e-01,2.290366441011428833e-01,2.136089801788330078e-01,1.987495124340057373e-01,1.840577274560928345e-01,1.680241972208023071e-01,1.509980857372283936e-01,1.332473456859588623e-01,1.162616237998008728e-01,9.816367924213409424e-02,7.895351201295852661e-02,5.481920391321182251e-02,2.947419695556163788e-02,2.763205906376242638e-03,-2.679667808115482330e-02,-5.810597166419029236e-02,-9.191838651895523071e-02,-1.260712146759033203e-01,-1.590852588415145874e-01,-1.891817748546600342e-01,-2.177092880010604858e-01,-2.450836598873138428e-01,-2.701945304870605469e-01,-2.943762540817260742e-01,-3.193223476409912109e-01,-3.507063090801239014e-01,-3.880788087844848633e-01,-4.291955232620239258e-01,-4.712087512016296387e-01,-5.100077986717224121e-01,-5.459598302841186523e-01,-5.684917569160461426e-01,-5.868430733680725098e-01,-6.007151603698730469e-01,-6.113190650939941406e-01,-6.197534799575805664e-01,-6.253669261932373047e-01,-6.219214797019958496e-01,-6.165163516998291016e-01,-6.097505092620849609e-01,-6.063954830169677734e-01,-6.037544608116149902e-01,-6.008924245834350586e-01,-5.980944037437438965e-01,-5.954292416572570801e-01,-5.931875705718994141e-01,-5.896982550621032715e-01,-5.853005051612854004e-01,-5.790243148803710938e-01,-5.718600153923034668e-01,-5.639432668685913086e-01,-5.537487268447875977e-01,-5.446692705154418945e-01,-5.365609526634216309e-01
-1.097648143768310547e+00,-1.085243940353393555e+00,-1.075096011161804199e+00,-1.066036820411682129e+00,-1.052579045295715332e+00,-1.030126094818115234e+00,-9.996855854988098145e-01,-9.577080011367797852e-01,-9.163372516632080078e-01,-8.755750656127929688e-01,-8.355691432952880859e-01,-7.901955842971801758e-01,-7.463546991348266602e-01,-7.045969963073730469e-01,-6.672894954681396484e-01,-6.300880908966064453e-01,-5.940156579017639160e-01,-5.619786381721496582e-01,-5.310344696044921875e-01,-4.998926222324371338e-01,-4.677426815032958984e-01,-4.380903840065002441e-01,-4.087961316108703613e-01,-3.795406818389892578e-01,-3.483636975288391113e-01,-3.195114433765411377e-01,-2.923032045364379883e-01,-2.654757797718048096e-01,-2.423071861267089844e-01,-2.205126285552978516e-01,-1.986979544162750244e-01,-1.783031672239303589e-01,-1.581033319234848022e-01,-1.378395557403564453e-01,-1.175249889492988586e-01,-1.004436463117599487e-01,-8.621480315923690796e-02,-7.347229123115539551e-02,-6.164538487792015076e-02,-4.966094717383384705e-02,-3.581677377223968506e-02,-2.352347970008850098e-02,-1.429734192788600922e-02,-9.640894830226898193e-03,-3.253425238654017448e-03,2.311000833287835121e-03,6.643665023148059845e-03,6.780929863452911377e-03,9.126235730946063995e-03,1.284133549779653549e-02,1.683817058801651001e-02,1.959156617522239685e-02,2.159990929067134857e-02,2.287701517343521118e-02,2.107671461999416351e-02,1.798117160797119141e-02,1.372265722602605820e-02,5.452001467347145081e-03,-5.403709132224321365e-03,-1.885745674371719360e-02,-3.661628440022468567e-02,-5.615345761179924011e-02,-7.705784589052200317e-02,-9.965556859970092773e-02,-1.207125708460807800e-01,-1.428579837083816528e-01,-1.670527756214141846e-01,-1.942415535449981689e-01,-2.210574448108673096e-01,-2.476809024810791016e-01,-2.763853967189788818e-01,-3.110009729862213135e-01,-3.498440086841583252e-01,-3.928006589412689209e-01,-4.398018717765808105e-01,-4.877452254295349121e-01,-5.354505777359008789e-01,-5.750421285629272461e-01,-6.116147041320800781e-01,-6.456736326217651367e-01,-6.786990761756896973e-01,-7.136561870574951172e-01,-7.503325343132019043e-01,-7.893239259719848633e-01,-8.272473216056823730e-01,-8.639732003211975098e-01,-8.988294601440429688e-01,-9.293545484542846680e-01,-9.568845629692077637e-01,-9.813639521598815918e-01
2.052823305130004883e+00,2.040244340896606445e+00,2.029710054397583008e+00,2.020120382308959961e+00,2.010142087936401367e+00,1.996564626693725586e+00,1.980305790901184082e+00,1.960609912872314453e+00,1.940545797348022461e+00,1.926207184791564941e+00,1.909153699874877930e+00,1.884777665138244629e+00,1.859413504600524902e+00,1.837300658226013184e+00,1.810898542404174805e+00,1.780517935752868652e+00,1.750421285629272461e+00,1.721067786216735840e+00,1.690508842468261719e+00,1.655377745628356934e+00,1.617925763130187988e+00,1.579245805740356445e+00,1.540165662765502930e+00,1.499120593070983887e+00,1.456020593643188477e+00,1.412994384765625000e+00,1.370135426521301270e+00,1.325325608253479004e+00,1.280064463615417480e+00,1.233400225639343262e+00,1.184919476509094238e+00,1.134389162063598633e+00,1.082512736320495605e+00,1.027444958686828613e+00,9.726346731185913086e-01,9.190940260887145996e-01,8.644401431083679199e-01,8.067762851715087891e-01,7.503339052200317383e-01,6.937777400016784668e-01,6.343291997909545898e-01,5.674393773078918457e-01,4.987530708312988281e-01,4.301584959030151367e-01,3.621748685836791992e-01,2.918565273284912109e-01,2.156568020582199097e-01,1.422657817602157593e-01,7.765544950962066650e-02,2.844856120645999908e-02,6.544311996549367905e-03,-8.577901171520352364e-04,-4.124153405427932739e-03,-9.635995142161846161e-03,-9.567558765411376953e-03,-1.153013855218887329e-02,-1.491976901888847351e-02,-1.966635324060916901e-02,-2.591955475509166718e-02,-3.847363591194152832e-02,-5.502966791391372681e-02,-7.129025459289550781e-02,-8.309952914714813232e-02,-8.556170016527175903e-02,-8.845070004463195801e-02,-9.144975990056991577e-02,-9.481294453144073486e-02,-9.948199242353439331e-02,-1.006935313344001770e-01,-1.001209169626235962e-01,-9.798505157232284546e-02,-9.438209980726242065e-02,-8.835896104574203491e-02,-8.097291737794876099e-02,-7.369659096002578735e-02,-6.639903783798217773e-02,-5.656103789806365967e-02,-4.545244202017784119e-02,-3.458641842007637024e-02,-2.559773065149784088e-02,-2.013423666357994080e-02,-1.616742275655269623e-02,-1.388674974441528320e-02,-1.352614723145961761e-02,-1.425987761467695236e-02,-1.220005284994840622e-02,-9.363023564219474792e-03,-5.872092209756374359e-03,-2.858781488612294197e-03,-1.970055978745222092e-03
3.605648994445800781e+00,3.577580451965332031e+00,3.546062231063842773e+00,3.510583162307739258e+00,3.471371889114379883e+00,3.430810928344726562e+00,3.388616561889648438e+00,3.340804338455200195e+00,3.290849924087524414e+00,3.238343715667724609e+00,3.183977127075195312e+00,3.128653049468994141e+00,3.071975708007812500e+00,3.016135931015014648e+00,2.960206270217895508e+00,2.902529954910278320e+00,2.842590808868408203e+00,2.781335592269897461e+00,2.719168901443481445e+00,2.651268959045410156e+00,2.578802585601806641e+00,2.496819257736206055e+00,2.409079551696777344e+00,2.315967559814453125e+00,2.202234268188476562e+00,2.078567266464233398e+00,1.943119525909423828e+00,1.778096318244934082e+00,1.602298259735107422e+00,1.413434267044067383e+00,1.227063775062561035e+00,1.043440818786621094e+00,8.649060130119323730e-01,6.902734637260437012e-01,5.245897769927978516e-01,3.834880292415618896e-01,2.799169123172760010e-01,1.997307538986206055e-01,1.570971757173538208e-01,1.271621137857437134e-01,1.047302931547164917e-01,8.486384153366088867e-02,6.539053469896316528e-02,4.630763828754425049e-02,2.981655485928058624e-02,1.653385721147060394e-02,6.459544878453016281e-03,2.266304567456245422e-03,-1.613730448298156261e-03,-5.357584916055202484e-03,-8.911993354558944702e-03,-1.207803096622228622e-02,-1.459830999374389648e-02,-1.578462496399879456e-02,-1.517714839428663254e-02,-1.091372501105070114e-02,-1.064918749034404755e-02,-1.270483806729316711e-02,-1.838754303753376007e-02,-2.000254765152931213e-02,-1.956486701965332031e-02,-1.791732572019100189e-02,-1.425214856863021851e-02,-9.069726802408695221e-03,-8.743339567445218563e-04,5.372501444071531296e-03,1.002137642353773117e-02,1.382907293736934662e-02,1.516565773636102676e-02,1.385462284088134766e-02,1.436111237853765488e-02,1.520934235304594040e-02,1.640125922858715057e-02,1.562419999390840530e-02,1.505239121615886688e-02,1.538403332233428955e-02,1.449400000274181366e-02,1.320286095142364502e-02,1.160936709493398666e-02,1.323855295777320862e-02,1.770239882171154022e-02,2.872304804623126984e-02,4.674695059657096863e-02,6.816699355840682983e-02,8.948888629674911499e-02,1.094171181321144104e-01,1.281100660562515259e-01,1.424904167652130127e-01,1.563665419816970825e-01,1.698035001754760742e-01
2.985780239105224609e+00,2.969658374786376953e+00,2.951920032501220703e+00,2.933475971221923828e+00,2.917065620422363281e+00,2.901583194732666016e+00,2.882892847061157227e+00,2.857682943344116211e+00,2.833455085754394531e+00,2.808944702148437500e+00,2.783736228942871094e+00,2.755480051040649414e+00,2.729511737823486328e+00,2.701448917388916016e+00,2.665679931640625000e+00,2.632336616516113281e+00,2.600703954696655273e+00,2.569730281829833984e+00,2.520091772079467773e+00,2.469025373458862305e+00,2.415512084960937500e+00,2.356309413909912109e+00,2.298126697540283203e+00,2.244101524353027344e+00,2.196030855178833008e+00,2.131941556930541992e+00,2.067056179046630859e+00,2.000549077987670898e+00,1.927583336830139160e+00,1.845280289649963379e+00,1.762102603912353516e+00,1.683533430099487305e+00,1.570219755172729492e+00,1.453875899314880371e+00,1.334825158119201660e+00,1.190379858016967773e+00,1.017237782478332520e+00,8.440324664115905762e-01,7.067722082138061523e-01,6.355539560317993164e-01,5.996940732002258301e-01,5.955217480659484863e-01,6.294208765029907227e-01,5.552189350128173828e-01,3.844571411609649658e-01,9.817195683717727661e-02,-4.028093442320823669e-02,-9.368482977151870728e-02,-7.134327292442321777e-02,-4.076496139168739319e-02,-1.641513593494892120e-02,1.611680258065462112e-03,1.289344206452369690e-02,2.188732847571372986e-02,2.853506803512573242e-02,3.195645287632942200e-02,3.353561833500862122e-02,3.473687916994094849e-02,3.565077856183052063e-02,3.543435409665107727e-02,3.808137029409408569e-02,4.299218952655792236e-02,5.034722760319709778e-02,5.771673843264579773e-02,6.428682804107666016e-02,6.969308108091354370e-02,6.925307959318161011e-02,6.858900934457778931e-02,6.752416491508483887e-02,6.538259983062744141e-02,6.192903593182563782e-02,5.947723984718322754e-02,5.941956490278244019e-02,5.300768837332725525e-02,4.315933212637901306e-02,3.068854846060276031e-02,1.847700029611587524e-02,4.778857342898845673e-03,-7.553205359727144241e-03,-1.534465886652469635e-02,-2.408376894891262054e-02,-3.584876284003257751e-02,-5.098151043057441711e-02,-6.861553341150283813e-02,-9.073541313409805298e-02,-1.138413399457931519e-01,-1.324000805616378784e-01,-1.361238509416580200e-01,-1.334598362445831299e-01,-1.261713653802871704e-01
-1.022492628544569016e-02,-1.954817399382591248e-02,-1.421490963548421860e-02,-1.546924374997615814e-02,-2.663403749465942383e-02,-1.852238737046718597e-02,1.524118590168654919e-03,-2.919984515756368637e-03,-1.170263625681400299e-02,-5.109101533889770508e-03,-1.074623875319957733e-02,-1.454283110797405243e-02,-4.177490249276161194e-03,6.913940887898206711e-03,-7.436294108629226685e-03,-1.290717907249927521e-02,-9.407523088157176971e-03,-6.414274685084819794e-03,-5.897962022572755814e-03,9.080567979253828526e-04,-1.125899143517017365e-02,-1.642129942774772644e-02,-1.083603873848915100e-02,2.751940628513693810e-03,2.143577585229650140e-04,-6.003226619213819504e-03,-6.463146302849054337e-03,-4.148382227867841721e-03,-6.250004284083843231e-03,4.770355299115180969e-03,7.882078178226947784e-03,1.539257587864995003e-03,-7.556584198027849197e-03,1.105539195123128593e-04,-1.477790065109729767e-04,-1.764591666869819164e-03,-1.731294207274913788e-03,-3.021891170646995306e-04,-1.055767294019460678e-02,-1.653192215599119663e-03,7.341642398387193680e-03,7.093434222042560577e-03,-7.248918991535902023e-03,7.081787101924419403e-03,4.073125775903463364e-03,-1.279327261727303267e-04,2.681546611711382866e-03,1.583656482398509979e-02,-3.935396671295166016e-03,1.064688782207667828e-03,1.170681975781917572e-02,1.107631530612707138e-02,-3.005951177328824997e-03,1.196278259158134460e-02,7.602076977491378784e-03,-3.975352272391319275e-03,2.215251792222261429e-03,1.406871899962425232e-02,3.974183928221464157e-03,4.253226798027753830e-03,1.443588174879550934e-02,7.325168233364820480e-03,5.676802713423967361e-03,1.526172459125518799e-02,1.593182422220706940e-02,2.440038137137889862e-03,1.068042404949665070e-02,2.097219228744506836e-02,1.895699277520179749e-02,1.541196461766958237e-02,2.283746562898159027e-02,1.431003212928771973e-02,8.587078191339969635e-03,1.379640121012926102e-02,2.335126511752605438e-02,1.909855753183364868e-02,1.994459517300128937e-02,2.224273607134819031e-02,1.923327147960662842e-02,1.156761124730110168e-02,1.702280901372432709e-02,1.763098314404487610e-02,1.187808811664581299e-02,1.104925386607646942e-02,2.438611537218093872e-02,2.822280488908290863e-02,2.250923961400985718e-02,2.132196910679340363e-02,2.058792300522327423e-02,5.915835965424776077e-03
-6.008782386779785156e-01,-5.744976401329040527e-01,-5.467083454132080078e-01,-5.206905603408813477e-01,-4.958539009094238281e-01,-4.690162241458892822e-01,-4.409244954586029053e-01,-4.137090742588043213e-01,-3.839247524738311768e-01,-3.538941442966461182e-01,-3.272481560707092285e-01,-3.017109930515289307e-01,-2.762928009033203125e-01,-2.540343403816223145e-01,-2.318177819252014160e-01,-2.074428051710128784e-01,-1.851345896720886230e-01,-1.671085357666015625e-01,-1.499109268188476562e-01,-1.339255124330520630e-01,-1.194139122962951660e-01,-1.059727519750595093e-01,-9.375072270631790161e-02,-8.241652697324752808e-02,-7.310805469751358032e-02,-6.518087536096572876e-02,-5.689410120248794556e-02,-5.590776726603507996e-02,-6.079561635851860046e-02,-6.744868308305740356e-02,-7.518582791090011597e-02,-8.452812582254409790e-02,-9.351937472820281982e-02,-1.049316301941871643e-01,-1.200456693768501282e-01,-1.354454606771469116e-01,-1.453679800033569336e-01,-1.397398561239242554e-01,-1.144682914018630981e-01,-8.469716459512710571e-02,-5.509243160486221313e-02,-2.750517614185810089e-02,-7.433831342495977879e-04,2.410808950662612915e-02,4.786809906363487244e-02,7.187145948410034180e-02,9.654796123504638672e-02,1.212879866361618042e-01,1.425803601741790771e-01,1.621946692466735840e-01,1.819222867488861084e-01,2.016757130622863770e-01,2.204196602106094360e-01,2.378567010164260864e-01,2.555987536907196045e-01,2.703581154346466064e-01,2.833954691886901855e-01,2.964790463447570801e-01,3.076678514480590820e-01,3.166984021663665771e-01,3.265739381313323975e-01,3.357677161693572998e-01,3.442774116992950439e-01,3.566404283046722412e-01,3.657192587852478027e-01,3.711448013782501221e-01,3.774625658988952637e-01,3.847061693668365479e-01,3.875828981399536133e-01,3.881303071975708008e-01,3.881022632122039795e-01,3.853238224983215332e-01,3.811473846435546875e-01,3.783865869045257568e-01,3.705326318740844727e-01,3.594807982444763184e-01,3.489936292171478271e-01,3.387276232242584229e-01,3.271907269954681396e-01,3.140780627727508545e-01,2.940224111080169678e-01,2.711144685745239258e-01,2.453787624835968018e-01,2.160833030939102173e-01,1.818925291299819946e-01,1.499882489442825317e-01,1.259652078151702881e-01,1.159943714737892151e-01,1.213342621922492981e-01,1.369314938783645630e-01
3.262628078460693359e+00,3.251862525939941406e+00,3.240280389785766602e+00,3.228318691253662109e+00,3.219872236251831055e+00,3.211986064910888672e+00,3.203187227249145508e+00,3.188004732131958008e+00,3.172592639923095703e+00,3.157202959060668945e+00,3.142176389694213867e+00,3.123222112655639648e+00,3.103073358535766602e+00,3.082656145095825195e+00,3.055203676223754883e+00,3.026227951049804688e+00,2.996587753295898438e+00,2.973874092102050781e+00,2.947977542877197266e+00,2.918321371078491211e+00,2.885702610015869141e+00,2.852008581161499023e+00,2.816493511199951172e+00,2.773089170455932617e+00,2.731853485107421875e+00,2.691013574600219727e+00,2.647139787673950195e+00,2.596725702285766602e+00,2.546639680862426758e+00,2.503420829772949219e+00,2.454094886779785156e+00,2.400990486145019531e+00,2.343570709228515625e+00,2.289778709411621094e+00,2.227772712707519531e+00,2.154924869537353516e+00,2.088490962982177734e+00,2.020388126373291016e+00,1.949357151985168457e+00,1.859532117843627930e+00,1.772386431694030762e+00,1.685094237327575684e+00,1.586914181709289551e+00,1.481258273124694824e+00,1.371789813041687012e+00,1.260875940322875977e+00,1.127403616905212402e+00,9.789630174636840820e-01,8.122882246971130371e-01,6.588042974472045898e-01,5.116692185401916504e-01,3.708023130893707275e-01,2.281063944101333618e-01,1.032688841223716736e-01,-8.581230649724602699e-04,-5.320363119244575500e-02,-8.853734284639358521e-02,-1.088804006576538086e-01,-1.156450584530830383e-01,-1.253125369548797607e-01,-1.371406167745590210e-01,-1.513465493917465210e-01,-1.627721786499023438e-01,-1.727887690067291260e-01,-1.818636059761047363e-01,-1.843642145395278931e-01,-1.863171160221099854e-01,-1.902934461832046509e-01,-1.979677677154541016e-01,-2.029523402452468872e-01,-2.036707997322082520e-01,-2.070546746253967285e-01,-2.090619355440139771e-01,-2.096434831619262695e-01,-2.101074755191802979e-01,-2.121240943670272827e-01,-2.147954553365707397e-01,-2.146611213684082031e-01,-2.180372923612594604e-01,-2.243143022060394287e-01,-2.349792569875717163e-01,-2.402674853801727295e-01,-2.452999651432037354e-01,-2.539099156856536865e-01,-2.546725869178771973e-01,-2.539668679237365723e-01,-2.533772587776184082e-01,-2.571499347686767578e-01,-2.588009834289550781e-01,-2.574925422668457031e-01
2.497840881347656250e+00,2.488047122955322266e+00,2.477962732315063477e+00,2.468505620956420898e+00,2.460387468338012695e+00,2.443490028381347656e+00,2.427014589309692383e+00,2.412452220916748047e+00,2.400779724121093750e+00,2.382852077484130859e+00,2.362775325775146484e+00,2.340522766113281250e+00,2.316054821014404297e+00,2.289528846740722656e+00,2.261265993118286133e+00,2.230659961700439453e+00,2.197355031967163086e+00,2.162661314010620117e+00,2.125324249267578125e+00,2.086030721664428711e+00,2.045226097106933594e+00,2.003777265548706055e+00,1.960411429405212402e+00,1.915232658386230469e+00,1.868245601654052734e+00,1.819313764572143555e+00,1.767122149467468262e+00,1.713500261306762695e+00,1.659027576446533203e+00,1.601841688156127930e+00,1.543782114982604980e+00,1.484116554260253906e+00,1.422398805618286133e+00,1.357860326766967773e+00,1.292384982109069824e+00,1.224048733711242676e+00,1.152294635772705078e+00,1.078070998191833496e+00,1.001473307609558105e+00,9.229459166526794434e-01,8.424825668334960938e-01,7.594524025917053223e-01,6.705213785171508789e-01,5.760371685028076172e-01,4.775008559226989746e-01,3.807101249694824219e-01,2.848505675792694092e-01,1.892774999141693115e-01,9.595115482807159424e-02,1.246118918061256409e-02,-4.784711450338363647e-02,-8.966967463493347168e-02,-1.174179315567016602e-01,-1.414633840322494507e-01,-1.447933465242385864e-01,-1.420525312423706055e-01,-1.376137137413024902e-01,-1.360580176115036011e-01,-1.348804682493209839e-01,-1.305451393127441406e-01,-1.239707916975021362e-01,-1.186545118689537048e-01,-1.153275817632675171e-01,-1.132910475134849548e-01,-1.118783503770828247e-01,-1.098797172307968140e-01,-1.084934622049331665e-01,-1.071122959256172180e-01,-1.062858775258064270e-01,-1.072074696421623230e-01,-1.100910082459449768e-01,-1.135224103927612305e-01,-1.169621124863624573e-01,-1.197084262967109680e-01,-1.216069757938385010e-01,-1.221182197332382202e-01,-1.213763952255249023e-01,-1.196052357554435730e-01,-1.183734238147735596e-01,-1.166919171810150146e-01,-1.147112324833869934e-01,-1.126919090747833252e-01,-1.096787750720977783e-01,-1.049699261784553528e-01,-1.001221984624862671e-01,-9.700602293014526367e-02,-9.839381277561187744e-02,-1.019521355628967285e-01,-1.065087392926216125e-01,-1.108594536781311035e-01
3.342364549636840820e+00,3.317200183868408203e+00,3.289575338363647461e+00,3.259428977966308594e+00,3.222903490066528320e+00,3.188011646270751953e+00,3.153640031814575195e+00,3.107832431793212891e+00,3.062437772750854492e+00,3.017201423645019531e+00,2.970737218856811523e+00,2.919194698333740234e+00,2.864866733551025391e+00,2.812950372695922852e+00,2.759554386138916016e+00,2.704375743865966797e+00,2.644266366958618164e+00,2.584446430206298828e+00,2.523314237594604492e+00,2.456395626068115234e+00,2.379438877105712891e+00,2.299665927886962891e+00,2.223678588867187500e+00,2.131649017333984375e+00,2.027989864349365234e+00,1.907055020332336426e+00,1.775086522102355957e+00,1.631558299064636230e+00,1.468178272247314453e+00,1.294105768203735352e+00,1.119316577911376953e+00,9.478943347930908203e-01,7.833002805709838867e-01,6.242315173149108887e-01,4.726251065731048584e-01,3.335387110710144043e-01,2.091347128152847290e-01,1.042739301919937134e-01,4.808588325977325439e-02,1.382170245051383972e-02,2.440927783027291298e-03,3.400725545361638069e-03,4.893771372735500336e-03,6.253954023122787476e-03,2.926927059888839722e-03,8.112111827358603477e-04,1.767211324477102607e-05,1.077998895198106766e-03,1.937253749929368496e-03,2.512466860935091972e-03,1.033711712807416916e-03,2.383060753345489502e-03,5.923807155340909958e-03,9.780582040548324585e-03,1.140043325722217560e-02,1.175102498382329941e-02,1.378263533115386963e-02,1.469876151531934738e-02,1.479926798492670059e-02,1.393749937415122986e-02,1.359842531383037567e-02,1.326318364590406418e-02,1.178083103150129318e-02,1.022003125399351120e-02,8.941108360886573792e-03,8.802825585007667542e-03,9.971838444471359253e-03,1.170504931360483170e-02,1.370471529662609100e-02,1.438547112047672272e-02,1.554429251700639725e-02,1.892766356468200684e-02,2.063665725290775299e-02,2.104198560118675232e-02,1.953742466866970062e-02,1.840402185916900635e-02,1.768100634217262268e-02,1.758227497339248657e-02,1.710971072316169739e-02,1.730779185891151428e-02,1.867725886404514313e-02,1.770222745835781097e-02,1.685141958296298981e-02,1.653921976685523987e-02,1.591582410037517548e-02,1.481689326465129852e-02,1.316392142325639725e-02,1.254855562001466751e-02,1.289871335029602051e-02,1.424273476004600525e-02
-7.752625346183776855e-01,-7.440057396888732910e-01,-7.124867439270019531e-01,-6.780934333801269531e-01,-6.395556330680847168e-01,-5.988351106643676758e-01,-5.626848340034484863e-01,-5.282776355743408203e-01,-4.943034648895263672e-01,-4.595302641391754150e-01,-4.285792112350463867e-01,-3.975066542625427246e-01,-3.671077191829681396e-01,-3.383024930953979492e-01,-3.128120601177215576e-01,-2.869042456150054932e-01,-2.616823017597198486e-01,-2.371982485055923462e-01,-2.127816081047058105e-01,-1.889108121395111084e-01,-1.667432039976119995e-01,-1.456255167722702026e-01,-1.249434053897857666e-01,-1.062441468238830566e-01,-8.784041553735733032e-02,-6.973982602357864380e-02,-5.231682211160659790e-02,-3.666184470057487488e-02,-2.213791757822036743e-02,-7.649207953363656998e-03,5.710728932172060013e-03,1.653304137289524078e-02,2.312246710062026978e-02,3.139995038509368896e-02,4.134853929281234741e-02,5.340109393000602722e-02,6.930036842823028564e-02,9.017219394445419312e-02,1.087222397327423096e-01,1.225268244743347168e-01,1.299922913312911987e-01,1.283076703548431396e-01,1.198689937591552734e-01,1.052863523364067078e-01,8.546704053878784180e-02,6.219030544161796570e-02,3.714038059115409851e-02,1.467327959835529327e-02,-1.831162837333977222e-03,-8.481175638735294342e-03,-2.175893448293209076e-02,-4.562116414308547974e-02,-7.820056378841400146e-02,-1.166180670261383057e-01,-1.534489244222640991e-01,-1.673132330179214478e-01,-1.631595194339752197e-01,-1.449310630559921265e-01,-1.185254454612731934e-01,-1.062245294451713562e-01,-1.060282513499259949e-01,-1.095780730247497559e-01,-1.102356985211372375e-01,-1.150068193674087524e-01,-1.182657480239868164e-01,-1.148322075605392456e-01,-1.069722548127174377e-01,-1.052356734871864319e-01,-9.388051182031631470e-02,-7.565201073884963989e-02,-5.809906870126724243e-02,-4.861986264586448669e-02,-4.377467185258865356e-02,-3.695432841777801514e-02,-3.037496097385883331e-02,-2.473808825016021729e-02,-1.922675222158432007e-02,-1.230048015713691711e-02,-6.977078504860401154e-03,-3.683964023366570473e-03,-2.351370872929692268e-03,-2.487098099663853645e-03,-2.856583800166845322e-03,-2.019949490204453468e-03,-2.577357809059321880e-04,-1.944005955010652542e-03,-9.269021451473236084e-03,-1.787323132157325745e-02,-2.688398584723472595e-02,-3.612097725272178650e-02
2.623579502105712891e+00,2.597903966903686523e+00,2.575228452682495117e+00,2.553884506225585938e+00,2.530428171157836914e+00,2.502093315124511719e+00,2.474003553390502930e+00,2.446991205215454102e+00,2.408995151519775391e+00,2.369994401931762695e+00,2.330643177032470703e+00,2.291777610778808594e+00,2.248963594436645508e+00,2.206087350845336914e+00,2.163464069366455078e+00,2.118119955062866211e+00,2.069476604461669922e+00,2.020135164260864258e+00,1.972324013710021973e+00,1.916839122772216797e+00,1.857661843299865723e+00,1.796369075775146484e+00,1.738551020622253418e+00,1.672072052955627441e+00,1.601024031639099121e+00,1.526977896690368652e+00,1.451641559600830078e+00,1.362634420394897461e+00,1.264345049858093262e+00,1.168929219245910645e+00,1.050041317939758301e+00,9.125822186470031738e-01,7.566608190536499023e-01,5.966722369194030762e-01,4.382614493370056152e-01,2.846943736076354980e-01,1.438577026128768921e-01,2.948002330958843231e-02,-7.325737923383712769e-02,-1.629148572683334351e-01,-1.783991307020187378e-01,-1.609607338905334473e-01,-1.266318112611770630e-01,-9.022779762744903564e-02,-6.270328164100646973e-02,-3.909176588058471680e-02,-1.950430124998092651e-02,-9.700660593807697296e-03,-3.354670014232397079e-03,5.780979990959167480e-04,2.339920261874794960e-03,1.933173916768282652e-04,-1.941203954629600048e-03,-4.552756901830434799e-03,-1.096016261726617813e-02,-1.650934480130672455e-02,-2.220210060477256775e-02,-2.857201173901557922e-02,-3.406182676553726196e-02,-3.955667465925216675e-02,-4.500713571906089783e-02,-5.023245513439178467e-02,-5.750305205583572388e-02,-6.522765755653381348e-02,-7.315203547477722168e-02,-8.803306519985198975e-02,-9.996035695075988770e-02,-1.102137044072151184e-01,-1.204161047935485840e-01,-1.334190368652343750e-01,-1.471870094537734985e-01,-1.619412153959274292e-01,-1.842303574085235596e-01,-2.093224376440048218e-01,-2.358335256576538086e-01,-2.626878619194030762e-01,-2.946210205554962158e-01,-3.276662230491638184e-01,-3.607807159423828125e-01,-3.905220329761505127e-01,-4.237364232540130615e-01,-4.563267230987548828e-01,-4.853272736072540283e-01,-5.138341784477233887e-01,-5.476446151733398438e-01,-5.853179693222045898e-01,-6.216382384300231934e-01,-6.501855850219726562e-01,-6.752004027366638184e-01,-6.980994939804077148e-01
1.977264404296875000e+00,1.992852091789245605e+00,2.007433891296386719e+00,2.019707918167114258e+00,2.029589176177978516e+00,2.040962457656860352e+00,2.050564050674438477e+00,2.054832935333251953e+00,2.050737380981445312e+00,2.034491539001464844e+00,2.012334823608398438e+00,1.990732431411743164e+00,1.969309449195861816e+00,1.948093891143798828e+00,1.930960059165954590e+00,1.912447094917297363e+00,1.892973542213439941e+00,1.872399806976318359e+00,1.850124955177307129e+00,1.824629426002502441e+00,1.798835277557373047e+00,1.771567463874816895e+00,1.741469621658325195e+00,1.707135915756225586e+00,1.672432422637939453e+00,1.635028958320617676e+00,1.594663262367248535e+00,1.553164839744567871e+00,1.508897066116333008e+00,1.462067604064941406e+00,1.414374470710754395e+00,1.367520451545715332e+00,1.315990924835205078e+00,1.264290213584899902e+00,1.213862776756286621e+00,1.163923621177673340e+00,1.109002351760864258e+00,1.056103944778442383e+00,9.987139701843261719e-01,9.361377358436584473e-01,8.690870404243469238e-01,7.989491224288940430e-01,7.242689728736877441e-01,6.498474478721618652e-01,5.774374604225158691e-01,5.016729235649108887e-01,4.194540977478027344e-01,3.320896327495574951e-01,2.384056001901626587e-01,1.362928003072738647e-01,3.180978819727897644e-02,-7.579973340034484863e-02,-1.767967939376831055e-01,-2.625020742416381836e-01,-3.205386996269226074e-01,-3.595707714557647705e-01,-3.779782950878143311e-01,-3.746228814125061035e-01,-3.486756980419158936e-01,-3.192434310913085938e-01,-2.923346161842346191e-01,-2.663443386554718018e-01,-2.396107017993927002e-01,-2.124068737030029297e-01,-1.850894242525100708e-01,-1.576100885868072510e-01,-1.300370544195175171e-01,-1.025917232036590576e-01,-7.170435041189193726e-02,-3.861673921346664429e-02,-5.367799662053585052e-03,2.578171342611312866e-02,5.133483931422233582e-02,7.180737704038619995e-02,8.800778537988662720e-02,1.000041291117668152e-01,1.067590191960334778e-01,1.125320419669151306e-01,1.194704994559288025e-01,1.261708289384841919e-01,1.304788291454315186e-01,1.304067820310592651e-01,1.319134235382080078e-01,1.349833905696868896e-01,1.393685340881347656e-01,1.441853046417236328e-01,1.488691568374633789e-01,1.509156227111816406e-01,1.500936746597290039e-01,1.468933671712875366e-01
