2.532999753952026367e+00,2.562293291091918945e+00,2.596339941024780273e+00,2.628491878509521484e+00,2.623105525970458984e+00,2.613218545913696289e+00,2.603318214416503906e+00,2.599096775054931641e+00,2.599204301834106445e+00,2.602997303009033203e+00,2.611146688461303711e+00,2.614889383316040039e+00,2.615352630615234375e+00,2.613657474517822266e+00,2.620007991790771484e+00,2.631887435913085938e+00,2.645210981369018555e+00,2.652515411376953125e+00,2.667910575866699219e+00,2.683380365371704102e+00,2.694389104843139648e+00,2.697612285614013672e+00,2.701267480850219727e+00,2.706423282623291016e+00,2.713366270065307617e+00,2.717628717422485352e+00,2.719125986099243164e+00,2.715662240982055664e+00,2.713347434997558594e+00,2.713217735290527344e+00,2.717369794845581055e+00,2.720502376556396484e+00,2.723236560821533203e+00,2.725658416748046875e+00,2.727347612380981445e+00,2.724644422531127930e+00,2.717999219894409180e+00,2.708722591400146484e+00,2.699848651885986328e+00,2.690136909484863281e+00,2.677199602127075195e+00,2.662208557128906250e+00,2.647293090820312500e+00,2.633341550827026367e+00,2.617990255355834961e+00,2.601575374603271484e+00,2.584252119064331055e+00,2.567778348922729492e+00,2.551052331924438477e+00,2.532624006271362305e+00,2.507722854614257812e+00,2.484199047088623047e+00,2.460869550704956055e+00,2.437026023864746094e+00,2.409898519515991211e+00,2.384001493453979492e+00,2.359907388687133789e+00,2.323714494705200195e+00,2.288668632507324219e+00,2.254693746566772461e+00,2.222147703170776367e+00,2.177907228469848633e+00,2.128408193588256836e+00,2.077652931213378906e+00,2.018772602081298828e+00,1.959164023399353027e+00,1.900790214538574219e+00,1.852414369583129883e+00,1.796887636184692383e+00,1.734887480735778809e+00,1.673852920532226562e+00,1.608072638511657715e+00,1.536753296852111816e+00,1.454776883125305176e+00,1.375990033149719238e+00,1.285699963569641113e+00,1.172956466674804688e+00,1.060425519943237305e+00,9.328563213348388672e-01,7.871283888816833496e-01,6.001392602920532227e-01,4.400599598884582520e-01,3.105368018150329590e-01,2.438845485448837280e-01,2.174985110759735107e-01,2.174033671617507935e-01,2.451117187738418579e-01,1.400492787361145020e-01,-4.847868904471397400e-02,-3.197049200534820557e-01
3.380066394805908203e+00,3.371811866760253906e+00,3.364248752593994141e+00,3.356436252593994141e+00,3.345149278640747070e+00,3.330990791320800781e+00,3.319245815277099609e+00,3.313671350479125977e+00,3.308135986328125000e+00,3.302396774291992188e+00,3.297417402267456055e+00,3.300024271011352539e+00,3.301337003707885742e+00,3.303181886672973633e+00,3.307754278182983398e+00,3.314343214035034180e+00,3.318096637725830078e+00,3.318173170089721680e+00,3.318063259124755859e+00,3.316641569137573242e+00,3.314292669296264648e+00,3.311337709426879883e+00,3.309819936752319336e+00,3.307901859283447266e+00,3.304860591888427734e+00,3.306573629379272461e+00,3.307975769042968750e+00,3.308897733688354492e+00,3.308815002441406250e+00,3.310121774673461914e+00,3.311446905136108398e+00,3.311862945556640625e+00,3.308348894119262695e+00,3.303423166275024414e+00,3.297255039215087891e+00,3.289159536361694336e+00,3.276999473571777344e+00,3.263781785964965820e+00,3.252817869186401367e+00,3.238251924514770508e+00,3.221161365509033203e+00,3.201866626739501953e+00,3.188708782196044922e+00,3.174110412597656250e+00,3.158400297164916992e+00,3.141823768615722656e+00,3.123909950256347656e+00,3.105086803436279297e+00,3.085351228713989258e+00,3.064647912979125977e+00,3.040749549865722656e+00,3.014336824417114258e+00,2.988020181655883789e+00,2.962591886520385742e+00,2.936830759048461914e+00,2.909648895263671875e+00,2.875842332839965820e+00,2.840058565139770508e+00,2.802901506423950195e+00,2.765138626098632812e+00,2.723746061325073242e+00,2.680214405059814453e+00,2.635729551315307617e+00,2.590487003326416016e+00,2.543502569198608398e+00,2.494365930557250977e+00,2.443974256515502930e+00,2.390999794006347656e+00,2.336762666702270508e+00,2.284382104873657227e+00,2.230549573898315430e+00,2.173856019973754883e+00,2.112907886505126953e+00,2.052494764328002930e+00,1.987952113151550293e+00,1.919645190238952637e+00,1.849832057952880859e+00,1.778179645538330078e+00,1.701803803443908691e+00,1.616193175315856934e+00,1.525267839431762695e+00,1.431147933006286621e+00,1.333811998367309570e+00,1.230091452598571777e+00,1.129163622856140137e+00,1.033771753311157227e+00,9.512996077537536621e-01,8.863810896873474121e-01,8.324469923973083496e-01,7.888604402542114258e-01
2.979550361633300781e+00,2.974265813827514648e+00,2.971670627593994141e+00,2.971871376037597656e+00,2.975899219512939453e+00,2.967931509017944336e+00,2.966979742050170898e+00,2.977918148040771484e+00,2.982133865356445312e+00,2.969275236129760742e+00,2.954752206802368164e+00,2.960353374481201172e+00,2.964388370513916016e+00,2.967901468276977539e+00,2.971758604049682617e+00,2.982003927230834961e+00,2.986077070236206055e+00,2.990213394165039062e+00,3.000221729278564453e+00,3.002142429351806641e+00,3.003233432769775391e+00,3.004656553268432617e+00,3.008889913558959961e+00,3.011219024658203125e+00,3.011592149734497070e+00,3.009610414505004883e+00,3.013374805450439453e+00,3.014620542526245117e+00,3.014487981796264648e+00,3.016934871673583984e+00,3.023043632507324219e+00,3.027909755706787109e+00,3.029566526412963867e+00,3.029401540756225586e+00,3.030672073364257812e+00,3.032431364059448242e+00,3.032975196838378906e+00,3.033901691436767578e+00,3.031040191650390625e+00,3.022801160812377930e+00,3.003756523132324219e+00,2.991122007369995117e+00,2.980864763259887695e+00,2.968682765960693359e+00,2.951450586318969727e+00,2.936192274093627930e+00,2.922813653945922852e+00,2.903612852096557617e+00,2.883440732955932617e+00,2.863782644271850586e+00,2.845954895019531250e+00,2.824884176254272461e+00,2.799409866333007812e+00,2.770742654800415039e+00,2.743569374084472656e+00,2.715425252914428711e+00,2.684791088104248047e+00,2.650502204895019531e+00,2.616691589355468750e+00,2.581532001495361328e+00,2.544481039047241211e+00,2.503651142120361328e+00,2.461410522460937500e+00,2.416536331176757812e+00,2.368524551391601562e+00,2.321310997009277344e+00,2.275412559509277344e+00,2.228464841842651367e+00,2.176156759262084961e+00,2.125390052795410156e+00,2.072522401809692383e+00,2.016304969787597656e+00,1.952030062675476074e+00,1.887818813323974609e+00,1.819995403289794922e+00,1.743547797203063965e+00,1.665237069129943848e+00,1.584925055503845215e+00,1.501970171928405762e+00,1.412409067153930664e+00,1.323602557182312012e+00,1.232654213905334473e+00,1.137096166610717773e+00,1.015247941017150879e+00,8.860327601432800293e-01,7.502573132514953613e-01,6.056352853775024414e-01,4.561777412891387939e-01,3.121151626110076904e-01,1.785808652639389038e-01
2.748282670974731445e+00,2.772995233535766602e+00,2.799529075622558594e+00,2.822693586349487305e+00,2.835867881774902344e+00,2.842838287353515625e+00,2.863101720809936523e+00,2.893140554428100586e+00,2.925897359848022461e+00,2.947643995285034180e+00,2.966298103332519531e+00,2.983714818954467773e+00,3.002331018447875977e+00,3.019077301025390625e+00,3.038770675659179688e+00,3.061364650726318359e+00,3.083203792572021484e+00,3.105550289154052734e+00,3.131510734558105469e+00,3.161407709121704102e+00,3.191181659698486328e+00,3.216851234436035156e+00,3.240106582641601562e+00,3.261253595352172852e+00,3.276666641235351562e+00,3.294147253036499023e+00,3.311267614364624023e+00,3.326350927352905273e+00,3.335870265960693359e+00,3.348483085632324219e+00,3.360502719879150391e+00,3.368448257446289062e+00,3.381028652191162109e+00,3.387881755828857422e+00,3.391697883605957031e+00,3.396198987960815430e+00,3.401651620864868164e+00,3.404622793197631836e+00,3.405540227890014648e+00,3.405540466308593750e+00,3.403407335281372070e+00,3.401880264282226562e+00,3.400303363800048828e+00,3.395605325698852539e+00,3.390870332717895508e+00,3.383148670196533203e+00,3.372211217880249023e+00,3.359956026077270508e+00,3.350231885910034180e+00,3.338337182998657227e+00,3.322142124176025391e+00,3.297933578491210938e+00,3.274881839752197266e+00,3.252047061920166016e+00,3.228732347488403320e+00,3.201411485671997070e+00,3.174268960952758789e+00,3.145802736282348633e+00,3.114794254302978516e+00,3.077290534973144531e+00,3.038784265518188477e+00,2.997509956359863281e+00,2.951377630233764648e+00,2.898435354232788086e+00,2.848482370376586914e+00,2.799089670181274414e+00,2.745983839035034180e+00,2.685898780822753906e+00,2.625987768173217773e+00,2.563998460769653320e+00,2.493074655532836914e+00,2.425107002258300781e+00,2.354177713394165039e+00,2.277584791183471680e+00,2.188936710357666016e+00,2.097781181335449219e+00,1.993318557739257812e+00,1.871646046638488770e+00,1.727147698402404785e+00,1.562086939811706543e+00,1.380378246307373047e+00,1.183811187744140625e+00,9.804323911666870117e-01,7.869070768356323242e-01,5.957128405570983887e-01,4.027312994003295898e-01,2.073494940996170044e-01,2.555631846189498901e-02,-1.208032220602035522e-01,-2.119628638029098511e-01
3.048127412796020508e+00,3.036790132522583008e+00,3.030692577362060547e+00,3.028418540954589844e+00,3.028491735458374023e+00,3.029203653335571289e+00,3.029640436172485352e+00,3.029285907745361328e+00,3.027223348617553711e+00,3.024261236190795898e+00,3.026328325271606445e+00,3.029113769531250000e+00,3.019664049148559570e+00,3.021879434585571289e+00,3.034152984619140625e+00,3.050613641738891602e+00,3.049345493316650391e+00,3.049818277359008789e+00,3.054810762405395508e+00,3.063932657241821289e+00,3.069165229797363281e+00,3.074104785919189453e+00,3.078376054763793945e+00,3.081674814224243164e+00,3.082749605178833008e+00,3.081988096237182617e+00,3.083328962326049805e+00,3.089088439941406250e+00,3.089744329452514648e+00,3.083766937255859375e+00,3.079836368560791016e+00,3.086190462112426758e+00,3.098326683044433594e+00,3.104714155197143555e+00,3.105918884277343750e+00,3.102554321289062500e+00,3.099596977233886719e+00,3.096525669097900391e+00,3.092794418334960938e+00,3.087303638458251953e+00,3.074990034103393555e+00,3.061549186706542969e+00,3.048978805541992188e+00,3.041036367416381836e+00,3.025014877319335938e+00,3.008557319641113281e+00,2.993124723434448242e+00,2.977793216705322266e+00,2.958761215209960938e+00,2.940263271331787109e+00,2.922173976898193359e+00,2.892949581146240234e+00,2.868629217147827148e+00,2.844183921813964844e+00,2.817005872726440430e+00,2.785396337509155273e+00,2.754251241683959961e+00,2.720929861068725586e+00,2.683465480804443359e+00,2.645610094070434570e+00,2.606008291244506836e+00,2.564335346221923828e+00,2.520095348358154297e+00,2.476041316986083984e+00,2.428909540176391602e+00,2.380371809005737305e+00,2.333098173141479492e+00,2.281515359878540039e+00,2.228583812713623047e+00,2.174819946289062500e+00,2.120720624923706055e+00,2.056894302368164062e+00,1.992264986038208008e+00,1.926863670349121094e+00,1.855840086936950684e+00,1.776327967643737793e+00,1.695701003074645996e+00,1.614610433578491211e+00,1.526663303375244141e+00,1.437765121459960938e+00,1.346809267997741699e+00,1.253180384635925293e+00,1.155809640884399414e+00,1.056793093681335449e+00,9.452422857284545898e-01,8.140981197357177734e-01,6.579952836036682129e-01,4.987759888172149658e-01,3.442136347293853760e-01,2.008909881114959717e-01
2.320129394531250000e+00,2.348870754241943359e+00,2.379672527313232422e+00,2.410172939300537109e+00,2.437445878982543945e+00,2.462395906448364258e+00,2.492335319519042969e+00,2.525412559509277344e+00,2.557977914810180664e+00,2.591783761978149414e+00,2.626696348190307617e+00,2.661111116409301758e+00,2.690816640853881836e+00,2.720745801925659180e+00,2.749505758285522461e+00,2.776466846466064453e+00,2.800100803375244141e+00,2.822643995285034180e+00,2.843770265579223633e+00,2.863304615020751953e+00,2.880913019180297852e+00,2.898242712020874023e+00,2.914239883422851562e+00,2.928576231002807617e+00,2.943358659744262695e+00,2.957837581634521484e+00,2.971224784851074219e+00,2.983060359954833984e+00,2.996537446975708008e+00,3.009374618530273438e+00,3.021015882492065430e+00,3.030863046646118164e+00,3.040700674057006836e+00,3.050352096557617188e+00,3.058126688003540039e+00,3.061521530151367188e+00,3.065028190612792969e+00,3.068409204483032227e+00,3.069988250732421875e+00,3.066221714019775391e+00,3.066180944442749023e+00,3.063843250274658203e+00,3.058444976806640625e+00,3.049877405166625977e+00,3.038755893707275391e+00,3.028816699981689453e+00,3.019417047500610352e+00,3.003866195678710938e+00,2.988569498062133789e+00,2.974796772003173828e+00,2.961882114410400391e+00,2.941413879394531250e+00,2.918620347976684570e+00,2.893059253692626953e+00,2.864527702331542969e+00,2.835271596908569336e+00,2.804264307022094727e+00,2.771169424057006836e+00,2.735586643218994141e+00,2.695218324661254883e+00,2.656069755554199219e+00,2.617231369018554688e+00,2.577750921249389648e+00,2.534852027893066406e+00,2.488546848297119141e+00,2.440405845642089844e+00,2.392734766006469727e+00,2.342993736267089844e+00,2.292875051498413086e+00,2.241658210754394531e+00,2.187229394912719727e+00,2.128469467163085938e+00,2.066069364547729492e+00,1.999915599822998047e+00,1.928996205329895020e+00,1.856965780258178711e+00,1.779684185981750488e+00,1.696822643280029297e+00,1.612462043762207031e+00,1.521106839179992676e+00,1.422248482704162598e+00,1.316505551338195801e+00,1.213621020317077637e+00,1.103409767150878906e+00,9.920846819877624512e-01,8.821458220481872559e-01,7.551798820495605469e-01,6.029003858566284180e-01,4.308712184429168701e-01,2.424950152635574341e-01
2.572328090667724609e+00,2.590532064437866211e+00,2.591117382049560547e+00,2.588380813598632812e+00,2.589941263198852539e+00,2.584570884704589844e+00,2.568745851516723633e+00,2.575850725173950195e+00,2.596384525299072266e+00,2.597384691238403320e+00,2.589711666107177734e+00,2.602450132369995117e+00,2.619462490081787109e+00,2.629743337631225586e+00,2.654822587966918945e+00,2.668542861938476562e+00,2.671738862991333008e+00,2.669134140014648438e+00,2.671265125274658203e+00,2.682230234146118164e+00,2.691949367523193359e+00,2.699733257293701172e+00,2.705629110336303711e+00,2.709457635879516602e+00,2.709962844848632812e+00,2.712233066558837891e+00,2.717371225357055664e+00,2.722905874252319336e+00,2.724625825881958008e+00,2.729167699813842773e+00,2.737203836441040039e+00,2.748344659805297852e+00,2.758759498596191406e+00,2.762174844741821289e+00,2.761116027832031250e+00,2.757635593414306641e+00,2.754654407501220703e+00,2.747518539428710938e+00,2.737715244293212891e+00,2.726331233978271484e+00,2.714678525924682617e+00,2.705203533172607422e+00,2.697389602661132812e+00,2.690142869949340820e+00,2.682479143142700195e+00,2.672841310501098633e+00,2.660510301589965820e+00,2.643151283264160156e+00,2.622630834579467773e+00,2.603044986724853516e+00,2.579672574996948242e+00,2.555976152420043945e+00,2.530803680419921875e+00,2.503437995910644531e+00,2.474519729614257812e+00,2.443045616149902344e+00,2.408702373504638672e+00,2.371752262115478516e+00,2.332994937896728516e+00,2.292687654495239258e+00,2.250732898712158203e+00,2.207662343978881836e+00,2.163810253143310547e+00,2.117433309555053711e+00,2.069428205490112305e+00,2.020365476608276367e+00,1.969172120094299316e+00,1.912557482719421387e+00,1.855580210685729980e+00,1.793734073638916016e+00,1.728542923927307129e+00,1.661899447441101074e+00,1.589781641960144043e+00,1.516769051551818848e+00,1.444437503814697266e+00,1.372059941291809082e+00,1.295015215873718262e+00,1.213924527168273926e+00,1.134482026100158691e+00,1.055761098861694336e+00,9.756649136543273926e-01,8.947120308876037598e-01,8.024611473083496094e-01,6.989281177520751953e-01,5.863369107246398926e-01,4.731315970420837402e-01,3.614863753318786621e-01,2.573802769184112549e-01,1.639586836099624634e-01,8.373852819204330444e-02
3.127459287643432617e+00,3.139315128326416016e+00,3.151454210281372070e+00,3.164650440216064453e+00,3.179929971694946289e+00,3.188878059387207031e+00,3.193468093872070312e+00,3.195903062820434570e+00,3.199725389480590820e+00,3.205759286880493164e+00,3.212874412536621094e+00,3.222526550292968750e+00,3.239096879959106445e+00,3.253648996353149414e+00,3.266460895538330078e+00,3.278146505355834961e+00,3.290889739990234375e+00,3.302783489227294922e+00,3.313132286071777344e+00,3.321649074554443359e+00,3.327981948852539062e+00,3.336274623870849609e+00,3.345774650573730469e+00,3.355745792388916016e+00,3.361022472381591797e+00,3.361893415451049805e+00,3.360864877700805664e+00,3.359478712081909180e+00,3.359647274017333984e+00,3.361021757125854492e+00,3.362641334533691406e+00,3.363625049591064453e+00,3.365095138549804688e+00,3.364279031753540039e+00,3.360472202301025391e+00,3.352509260177612305e+00,3.345238447189331055e+00,3.339089870452880859e+00,3.332328319549560547e+00,3.321318626403808594e+00,3.309381008148193359e+00,3.299915313720703125e+00,3.292708635330200195e+00,3.285941362380981445e+00,3.274637222290039062e+00,3.259984493255615234e+00,3.242781877517700195e+00,3.225517749786376953e+00,3.209010839462280273e+00,3.191738367080688477e+00,3.172805786132812500e+00,3.149499654769897461e+00,3.125011682510375977e+00,3.099068880081176758e+00,3.071374893188476562e+00,3.040626525878906250e+00,3.010664224624633789e+00,2.978100776672363281e+00,2.940384864807128906e+00,2.899784326553344727e+00,2.860629558563232422e+00,2.819901943206787109e+00,2.774254798889160156e+00,2.728855371475219727e+00,2.680819749832153320e+00,2.629871368408203125e+00,2.575455427169799805e+00,2.525243282318115234e+00,2.469440221786499023e+00,2.409817218780517578e+00,2.352076053619384766e+00,2.293694734573364258e+00,2.229499340057373047e+00,2.160761117935180664e+00,2.094399213790893555e+00,2.019987821578979492e+00,1.943093538284301758e+00,1.865516304969787598e+00,1.789489269256591797e+00,1.698461174964904785e+00,1.599223375320434570e+00,1.493491888046264648e+00,1.376038670539855957e+00,1.257504343986511230e+00,1.140818953514099121e+00,1.028145074844360352e+00,9.278561472892761230e-01,8.466279506683349609e-01,7.813694477081298828e-01,7.304739356040954590e-01
2.701845884323120117e+00,2.687044620513916016e+00,2.681111335754394531e+00,2.680229902267456055e+00,2.681841373443603516e+00,2.692677259445190430e+00,2.694055080413818359e+00,2.693844318389892578e+00,2.693475484848022461e+00,2.683042287826538086e+00,2.666984319686889648e+00,2.656570672988891602e+00,2.655742883682250977e+00,2.667646408081054688e+00,2.676625490188598633e+00,2.678371429443359375e+00,2.680347919464111328e+00,2.693863391876220703e+00,2.704952239990234375e+00,2.715475320816040039e+00,2.723773717880249023e+00,2.728534221649169922e+00,2.730942249298095703e+00,2.727311372756958008e+00,2.726639747619628906e+00,2.732298374176025391e+00,2.738167047500610352e+00,2.735840559005737305e+00,2.738746881484985352e+00,2.746240139007568359e+00,2.746008872985839844e+00,2.746555566787719727e+00,2.750072717666625977e+00,2.753413438796997070e+00,2.751098394393920898e+00,2.751056909561157227e+00,2.749153137207031250e+00,2.745627641677856445e+00,2.741148233413696289e+00,2.741210222244262695e+00,2.734735488891601562e+00,2.727774381637573242e+00,2.722687959671020508e+00,2.712831020355224609e+00,2.702982902526855469e+00,2.691212177276611328e+00,2.678170919418334961e+00,2.667895793914794922e+00,2.653410196304321289e+00,2.638452053070068359e+00,2.623896360397338867e+00,2.610275030136108398e+00,2.584580421447753906e+00,2.560438394546508789e+00,2.537742137908935547e+00,2.515531301498413086e+00,2.490265607833862305e+00,2.461643457412719727e+00,2.431004762649536133e+00,2.399044275283813477e+00,2.364466905593872070e+00,2.328237056732177734e+00,2.291446685791015625e+00,2.253918409347534180e+00,2.213597297668457031e+00,2.174522876739501953e+00,2.135909080505371094e+00,2.097171068191528320e+00,2.057421922683715820e+00,2.018608808517456055e+00,1.976738810539245605e+00,1.931308865547180176e+00,1.882215380668640137e+00,1.832626104354858398e+00,1.779261469841003418e+00,1.725242257118225098e+00,1.672571420669555664e+00,1.619422078132629395e+00,1.564464569091796875e+00,1.509987235069274902e+00,1.455832481384277344e+00,1.397565364837646484e+00,1.335570216178894043e+00,1.269558072090148926e+00,1.198828697204589844e+00,1.121957302093505859e+00,1.042842030525207520e+00,9.568107724189758301e-01,8.714905977249145508e-01,7.970970869064331055e-01
2.771459817886352539e+00,2.747224092483520508e+00,2.732112169265747070e+00,2.722306013107299805e+00,2.710561752319335938e+00,2.701252698898315430e+00,2.692845582962036133e+00,2.685151338577270508e+00,2.681577444076538086e+00,2.683341503143310547e+00,2.689934492111206055e+00,2.702147722244262695e+00,2.692977666854858398e+00,2.692733287811279297e+00,2.703234434127807617e+00,2.694325447082519531e+00,2.694732189178466797e+00,2.701637744903564453e+00,2.714187145233154297e+00,2.715003252029418945e+00,2.718263149261474609e+00,2.723268985748291016e+00,2.720405578613281250e+00,2.716564655303955078e+00,2.714315891265869141e+00,2.715485811233520508e+00,2.713144540786743164e+00,2.713109731674194336e+00,2.715238332748413086e+00,2.719090223312377930e+00,2.720798969268798828e+00,2.719698190689086914e+00,2.715266227722167969e+00,2.709346532821655273e+00,2.702256441116333008e+00,2.694879293441772461e+00,2.688857078552246094e+00,2.681611299514770508e+00,2.674151659011840820e+00,2.666222810745239258e+00,2.651020050048828125e+00,2.637187004089355469e+00,2.624179124832153320e+00,2.611569881439208984e+00,2.594202041625976562e+00,2.578146696090698242e+00,2.564018726348876953e+00,2.550136089324951172e+00,2.530360460281372070e+00,2.508364677429199219e+00,2.486544609069824219e+00,2.465233087539672852e+00,2.437100887298583984e+00,2.404959201812744141e+00,2.381834983825683594e+00,2.354461431503295898e+00,2.322636127471923828e+00,2.285559654235839844e+00,2.254081010818481445e+00,2.215428352355957031e+00,2.172393798828125000e+00,2.131661653518676758e+00,2.094355583190917969e+00,2.051473855972290039e+00,1.999865889549255371e+00,1.948204278945922852e+00,1.901348352432250977e+00,1.854621291160583496e+00,1.800192713737487793e+00,1.746292471885681152e+00,1.694184899330139160e+00,1.642400264739990234e+00,1.571607947349548340e+00,1.509718537330627441e+00,1.450798630714416504e+00,1.389327883720397949e+00,1.312016010284423828e+00,1.238187789916992188e+00,1.168486475944519043e+00,1.093990087509155273e+00,1.014082074165344238e+00,9.333413243293762207e-01,8.547482490539550781e-01,7.608501315116882324e-01,6.503626108169555664e-01,5.300604104995727539e-01,4.218171536922454834e-01,3.133612871170043945e-01,2.147244960069656372e-01,1.314983069896697998e-01
2.521649837493896484e+00,2.511265039443969727e+00,2.511966228485107422e+00,2.521770715713500977e+00,2.535293102264404297e+00,2.540444612503051758e+00,2.535067558288574219e+00,2.510054349899291992e+00,2.498764753341674805e+00,2.503916740417480469e+00,2.530415058135986328e+00,2.538960218429565430e+00,2.544762372970581055e+00,2.549152612686157227e+00,2.557006835937500000e+00,2.570833206176757812e+00,2.586621522903442383e+00,2.597424983978271484e+00,2.604193925857543945e+00,2.615484714508056641e+00,2.637900829315185547e+00,2.644555091857910156e+00,2.649115800857543945e+00,2.653193473815917969e+00,2.656605958938598633e+00,2.661611318588256836e+00,2.666289329528808594e+00,2.663667917251586914e+00,2.663032770156860352e+00,2.664278507232666016e+00,2.668287277221679688e+00,2.670050144195556641e+00,2.670038938522338867e+00,2.668099403381347656e+00,2.667466402053833008e+00,2.666463375091552734e+00,2.664617776870727539e+00,2.658685922622680664e+00,2.646063327789306641e+00,2.630411863327026367e+00,2.615252971649169922e+00,2.604894638061523438e+00,2.594639062881469727e+00,2.582603693008422852e+00,2.569067716598510742e+00,2.555589675903320312e+00,2.541967630386352539e+00,2.523921489715576172e+00,2.506144285202026367e+00,2.488828659057617188e+00,2.472775936126708984e+00,2.449203491210937500e+00,2.425105333328247070e+00,2.404942989349365234e+00,2.381679534912109375e+00,2.355912208557128906e+00,2.327639579772949219e+00,2.302773475646972656e+00,2.271685361862182617e+00,2.236023187637329102e+00,2.199887990951538086e+00,2.162404298782348633e+00,2.122881889343261719e+00,2.079423666000366211e+00,2.037551403045654297e+00,1.993637800216674805e+00,1.946251153945922852e+00,1.893207788467407227e+00,1.842246651649475098e+00,1.792698383331298828e+00,1.737708687782287598e+00,1.677832365036010742e+00,1.616774678230285645e+00,1.560248017311096191e+00,1.495322585105895996e+00,1.426200985908508301e+00,1.353501081466674805e+00,1.282136917114257812e+00,1.196404457092285156e+00,1.095543146133422852e+00,1.001024484634399414e+00,8.903934955596923828e-01,7.645447850227355957e-01,6.153225302696228027e-01,4.683408737182617188e-01,3.251054883003234863e-01,1.885845959186553955e-01,6.403738260269165039e-02,-4.880978539586067200e-02,-1.487896889448165894e-01
3.601887464523315430e+00,3.583980083465576172e+00,3.571931362152099609e+00,3.565943479537963867e+00,3.549949407577514648e+00,3.537068128585815430e+00,3.527824640274047852e+00,3.519891977310180664e+00,3.506995201110839844e+00,3.488160848617553711e+00,3.479681730270385742e+00,3.470626354217529297e+00,3.460135459899902344e+00,3.453762769699096680e+00,3.449954509735107422e+00,3.449226140975952148e+00,3.438263654708862305e+00,3.429637432098388672e+00,3.425800323486328125e+00,3.423119783401489258e+00,3.418506383895874023e+00,3.410662651062011719e+00,3.406048059463500977e+00,3.401149272918701172e+00,3.395041942596435547e+00,3.383940935134887695e+00,3.373271226882934570e+00,3.364799737930297852e+00,3.357224225997924805e+00,3.348861932754516602e+00,3.338651418685913086e+00,3.328460216522216797e+00,3.321650028228759766e+00,3.321949243545532227e+00,3.313847064971923828e+00,3.302291631698608398e+00,3.287256479263305664e+00,3.275101661682128906e+00,3.263350963592529297e+00,3.250782489776611328e+00,3.235208988189697266e+00,3.218105077743530273e+00,3.199169874191284180e+00,3.179211139678955078e+00,3.158818244934082031e+00,3.138086318969726562e+00,3.116209268569946289e+00,3.093322038650512695e+00,3.068442821502685547e+00,3.043840169906616211e+00,3.019207000732421875e+00,2.994101762771606445e+00,2.966151714324951172e+00,2.936141490936279297e+00,2.902572154998779297e+00,2.869991302490234375e+00,2.836930990219116211e+00,2.799885511398315430e+00,2.759423017501831055e+00,2.717517137527465820e+00,2.676491260528564453e+00,2.633477210998535156e+00,2.589200019836425781e+00,2.543570041656494141e+00,2.497285842895507812e+00,2.449801206588745117e+00,2.396968126296997070e+00,2.344719886779785156e+00,2.292424201965332031e+00,2.237190485000610352e+00,2.177601575851440430e+00,2.115205526351928711e+00,2.052587985992431641e+00,1.985745429992675781e+00,1.915541768074035645e+00,1.840330600738525391e+00,1.762910008430480957e+00,1.683330893516540527e+00,1.596409797668457031e+00,1.507014751434326172e+00,1.415331244468688965e+00,1.317313551902770996e+00,1.208742856979370117e+00,1.090476870536804199e+00,9.496584534645080566e-01,7.979164719581604004e-01,6.362559199333190918e-01,4.715719521045684814e-01,3.210574388504028320e-01,1.842400580644607544e-01
3.150975465774536133e+00,3.130397319793701172e+00,3.118610143661499023e+00,3.115917205810546875e+00,3.101273775100708008e+00,3.082767248153686523e+00,3.060211896896362305e+00,3.044310808181762695e+00,3.031455516815185547e+00,3.021933794021606445e+00,3.030158519744873047e+00,3.035242319107055664e+00,3.035133123397827148e+00,3.026003122329711914e+00,3.021301269531250000e+00,3.023514032363891602e+00,3.021271944046020508e+00,3.016877174377441406e+00,3.009944677352905273e+00,3.006473779678344727e+00,3.004883289337158203e+00,3.005622863769531250e+00,3.005115747451782227e+00,3.002742528915405273e+00,2.997513771057128906e+00,2.991438627243041992e+00,2.983583450317382812e+00,2.972747564315795898e+00,2.960927248001098633e+00,2.953750133514404297e+00,2.955973148345947266e+00,2.957143068313598633e+00,2.958267450332641602e+00,2.959748506546020508e+00,2.959851980209350586e+00,2.958564281463623047e+00,2.954827070236206055e+00,2.949790000915527344e+00,2.942338466644287109e+00,2.929741144180297852e+00,2.914623975753784180e+00,2.900290489196777344e+00,2.889976739883422852e+00,2.876176357269287109e+00,2.859169721603393555e+00,2.835939168930053711e+00,2.817578792572021484e+00,2.798086166381835938e+00,2.769616365432739258e+00,2.744222164154052734e+00,2.721430301666259766e+00,2.703797340393066406e+00,2.674462318420410156e+00,2.641860008239746094e+00,2.615012168884277344e+00,2.587728023529052734e+00,2.558973550796508789e+00,2.524640321731567383e+00,2.492435216903686523e+00,2.459220647811889648e+00,2.416108608245849609e+00,2.370766878128051758e+00,2.325262308120727539e+00,2.285204887390136719e+00,2.238380670547485352e+00,2.186883687973022461e+00,2.129437446594238281e+00,2.075086593627929688e+00,2.020738124847412109e+00,1.952736139297485352e+00,1.889556527137756348e+00,1.829243898391723633e+00,1.767041444778442383e+00,1.689697384834289551e+00,1.602471113204956055e+00,1.520649671554565430e+00,1.435732603073120117e+00,1.347684144973754883e+00,1.247881412506103516e+00,1.146500349044799805e+00,1.043008446693420410e+00,9.233257770538330078e-01,7.863172292709350586e-01,6.350241303443908691e-01,4.932546317577362061e-01,3.620424270629882812e-01,2.401071637868881226e-01,1.031704992055892944e-01,-2.914039231836795807e-02,-1.569797098636627197e-01
2.472856521606445312e+00,2.493627786636352539e+00,2.516318082809448242e+00,2.540383815765380859e+00,2.565160751342773438e+00,2.590250730514526367e+00,2.616353273391723633e+00,2.643511533737182617e+00,2.671590089797973633e+00,2.698185920715332031e+00,2.724823236465454102e+00,2.752140998840332031e+00,2.780470132827758789e+00,2.808128356933593750e+00,2.835526943206787109e+00,2.863063573837280273e+00,2.889388561248779297e+00,2.916984319686889648e+00,2.945874214172363281e+00,2.975853443145751953e+00,3.004705429077148438e+00,3.033756732940673828e+00,3.063108205795288086e+00,3.090492486953735352e+00,3.114548683166503906e+00,3.135840654373168945e+00,3.154412984848022461e+00,3.170160293579101562e+00,3.183445692062377930e+00,3.195150375366210938e+00,3.206641435623168945e+00,3.218203783035278320e+00,3.228782892227172852e+00,3.238397836685180664e+00,3.248005151748657227e+00,3.254971265792846680e+00,3.262154340744018555e+00,3.270785808563232422e+00,3.277362346649169922e+00,3.276921510696411133e+00,3.272915124893188477e+00,3.268968582153320312e+00,3.268921613693237305e+00,3.267740964889526367e+00,3.264423131942749023e+00,3.256856203079223633e+00,3.247818470001220703e+00,3.236706018447875977e+00,3.223422050476074219e+00,3.210028886795043945e+00,3.196496963500976562e+00,3.181860923767089844e+00,3.165179252624511719e+00,3.147025108337402344e+00,3.126753807067871094e+00,3.104613304138183594e+00,3.080842256546020508e+00,3.053952455520629883e+00,3.025402545928955078e+00,2.995320081710815430e+00,2.962833404541015625e+00,2.927526950836181641e+00,2.888675928115844727e+00,2.845523357391357422e+00,2.795792579650878906e+00,2.743943214416503906e+00,2.689198017120361328e+00,2.629920721054077148e+00,2.567926645278930664e+00,2.506752014160156250e+00,2.445949554443359375e+00,2.382363796234130859e+00,2.317203044891357422e+00,2.249324321746826172e+00,2.177566051483154297e+00,2.093478918075561523e+00,2.001944065093994141e+00,1.901337027549743652e+00,1.788657426834106445e+00,1.656805992126464844e+00,1.512076497077941895e+00,1.350648880004882812e+00,1.159324407577514648e+00,9.516463279724121094e-01,7.377253770828247070e-01,5.228371620178222656e-01,3.296465277671813965e-01,1.697827726602554321e-01,3.329663723707199097e-02,-8.341668546199798584e-02
3.129577159881591797e+00,3.134124279022216797e+00,3.129964113235473633e+00,3.118435382843017578e+00,3.102509498596191406e+00,3.101745367050170898e+00,3.104094028472900391e+00,3.096130371093750000e+00,3.087467193603515625e+00,3.081903219223022461e+00,3.081484794616699219e+00,3.084465265274047852e+00,3.088960409164428711e+00,3.094610452651977539e+00,3.099086523056030273e+00,3.107185363769531250e+00,3.118464469909667969e+00,3.134220123291015625e+00,3.139698743820190430e+00,3.143008232116699219e+00,3.147934913635253906e+00,3.147074222564697266e+00,3.143837928771972656e+00,3.138836145401000977e+00,3.140777826309204102e+00,3.142303943634033203e+00,3.144860982894897461e+00,3.154239177703857422e+00,3.164473533630371094e+00,3.173256158828735352e+00,3.177698850631713867e+00,3.180006504058837891e+00,3.180066347122192383e+00,3.177515745162963867e+00,3.174695014953613281e+00,3.170986413955688477e+00,3.165916442871093750e+00,3.155867338180541992e+00,3.144559860229492188e+00,3.131294250488281250e+00,3.113770008087158203e+00,3.099151849746704102e+00,3.086318016052246094e+00,3.075326442718505859e+00,3.057214736938476562e+00,3.040686845779418945e+00,3.025968790054321289e+00,3.007407188415527344e+00,2.986561536788940430e+00,2.965522289276123047e+00,2.949287652969360352e+00,2.924470901489257812e+00,2.898449659347534180e+00,2.875650405883789062e+00,2.854450225830078125e+00,2.826757431030273438e+00,2.791045188903808594e+00,2.762147665023803711e+00,2.728450775146484375e+00,2.690892696380615234e+00,2.651008129119873047e+00,2.614095449447631836e+00,2.574454545974731445e+00,2.524373531341552734e+00,2.477738618850708008e+00,2.430426597595214844e+00,2.381131410598754883e+00,2.325799465179443359e+00,2.275557518005371094e+00,2.228110313415527344e+00,2.163346529006958008e+00,2.096738815307617188e+00,2.030353784561157227e+00,1.967971324920654297e+00,1.891977071762084961e+00,1.812984347343444824e+00,1.735105633735656738e+00,1.650699973106384277e+00,1.556988239288330078e+00,1.454597473144531250e+00,1.364731073379516602e+00,1.273846149444580078e+00,1.179259181022644043e+00,1.070491790771484375e+00,9.788464903831481934e-01,8.933731913566589355e-01,8.083900809288024902e-01,7.055608034133911133e-01,5.966412425041198730e-01,4.832542836666107178e-01
1.870749831199645996e+00,1.889260888099670410e+00,1.911533832550048828e+00,1.935278773307800293e+00,1.959292173385620117e+00,1.985681414604187012e+00,2.017794370651245117e+00,2.049100399017333984e+00,2.077897548675537109e+00,2.103959560394287109e+00,2.133757352828979492e+00,2.163301467895507812e+00,2.192432641983032227e+00,2.221187591552734375e+00,2.249946594238281250e+00,2.279964923858642578e+00,2.308959484100341797e+00,2.336734533309936523e+00,2.364466190338134766e+00,2.390790462493896484e+00,2.415222406387329102e+00,2.436761617660522461e+00,2.455525636672973633e+00,2.482242345809936523e+00,2.502358198165893555e+00,2.516427755355834961e+00,2.527551174163818359e+00,2.544138431549072266e+00,2.552084207534790039e+00,2.563752651214599609e+00,2.577560424804687500e+00,2.589922428131103516e+00,2.597271442413330078e+00,2.612045526504516602e+00,2.621042728424072266e+00,2.620854139328002930e+00,2.622092485427856445e+00,2.629354238510131836e+00,2.630405426025390625e+00,2.625716209411621094e+00,2.618923664093017578e+00,2.618173360824584961e+00,2.616998672485351562e+00,2.609411001205444336e+00,2.595274686813354492e+00,2.590452432632446289e+00,2.580888032913208008e+00,2.568617343902587891e+00,2.555171251296997070e+00,2.542483329772949219e+00,2.524172544479370117e+00,2.503638505935668945e+00,2.482522726058959961e+00,2.461900234222412109e+00,2.441078662872314453e+00,2.413811206817626953e+00,2.386711120605468750e+00,2.358903408050537109e+00,2.324898242950439453e+00,2.289270162582397461e+00,2.254180192947387695e+00,2.216460466384887695e+00,2.173885583877563477e+00,2.131309509277343750e+00,2.084385395050048828e+00,2.035352468490600586e+00,1.986092448234558105e+00,1.939519882202148438e+00,1.884618043899536133e+00,1.828570842742919922e+00,1.772216081619262695e+00,1.715121865272521973e+00,1.646818161010742188e+00,1.578328132629394531e+00,1.503926753997802734e+00,1.422020077705383301e+00,1.335296988487243652e+00,1.248876571655273438e+00,1.154421448707580566e+00,1.055331826210021973e+00,9.574463367462158203e-01,8.603553175926208496e-01,7.579275965690612793e-01,6.465966105461120605e-01,5.213752388954162598e-01,3.682846724987030029e-01,2.042172849178314209e-01,4.749323427677154541e-02,-9.602204710245132446e-02,-2.231441587209701538e-01
4.471887111663818359e+00,4.453402042388916016e+00,4.434632301330566406e+00,4.414758205413818359e+00,4.391592502593994141e+00,4.366665840148925781e+00,4.340726375579833984e+00,4.313939094543457031e+00,4.286859989166259766e+00,4.257125854492187500e+00,4.224205493927001953e+00,4.186324119567871094e+00,4.148653030395507812e+00,4.107244014739990234e+00,4.061146736145019531e+00,4.008503913879394531e+00,3.961761474609375000e+00,3.919661283493041992e+00,3.882293224334716797e+00,3.843917846679687500e+00,3.804087162017822266e+00,3.763217687606811523e+00,3.723388433456420898e+00,3.686471700668334961e+00,3.650032281875610352e+00,3.612713575363159180e+00,3.582899808883666992e+00,3.558938264846801758e+00,3.539482831954956055e+00,3.521812200546264648e+00,3.505147695541381836e+00,3.487835168838500977e+00,3.469157934188842773e+00,3.447798490524291992e+00,3.425988197326660156e+00,3.403099775314331055e+00,3.377572298049926758e+00,3.353767395019531250e+00,3.332017660140991211e+00,3.312294244766235352e+00,3.291536569595336914e+00,3.270827531814575195e+00,3.250575542449951172e+00,3.231431245803833008e+00,3.210448741912841797e+00,3.187412261962890625e+00,3.162140607833862305e+00,3.133557558059692383e+00,3.105474710464477539e+00,3.075672864913940430e+00,3.041950941085815430e+00,3.005403757095336914e+00,2.968621015548706055e+00,2.931541204452514648e+00,2.893068075180053711e+00,2.856056690216064453e+00,2.818120241165161133e+00,2.777896404266357422e+00,2.735461711883544922e+00,2.690906047821044922e+00,2.644266366958618164e+00,2.595050573348999023e+00,2.545630693435668945e+00,2.495723962783813477e+00,2.445139408111572266e+00,2.392225027084350586e+00,2.335139513015747070e+00,2.273658275604248047e+00,2.206008911132812500e+00,2.133978605270385742e+00,2.058202743530273438e+00,1.978741645812988281e+00,1.896299004554748535e+00,1.812493324279785156e+00,1.725441694259643555e+00,1.632169723510742188e+00,1.538647770881652832e+00,1.446437597274780273e+00,1.353703498840332031e+00,1.248505711555480957e+00,1.122938036918640137e+00,9.722538590431213379e-01,7.876858711242675781e-01,5.942667722702026367e-01,4.163664579391479492e-01,2.573669254779815674e-01,1.296473890542984009e-01,3.317957371473312378e-02,-4.979636892676353455e-02,-1.253757625818252563e-01
2.637716770172119141e+00,2.663783311843872070e+00,2.689607381820678711e+00,2.715152502059936523e+00,2.740354299545288086e+00,2.766749143600463867e+00,2.792945146560668945e+00,2.818901538848876953e+00,2.844646692276000977e+00,2.866868972778320312e+00,2.888731718063354492e+00,2.910631179809570312e+00,2.932688236236572266e+00,2.949997901916503906e+00,2.967570781707763672e+00,2.985737800598144531e+00,3.002110242843627930e+00,3.019012928009033203e+00,3.036576747894287109e+00,3.053764343261718750e+00,3.063775300979614258e+00,3.077402114868164062e+00,3.092077016830444336e+00,3.106191158294677734e+00,3.113719463348388672e+00,3.119827032089233398e+00,3.125863313674926758e+00,3.132822036743164062e+00,3.145076513290405273e+00,3.156870603561401367e+00,3.165429115295410156e+00,3.167946577072143555e+00,3.176151037216186523e+00,3.180280447006225586e+00,3.180900573730468750e+00,3.178724765777587891e+00,3.180824995040893555e+00,3.180653810501098633e+00,3.177453517913818359e+00,3.170297861099243164e+00,3.161801815032958984e+00,3.152056217193603516e+00,3.140527963638305664e+00,3.125435113906860352e+00,3.113641262054443359e+00,3.100155353546142578e+00,3.084087848663330078e+00,3.066338300704956055e+00,3.048899173736572266e+00,3.028596401214599609e+00,3.004574298858642578e+00,2.978937864303588867e+00,2.956265211105346680e+00,2.933940887451171875e+00,2.910535573959350586e+00,2.883806943893432617e+00,2.854567050933837891e+00,2.821783781051635742e+00,2.784592628479003906e+00,2.748467683792114258e+00,2.710692882537841797e+00,2.670439243316650391e+00,2.626641750335693359e+00,2.582317590713500977e+00,2.534676551818847656e+00,2.484687089920043945e+00,2.433800458908081055e+00,2.376492738723754883e+00,2.315537452697753906e+00,2.252794265747070312e+00,2.191790580749511719e+00,2.123202800750732422e+00,2.051442384719848633e+00,1.976370930671691895e+00,1.894876956939697266e+00,1.807448029518127441e+00,1.718974471092224121e+00,1.628313899040222168e+00,1.522843599319458008e+00,1.405125379562377930e+00,1.274017810821533203e+00,1.126731395721435547e+00,9.464148879051208496e-01,7.539947628974914551e-01,5.594617128372192383e-01,3.689080774784088135e-01,1.945217847824096680e-01,3.392443060874938965e-02,-1.064984798431396484e-01,-2.204123288393020630e-01
2.351366519927978516e+00,2.359008073806762695e+00,2.352375268936157227e+00,2.346176624298095703e+00,2.352365732192993164e+00,2.375995635986328125e+00,2.383377313613891602e+00,2.386320352554321289e+00,2.388882875442504883e+00,2.385355234146118164e+00,2.409787178039550781e+00,2.429042339324951172e+00,2.445527791976928711e+00,2.485431909561157227e+00,2.505055189132690430e+00,2.516070604324340820e+00,2.527425527572631836e+00,2.550097703933715820e+00,2.565250635147094727e+00,2.579490661621093750e+00,2.590901374816894531e+00,2.597987174987792969e+00,2.603209257125854492e+00,2.609097480773925781e+00,2.616601228713989258e+00,2.625338792800903320e+00,2.630592346191406250e+00,2.639370203018188477e+00,2.653938531875610352e+00,2.672178745269775391e+00,2.686270236968994141e+00,2.692030429840087891e+00,2.696615219116210938e+00,2.698930740356445312e+00,2.695788860321044922e+00,2.704275846481323242e+00,2.702708959579467773e+00,2.696523666381835938e+00,2.691728830337524414e+00,2.689233541488647461e+00,2.680605888366699219e+00,2.671391963958740234e+00,2.664644956588745117e+00,2.660045146942138672e+00,2.648220062255859375e+00,2.635986566543579102e+00,2.623850822448730469e+00,2.606630325317382812e+00,2.587606430053710938e+00,2.572922706604003906e+00,2.558745384216308594e+00,2.536513328552246094e+00,2.509665250778198242e+00,2.485148668289184570e+00,2.457427263259887695e+00,2.421013116836547852e+00,2.394258022308349609e+00,2.365004777908325195e+00,2.326289653778076172e+00,2.277209997177124023e+00,2.243537664413452148e+00,2.201650381088256836e+00,2.159101009368896484e+00,2.120000123977661133e+00,2.089724063873291016e+00,2.039779186248779297e+00,1.986306190490722656e+00,1.937086939811706543e+00,1.901879668235778809e+00,1.843691110610961914e+00,1.774076700210571289e+00,1.703841328620910645e+00,1.644155859947204590e+00,1.564675092697143555e+00,1.490271568298339844e+00,1.422053456306457520e+00,1.357779383659362793e+00,1.270398616790771484e+00,1.182752609252929688e+00,1.101414322853088379e+00,1.023922204971313477e+00,9.291509389877319336e-01,8.451196551322937012e-01,7.660261988639831543e-01,6.806662082672119141e-01,5.665366053581237793e-01,4.544194638729095459e-01,3.497020006179809570e-01,2.484044134616851807e-01,1.447299420833587646e-01
2.289651155471801758e+00,2.324838161468505859e+00,2.355345487594604492e+00,2.380554914474487305e+00,2.397556304931640625e+00,2.421016216278076172e+00,2.446915626525878906e+00,2.473892450332641602e+00,2.494052410125732422e+00,2.515231609344482422e+00,2.538080930709838867e+00,2.564071178436279297e+00,2.589663982391357422e+00,2.614554405212402344e+00,2.639103889465332031e+00,2.667000293731689453e+00,2.691617012023925781e+00,2.714356899261474609e+00,2.736015081405639648e+00,2.760790348052978516e+00,2.784263372421264648e+00,2.805178165435791016e+00,2.818902015686035156e+00,2.835692882537841797e+00,2.853997468948364258e+00,2.873177766799926758e+00,2.885254859924316406e+00,2.900277853012084961e+00,2.916644811630249023e+00,2.928797721862792969e+00,2.941025018692016602e+00,2.952253818511962891e+00,2.961843967437744141e+00,2.961913824081420898e+00,2.967287302017211914e+00,2.973446369171142578e+00,2.971775531768798828e+00,2.965597152709960938e+00,2.962380647659301758e+00,2.963670969009399414e+00,2.963836193084716797e+00,2.959186315536499023e+00,2.950399637222290039e+00,2.937050104141235352e+00,2.925837516784667969e+00,2.913580894470214844e+00,2.900012493133544922e+00,2.886401414871215820e+00,2.872572183609008789e+00,2.858294248580932617e+00,2.843271732330322266e+00,2.825974941253662109e+00,2.805820465087890625e+00,2.783404111862182617e+00,2.760878562927246094e+00,2.738624572753906250e+00,2.713960647583007812e+00,2.685141801834106445e+00,2.652421712875366211e+00,2.618939161300659180e+00,2.583878517150878906e+00,2.544506549835205078e+00,2.503091573715209961e+00,2.458725214004516602e+00,2.410879850387573242e+00,2.360549926757812500e+00,2.310918331146240234e+00,2.259479284286499023e+00,2.201442718505859375e+00,2.142331838607788086e+00,2.080161333084106445e+00,2.014260292053222656e+00,1.942908287048339844e+00,1.872442483901977539e+00,1.798133969306945801e+00,1.713770627975463867e+00,1.629689574241638184e+00,1.545987367630004883e+00,1.462545752525329590e+00,1.378627777099609375e+00,1.289689779281616211e+00,1.181852459907531738e+00,1.041400551795959473e+00,9.066280126571655273e-01,7.809275984764099121e-01,6.623695492744445801e-01,5.452736020088195801e-01,4.725339412689208984e-01,4.202463924884796143e-01,3.804894089698791504e-01
2.969604492187500000e+00,2.972461700439453125e+00,2.979748249053955078e+00,2.990460872650146484e+00,3.003525257110595703e+00,3.008748292922973633e+00,3.005460500717163086e+00,2.996872901916503906e+00,2.997070550918579102e+00,2.992406606674194336e+00,2.991744518280029297e+00,2.998615980148315430e+00,3.005948543548583984e+00,3.011222600936889648e+00,3.015659570693969727e+00,3.020423650741577148e+00,3.036549568176269531e+00,3.051146268844604492e+00,3.061498403549194336e+00,3.061755657196044922e+00,3.074591636657714844e+00,3.089767217636108398e+00,3.103885412216186523e+00,3.110156774520874023e+00,3.113189935684204102e+00,3.115412473678588867e+00,3.118419408798217773e+00,3.123367547988891602e+00,3.126772880554199219e+00,3.129438161849975586e+00,3.132847547531127930e+00,3.134655714035034180e+00,3.134879589080810547e+00,3.134094715118408203e+00,3.135237693786621094e+00,3.133618593215942383e+00,3.129356145858764648e+00,3.122376918792724609e+00,3.115569353103637695e+00,3.108330249786376953e+00,3.100283622741699219e+00,3.090817213058471680e+00,3.081470012664794922e+00,3.072409629821777344e+00,3.062312841415405273e+00,3.046653032302856445e+00,3.029841661453247070e+00,3.012874841690063477e+00,2.995860099792480469e+00,2.976707696914672852e+00,2.956686973571777344e+00,2.936346769332885742e+00,2.916082859039306641e+00,2.893301963806152344e+00,2.869101047515869141e+00,2.843555688858032227e+00,2.816507101058959961e+00,2.784277439117431641e+00,2.750128746032714844e+00,2.714327573776245117e+00,2.674731969833374023e+00,2.631213665008544922e+00,2.586165428161621094e+00,2.540643692016601562e+00,2.490302324295043945e+00,2.437952756881713867e+00,2.383779048919677734e+00,2.327713727951049805e+00,2.268674135208129883e+00,2.208690643310546875e+00,2.146886110305786133e+00,2.078839302062988281e+00,2.009007215499877930e+00,1.937206864356994629e+00,1.862916707992553711e+00,1.781334877014160156e+00,1.697142243385314941e+00,1.608579158782958984e+00,1.513290405273437500e+00,1.415097236633300781e+00,1.317134857177734375e+00,1.216490626335144043e+00,1.105115413665771484e+00,9.712702035903930664e-01,8.149972558021545410e-01,6.374941468238830566e-01,4.507712125778198242e-01,2.781687080860137939e-01,1.248718053102493286e-01,-3.988136537373065948e-03
2.618049383163452148e+00,2.591801404953002930e+00,2.572578191757202148e+00,2.560020208358764648e+00,2.556287765502929688e+00,2.566608428955078125e+00,2.582858562469482422e+00,2.583535909652709961e+00,2.580009460449218750e+00,2.578426361083984375e+00,2.577848196029663086e+00,2.581191301345825195e+00,2.593996047973632812e+00,2.600513458251953125e+00,2.598595380783081055e+00,2.607973337173461914e+00,2.629797697067260742e+00,2.634140491485595703e+00,2.635159015655517578e+00,2.642968654632568359e+00,2.657346248626708984e+00,2.666191339492797852e+00,2.675441741943359375e+00,2.680032014846801758e+00,2.678046226501464844e+00,2.675445556640625000e+00,2.681419372558593750e+00,2.692329883575439453e+00,2.701634645462036133e+00,2.705579996109008789e+00,2.707769393920898438e+00,2.714231729507446289e+00,2.717747926712036133e+00,2.718851327896118164e+00,2.718878269195556641e+00,2.718615055084228516e+00,2.715173006057739258e+00,2.707640647888183594e+00,2.701445341110229492e+00,2.699894666671752930e+00,2.695094347000122070e+00,2.688429832458496094e+00,2.681041479110717773e+00,2.671950340270996094e+00,2.660256862640380859e+00,2.646587371826171875e+00,2.634560585021972656e+00,2.621623754501342773e+00,2.607329130172729492e+00,2.591008424758911133e+00,2.567631006240844727e+00,2.549251556396484375e+00,2.531156301498413086e+00,2.509290695190429688e+00,2.482090950012207031e+00,2.463681936264038086e+00,2.438049554824829102e+00,2.407070398330688477e+00,2.373964548110961914e+00,2.342065572738647461e+00,2.309421539306640625e+00,2.273975610733032227e+00,2.235656738281250000e+00,2.195019245147705078e+00,2.152994394302368164e+00,2.110119819641113281e+00,2.067504882812500000e+00,2.023154973983764648e+00,1.977051734924316406e+00,1.930084705352783203e+00,1.882211565971374512e+00,1.832360982894897461e+00,1.780449867248535156e+00,1.726554751396179199e+00,1.670924544334411621e+00,1.613308668136596680e+00,1.559257388114929199e+00,1.504612803459167480e+00,1.447500944137573242e+00,1.387471795082092285e+00,1.325576901435852051e+00,1.261588335037231445e+00,1.195161938667297363e+00,1.126699924468994141e+00,1.057266831398010254e+00,9.878795146942138672e-01,9.154645800590515137e-01,8.399460315704345703e-01,7.643980979919433594e-01,6.949202418327331543e-01
4.735612273216247559e-01,5.255579948425292969e-01,6.031791567802429199e-01,6.936217546463012695e-01,7.887246608734130859e-01,8.851739764213562012e-01,9.959740638732910156e-01,1.103688597679138184e+00,1.206562757492065430e+00,1.301418781280517578e+00,1.382321596145629883e+00,1.445269465446472168e+00,1.508017539978027344e+00,1.570908904075622559e+00,1.631830573081970215e+00,1.685323476791381836e+00,1.733599305152893066e+00,1.779137969017028809e+00,1.822234511375427246e+00,1.863831043243408203e+00,1.906213760375976562e+00,1.948392748832702637e+00,1.990646123886108398e+00,2.032257795333862305e+00,2.072241783142089844e+00,2.108881711959838867e+00,2.143827438354492188e+00,2.175785064697265625e+00,2.204926729202270508e+00,2.231473445892333984e+00,2.254977464675903320e+00,2.273960590362548828e+00,2.292366504669189453e+00,2.311123609542846680e+00,2.330368041992187500e+00,2.348847389221191406e+00,2.365984201431274414e+00,2.381687879562377930e+00,2.396816730499267578e+00,2.411706209182739258e+00,2.423970699310302734e+00,2.433818578720092773e+00,2.440810203552246094e+00,2.443155527114868164e+00,2.438621282577514648e+00,2.422309875488281250e+00,2.404402732849121094e+00,2.385644197463989258e+00,2.365322589874267578e+00,2.343403816223144531e+00,2.325030088424682617e+00,2.305898904800415039e+00,2.285358190536499023e+00,2.263091325759887695e+00,2.238884687423706055e+00,2.211902856826782227e+00,2.184445619583129883e+00,2.154635667800903320e+00,2.121716499328613281e+00,2.085785865783691406e+00,2.050010204315185547e+00,2.010820865631103516e+00,1.969861865043640137e+00,1.926873445510864258e+00,1.880918264389038086e+00,1.830023646354675293e+00,1.780142664909362793e+00,1.729734897613525391e+00,1.678144097328186035e+00,1.625265479087829590e+00,1.573155999183654785e+00,1.517415642738342285e+00,1.460888504981994629e+00,1.401680946350097656e+00,1.335622668266296387e+00,1.263581275939941406e+00,1.191021680831909180e+00,1.115013241767883301e+00,1.037280917167663574e+00,9.623429179191589355e-01,8.825607895851135254e-01,7.968655824661254883e-01,7.061631083488464355e-01,6.096451282501220703e-01,5.054344534873962402e-01,3.982061743736267090e-01,2.864242494106292725e-01,1.824844777584075928e-01,9.486726671457290649e-02,2.875777892768383026e-02
2.380880355834960938e+00,2.401525497436523438e+00,2.425739049911499023e+00,2.450551986694335938e+00,2.472353935241699219e+00,2.488801479339599609e+00,2.509366989135742188e+00,2.531993865966796875e+00,2.552371025085449219e+00,2.569809436798095703e+00,2.588092803955078125e+00,2.607180356979370117e+00,2.625940799713134766e+00,2.646045684814453125e+00,2.666244268417358398e+00,2.686402320861816406e+00,2.706914901733398438e+00,2.730490207672119141e+00,2.755724191665649414e+00,2.782360315322875977e+00,2.811160087585449219e+00,2.837743282318115234e+00,2.861716747283935547e+00,2.882759809494018555e+00,2.900465250015258789e+00,2.917988538742065430e+00,2.934252738952636719e+00,2.948350667953491211e+00,2.955588340759277344e+00,2.960757493972778320e+00,2.966764211654663086e+00,2.976376771926879883e+00,2.984770059585571289e+00,2.991372823715209961e+00,2.997671604156494141e+00,3.005723476409912109e+00,3.009952783584594727e+00,3.014621496200561523e+00,3.019958019256591797e+00,3.025896310806274414e+00,3.029465198516845703e+00,3.030793190002441406e+00,3.029965877532958984e+00,3.027008771896362305e+00,3.019938230514526367e+00,3.012548446655273438e+00,3.005094766616821289e+00,2.994955778121948242e+00,2.980981349945068359e+00,2.965089559555053711e+00,2.947878599166870117e+00,2.929430007934570312e+00,2.910785436630249023e+00,2.892413854598999023e+00,2.874448299407958984e+00,2.855257034301757812e+00,2.833097934722900391e+00,2.808175802230834961e+00,2.780483484268188477e+00,2.750556230545043945e+00,2.716737985610961914e+00,2.679072380065917969e+00,2.637330532073974609e+00,2.589905977249145508e+00,2.537300586700439453e+00,2.480679512023925781e+00,2.421485662460327148e+00,2.360725402832031250e+00,2.298587560653686523e+00,2.235536813735961914e+00,2.172512292861938477e+00,2.107273101806640625e+00,2.039731502532958984e+00,1.969954371452331543e+00,1.898075580596923828e+00,1.817774176597595215e+00,1.731032133102416992e+00,1.637664794921875000e+00,1.534343123435974121e+00,1.410931468009948730e+00,1.271688461303710938e+00,1.115620970726013184e+00,9.242858886718750000e-01,7.176410555839538574e-01,5.041259527206420898e-01,2.887252271175384521e-01,8.408361673355102539e-02,-1.136512532830238342e-01,-2.981744110584259033e-01,-4.636115431785583496e-01
2.312538146972656250e+00,2.325659036636352539e+00,2.347801208496093750e+00,2.355114221572875977e+00,2.344470262527465820e+00,2.349801540374755859e+00,2.378461599349975586e+00,2.392718315124511719e+00,2.406343460083007812e+00,2.431281328201293945e+00,2.427272319793701172e+00,2.428423404693603516e+00,2.449072599411010742e+00,2.475522994995117188e+00,2.480108976364135742e+00,2.502530097961425781e+00,2.511461973190307617e+00,2.521016597747802734e+00,2.535592794418334961e+00,2.546522378921508789e+00,2.559172630310058594e+00,2.565762281417846680e+00,2.569382905960083008e+00,2.574769258499145508e+00,2.590602397918701172e+00,2.600214719772338867e+00,2.608382701873779297e+00,2.614767313003540039e+00,2.617323637008666992e+00,2.614247560501098633e+00,2.624040126800537109e+00,2.637114524841308594e+00,2.647167921066284180e+00,2.649427652359008789e+00,2.654244661331176758e+00,2.655855417251586914e+00,2.655578374862670898e+00,2.654659509658813477e+00,2.651855945587158203e+00,2.650369882583618164e+00,2.647040843963623047e+00,2.640633344650268555e+00,2.630655050277709961e+00,2.619828701019287109e+00,2.611493825912475586e+00,2.604785680770874023e+00,2.596287012100219727e+00,2.578746318817138672e+00,2.560852050781250000e+00,2.545767307281494141e+00,2.528822898864746094e+00,2.507242202758789062e+00,2.484605312347412109e+00,2.459630012512207031e+00,2.432117700576782227e+00,2.402501344680786133e+00,2.371273756027221680e+00,2.335122108459472656e+00,2.298207044601440430e+00,2.259762048721313477e+00,2.219092369079589844e+00,2.175377607345581055e+00,2.127346992492675781e+00,2.078514099121093750e+00,2.029900074005126953e+00,1.981483936309814453e+00,1.930491805076599121e+00,1.876227140426635742e+00,1.822112202644348145e+00,1.766445755958557129e+00,1.706961631774902344e+00,1.645452380180358887e+00,1.582407355308532715e+00,1.516467213630676270e+00,1.447734594345092773e+00,1.377404689788818359e+00,1.301943063735961914e+00,1.223542690277099609e+00,1.143079161643981934e+00,1.060734868049621582e+00,9.748799800872802734e-01,8.872200846672058105e-01,7.963885068893432617e-01,7.001875638961791992e-01,5.974975824356079102e-01,4.949727952480316162e-01,3.936545550823211670e-01,2.942294478416442871e-01,1.992026418447494507e-01,1.123246401548385620e-01
3.275716543197631836e+00,3.289416313171386719e+00,3.305890321731567383e+00,3.324573516845703125e+00,3.332057476043701172e+00,3.333654165267944336e+00,3.330559492111206055e+00,3.329213380813598633e+00,3.325602293014526367e+00,3.320667982101440430e+00,3.318387985229492188e+00,3.323147535324096680e+00,3.331652402877807617e+00,3.336057424545288086e+00,3.344280958175659180e+00,3.355684280395507812e+00,3.372705459594726562e+00,3.382936477661132812e+00,3.389693260192871094e+00,3.395141601562500000e+00,3.403363227844238281e+00,3.411350965499877930e+00,3.414966344833374023e+00,3.417620658874511719e+00,3.421163797378540039e+00,3.428032398223876953e+00,3.432974100112915039e+00,3.436455488204956055e+00,3.437772512435913086e+00,3.439790964126586914e+00,3.442075014114379883e+00,3.444574832916259766e+00,3.445188522338867188e+00,3.443982601165771484e+00,3.440208435058593750e+00,3.434287786483764648e+00,3.427187919616699219e+00,3.418744564056396484e+00,3.407711029052734375e+00,3.396914482116699219e+00,3.386735677719116211e+00,3.376561403274536133e+00,3.366366386413574219e+00,3.356147527694702148e+00,3.342332124710083008e+00,3.327898263931274414e+00,3.312970876693725586e+00,3.301817893981933594e+00,3.288280248641967773e+00,3.272125005722045898e+00,3.245882749557495117e+00,3.221200704574584961e+00,3.197847843170166016e+00,3.175991058349609375e+00,3.153729915618896484e+00,3.131446361541748047e+00,3.111032485961914062e+00,3.083719730377197266e+00,3.051910161972045898e+00,3.017250537872314453e+00,2.980343103408813477e+00,2.941184997558593750e+00,2.897008895874023438e+00,2.851198911666870117e+00,2.802812814712524414e+00,2.747644424438476562e+00,2.694095134735107422e+00,2.640227556228637695e+00,2.583639383316040039e+00,2.522072792053222656e+00,2.459761619567871094e+00,2.399399042129516602e+00,2.335121870040893555e+00,2.270536184310913086e+00,2.207396268844604492e+00,2.137816429138183594e+00,2.060830831527709961e+00,1.972483873367309570e+00,1.882212042808532715e+00,1.784627676010131836e+00,1.675756216049194336e+00,1.540586233139038086e+00,1.394400954246520996e+00,1.236885070800781250e+00,1.069925665855407715e+00,9.052056074142456055e-01,7.440468668937683105e-01,5.932394862174987793e-01,4.571675062179565430e-01,3.364656269550323486e-01
3.068862199783325195e+00,3.084298849105834961e+00,3.106681108474731445e+00,3.123734235763549805e+00,3.114260435104370117e+00,3.103965520858764648e+00,3.107218503952026367e+00,3.121819496154785156e+00,3.130397081375122070e+00,3.141628742218017578e+00,3.151991605758666992e+00,3.160137653350830078e+00,3.168944120407104492e+00,3.175659656524658203e+00,3.184389352798461914e+00,3.199896335601806641e+00,3.210926294326782227e+00,3.219019651412963867e+00,3.226874828338623047e+00,3.241777896881103516e+00,3.251803159713745117e+00,3.260945320129394531e+00,3.269856691360473633e+00,3.275224685668945312e+00,3.278375625610351562e+00,3.283247947692871094e+00,3.292813301086425781e+00,3.297922611236572266e+00,3.298975944519042969e+00,3.298372030258178711e+00,3.300323247909545898e+00,3.304739236831665039e+00,3.309509992599487305e+00,3.313448429107666016e+00,3.312152862548828125e+00,3.312994003295898438e+00,3.313611507415771484e+00,3.312959194183349609e+00,3.313182830810546875e+00,3.311435461044311523e+00,3.305231809616088867e+00,3.290681362152099609e+00,3.278868913650512695e+00,3.266805410385131836e+00,3.253724336624145508e+00,3.237855434417724609e+00,3.223914623260498047e+00,3.209007501602172852e+00,3.192055702209472656e+00,3.171455860137939453e+00,3.148857116699218750e+00,3.124737262725830078e+00,3.099258661270141602e+00,3.074716329574584961e+00,3.047462940216064453e+00,3.017492294311523438e+00,2.984554529190063477e+00,2.950345754623413086e+00,2.914999246597290039e+00,2.877996206283569336e+00,2.836051702499389648e+00,2.791179656982421875e+00,2.744580030441284180e+00,2.696675300598144531e+00,2.644248008728027344e+00,2.591558694839477539e+00,2.537401914596557617e+00,2.479789018630981445e+00,2.420584440231323242e+00,2.361741065979003906e+00,2.301800251007080078e+00,2.234272241592407227e+00,2.166038274765014648e+00,2.095031023025512695e+00,2.019344568252563477e+00,1.924636483192443848e+00,1.830287098884582520e+00,1.733736753463745117e+00,1.632240533828735352e+00,1.522706031799316406e+00,1.402565836906433105e+00,1.271778225898742676e+00,1.128648519515991211e+00,9.911730885505676270e-01,8.491199612617492676e-01,7.004715204238891602e-01,5.481188297271728516e-01,4.000572860240936279e-01,2.623371779918670654e-01,1.396874189376831055e-01
2.584311246871948242e+00,2.604118824005126953e+00,2.624651432037353516e+00,2.646199941635131836e+00,2.670143127441406250e+00,2.691633224487304688e+00,2.709554672241210938e+00,2.722254514694213867e+00,2.741140365600585938e+00,2.758687496185302734e+00,2.774940729141235352e+00,2.793626546859741211e+00,2.814451456069946289e+00,2.834121942520141602e+00,2.848596572875976562e+00,2.871132850646972656e+00,2.893701076507568359e+00,2.914811849594116211e+00,2.933510541915893555e+00,2.955816984176635742e+00,2.977835416793823242e+00,2.991586685180664062e+00,3.006529331207275391e+00,3.020786046981811523e+00,3.033573865890502930e+00,3.041322708129882812e+00,3.051282882690429688e+00,3.062560558319091797e+00,3.071707487106323242e+00,3.081284761428833008e+00,3.090665578842163086e+00,3.099360704421997070e+00,3.102799415588378906e+00,3.106567621231079102e+00,3.110855102539062500e+00,3.112872362136840820e+00,3.111666917800903320e+00,3.108545303344726562e+00,3.104294538497924805e+00,3.098472356796264648e+00,3.089552164077758789e+00,3.077146291732788086e+00,3.066560983657836914e+00,3.057792425155639648e+00,3.049553632736206055e+00,3.039053916931152344e+00,3.027584314346313477e+00,3.015842914581298828e+00,3.004069089889526367e+00,2.988864660263061523e+00,2.971987724304199219e+00,2.953654050827026367e+00,2.934067487716674805e+00,2.911098480224609375e+00,2.886365413665771484e+00,2.860527992248535156e+00,2.829640626907348633e+00,2.795512676239013672e+00,2.758805751800537109e+00,2.724624156951904297e+00,2.688363552093505859e+00,2.650329589843750000e+00,2.610139608383178711e+00,2.565763235092163086e+00,2.517938137054443359e+00,2.466583728790283203e+00,2.416208982467651367e+00,2.363033294677734375e+00,2.307315826416015625e+00,2.248629093170166016e+00,2.187148332595825195e+00,2.121339321136474609e+00,2.049391508102416992e+00,1.974481821060180664e+00,1.895032048225402832e+00,1.810423374176025391e+00,1.716102004051208496e+00,1.620599865913391113e+00,1.518991947174072266e+00,1.404338598251342773e+00,1.265393614768981934e+00,1.109828829765319824e+00,9.390912055969238281e-01,7.649401426315307617e-01,6.202685832977294922e-01,4.971440136432647705e-01,3.923513591289520264e-01,2.512131333351135254e-01,9.609001129865646362e-02,-6.799344718456268311e-02
2.428623199462890625e+00,2.448304176330566406e+00,2.463382959365844727e+00,2.474545955657958984e+00,2.482259273529052734e+00,2.496616601943969727e+00,2.516681194305419922e+00,2.540489435195922852e+00,2.560286998748779297e+00,2.570436239242553711e+00,2.577942132949829102e+00,2.585978507995605469e+00,2.604825258255004883e+00,2.627784252166748047e+00,2.648732662200927734e+00,2.660740375518798828e+00,2.670417547225952148e+00,2.686990022659301758e+00,2.706385135650634766e+00,2.715736865997314453e+00,2.725610733032226562e+00,2.735439538955688477e+00,2.744927883148193359e+00,2.752804517745971680e+00,2.764950990676879883e+00,2.775854825973510742e+00,2.781502962112426758e+00,2.785978078842163086e+00,2.791116476058959961e+00,2.796236276626586914e+00,2.799995660781860352e+00,2.812711715698242188e+00,2.824525356292724609e+00,2.833161115646362305e+00,2.835051774978637695e+00,2.835853815078735352e+00,2.835473537445068359e+00,2.833542346954345703e+00,2.823219060897827148e+00,2.815057754516601562e+00,2.809682846069335938e+00,2.808376073837280273e+00,2.798880577087402344e+00,2.788052320480346680e+00,2.777342081069946289e+00,2.769467353820800781e+00,2.757876873016357422e+00,2.745744228363037109e+00,2.733485460281372070e+00,2.715255737304687500e+00,2.697181224822998047e+00,2.679033279418945312e+00,2.660616636276245117e+00,2.637908697128295898e+00,2.609504461288452148e+00,2.577686786651611328e+00,2.546845912933349609e+00,2.515376806259155273e+00,2.481688022613525391e+00,2.445969581604003906e+00,2.411361217498779297e+00,2.370359659194946289e+00,2.327294826507568359e+00,2.284197330474853516e+00,2.236482858657836914e+00,2.184484243392944336e+00,2.131528377532958984e+00,2.082199335098266602e+00,2.027132034301757812e+00,1.971187114715576172e+00,1.914782881736755371e+00,1.857361793518066406e+00,1.788137078285217285e+00,1.716745615005493164e+00,1.645746231079101562e+00,1.564924597740173340e+00,1.477352499961853027e+00,1.387675046920776367e+00,1.299872398376464844e+00,1.198546767234802246e+00,1.096507430076599121e+00,9.936804175376892090e-01,8.881376385688781738e-01,7.652618885040283203e-01,6.299234032630920410e-01,4.820331037044525146e-01,3.147594332695007324e-01,1.484182178974151611e-01,-5.555725190788507462e-03,-1.389664262533187866e-01
3.179670095443725586e+00,3.182868242263793945e+00,3.182497024536132812e+00,3.178369522094726562e+00,3.168997764587402344e+00,3.172221422195434570e+00,3.178964614868164062e+00,3.186686754226684570e+00,3.190644025802612305e+00,3.192099332809448242e+00,3.193173646926879883e+00,3.196818590164184570e+00,3.202175855636596680e+00,3.207716941833496094e+00,3.213126659393310547e+00,3.217893362045288086e+00,3.227923631668090820e+00,3.239735126495361328e+00,3.250576734542846680e+00,3.257699966430664062e+00,3.264491319656372070e+00,3.270978689193725586e+00,3.275696992874145508e+00,3.280955076217651367e+00,3.286911964416503906e+00,3.293793439865112305e+00,3.294304609298706055e+00,3.291616678237915039e+00,3.288196802139282227e+00,3.291068792343139648e+00,3.295417547225952148e+00,3.297608852386474609e+00,3.296176671981811523e+00,3.299772500991821289e+00,3.304001808166503906e+00,3.307945489883422852e+00,3.309715270996093750e+00,3.308176994323730469e+00,3.303947210311889648e+00,3.297211885452270508e+00,3.290529727935791016e+00,3.279313802719116211e+00,3.264376640319824219e+00,3.245588064193725586e+00,3.232028245925903320e+00,3.217423439025878906e+00,3.200958490371704102e+00,3.183080673217773438e+00,3.167037010192871094e+00,3.149312973022460938e+00,3.126677989959716797e+00,3.102877616882324219e+00,3.078502655029296875e+00,3.053592205047607422e+00,3.028010368347167969e+00,3.000982999801635742e+00,2.972148656845092773e+00,2.941039800643920898e+00,2.900516510009765625e+00,2.859750509262084961e+00,2.819074392318725586e+00,2.779002428054809570e+00,2.737634897232055664e+00,2.693792343139648438e+00,2.646944761276245117e+00,2.599372625350952148e+00,2.549133300781250000e+00,2.496999263763427734e+00,2.443669557571411133e+00,2.388627052307128906e+00,2.329930543899536133e+00,2.267511844635009766e+00,2.206281423568725586e+00,2.144742727279663086e+00,2.078608989715576172e+00,2.001924276351928711e+00,1.915616393089294434e+00,1.822968602180480957e+00,1.725071310997009277e+00,1.625569820404052734e+00,1.519682407379150391e+00,1.409384369850158691e+00,1.295075535774230957e+00,1.170575857162475586e+00,1.033679485321044922e+00,8.859770894050598145e-01,7.307874560356140137e-01,5.745968818664550781e-01,4.205110967159271240e-01,2.701460719108581543e-01
3.175810098648071289e+00,3.189321756362915039e+00,3.203408718109130859e+00,3.216973543167114258e+00,3.224017381668090820e+00,3.228760957717895508e+00,3.233136653900146484e+00,3.239376306533813477e+00,3.245220184326171875e+00,3.250141859054565430e+00,3.253739118576049805e+00,3.261315822601318359e+00,3.268136739730834961e+00,3.274251699447631836e+00,3.282562732696533203e+00,3.293433666229248047e+00,3.304550170898437500e+00,3.311284542083740234e+00,3.323488235473632812e+00,3.337194204330444336e+00,3.350718975067138672e+00,3.357173681259155273e+00,3.361989736557006836e+00,3.365659713745117188e+00,3.365035295486450195e+00,3.367719650268554688e+00,3.371710777282714844e+00,3.370870828628540039e+00,3.366958856582641602e+00,3.365434169769287109e+00,3.372581243515014648e+00,3.378954172134399414e+00,3.384358406066894531e+00,3.388603687286376953e+00,3.390141010284423828e+00,3.387796401977539062e+00,3.381723642349243164e+00,3.371189355850219727e+00,3.357337951660156250e+00,3.342266559600830078e+00,3.328320503234863281e+00,3.315193653106689453e+00,3.303526163101196289e+00,3.294000387191772461e+00,3.276561260223388672e+00,3.256024837493896484e+00,3.233309745788574219e+00,3.215996980667114258e+00,3.195693492889404297e+00,3.172953605651855469e+00,3.147410154342651367e+00,3.122910022735595703e+00,3.098374605178833008e+00,3.073066473007202148e+00,3.049146890640258789e+00,3.023712396621704102e+00,2.996045589447021484e+00,2.957541704177856445e+00,2.920137643814086914e+00,2.882912158966064453e+00,2.842061519622802734e+00,2.794412136077880859e+00,2.744336366653442383e+00,2.695199966430664062e+00,2.642944335937500000e+00,2.590485334396362305e+00,2.538613557815551758e+00,2.483222723007202148e+00,2.423502206802368164e+00,2.360329866409301758e+00,2.299496173858642578e+00,2.231845378875732422e+00,2.158095359802246094e+00,2.075405359268188477e+00,1.988349795341491699e+00,1.897165894508361816e+00,1.800581693649291992e+00,1.707705140113830566e+00,1.597766757011413574e+00,1.467144370079040527e+00,1.294484376907348633e+00,1.141680121421813965e+00,1.011496305465698242e+00,9.280466437339782715e-01,8.812280893325805664e-01,8.524835109710693359e-01,8.358076810836791992e-01,7.360978722572326660e-01,5.730962753295898438e-01,3.439959287643432617e-01
3.223749876022338867e+00,3.241021633148193359e+00,3.256434202194213867e+00,3.269079208374023438e+00,3.272723913192749023e+00,3.278115034103393555e+00,3.285845518112182617e+00,3.298083305358886719e+00,3.312183380126953125e+00,3.324455022811889648e+00,3.333195447921752930e+00,3.341165065765380859e+00,3.350718975067138672e+00,3.361999034881591797e+00,3.375613927841186523e+00,3.391255140304565430e+00,3.406492233276367188e+00,3.416003704071044922e+00,3.428472280502319336e+00,3.441384315490722656e+00,3.453479051589965820e+00,3.460321426391601562e+00,3.467849731445312500e+00,3.476707935333251953e+00,3.482836484909057617e+00,3.490481615066528320e+00,3.498971223831176758e+00,3.506524324417114258e+00,3.509659051895141602e+00,3.510746002197265625e+00,3.510906696319580078e+00,3.512475967407226562e+00,3.515067100524902344e+00,3.518741369247436523e+00,3.518309354782104492e+00,3.512933254241943359e+00,3.503852128982543945e+00,3.497214555740356445e+00,3.488928079605102539e+00,3.479197025299072266e+00,3.467400312423706055e+00,3.456991672515869141e+00,3.447504997253417969e+00,3.439016819000244141e+00,3.429196119308471680e+00,3.416621446609497070e+00,3.401381969451904297e+00,3.386106967926025391e+00,3.369361639022827148e+00,3.350860595703125000e+00,3.328656435012817383e+00,3.308004617691040039e+00,3.288347959518432617e+00,3.269740819931030273e+00,3.245215415954589844e+00,3.219820737838745117e+00,3.194233894348144531e+00,3.165544509887695312e+00,3.132295846939086914e+00,3.096247434616088867e+00,3.063101768493652344e+00,3.025386095046997070e+00,2.984654664993286133e+00,2.940888643264770508e+00,2.897969245910644531e+00,2.852287054061889648e+00,2.802275657653808594e+00,2.754790067672729492e+00,2.704442739486694336e+00,2.650787115097045898e+00,2.590419292449951172e+00,2.531634330749511719e+00,2.470811128616333008e+00,2.400219678878784180e+00,2.327232837677001953e+00,2.252458095550537109e+00,2.175588607788085938e+00,2.086820125579833984e+00,1.994542956352233887e+00,1.899066209793090820e+00,1.792379736900329590e+00,1.672071814537048340e+00,1.540936827659606934e+00,1.399490833282470703e+00,1.248630166053771973e+00,1.093269467353820801e+00,9.351353645324707031e-01,7.949990630149841309e-01,6.694675683975219727e-01,5.594119429588317871e-01
-1.650181859731674194e-01,-6.878082454204559326e-02,3.824850171804428101e-02,1.525572538375854492e-01,2.728471159934997559e-01,4.065784215927124023e-01,5.277855992317199707e-01,6.420422196388244629e-01,7.505443096160888672e-01,8.533172607421875000e-01,9.445770978927612305e-01,1.033738613128662109e+00,1.120779991149902344e+00,1.204288244247436523e+00,1.274397730827331543e+00,1.340547323226928711e+00,1.406824231147766113e+00,1.472072005271911621e+00,1.530732512474060059e+00,1.591610431671142578e+00,1.650680541992187500e+00,1.706978917121887207e+00,1.760778665542602539e+00,1.821676969528198242e+00,1.878441691398620605e+00,1.931758880615234375e+00,1.982046723365783691e+00,2.029731512069702148e+00,2.072191476821899414e+00,2.110939502716064453e+00,2.146026134490966797e+00,2.177389383316040039e+00,2.202451705932617188e+00,2.225226879119873047e+00,2.245586872100830078e+00,2.263458490371704102e+00,2.278668880462646484e+00,2.294788599014282227e+00,2.312850236892700195e+00,2.331195831298828125e+00,2.347309112548828125e+00,2.360928773880004883e+00,2.375974655151367188e+00,2.389912605285644531e+00,2.400804042816162109e+00,2.406380414962768555e+00,2.404545068740844727e+00,2.399548768997192383e+00,2.389386892318725586e+00,2.369488000869750977e+00,2.342363357543945312e+00,2.322224378585815430e+00,2.301152229309082031e+00,2.273580551147460938e+00,2.241515636444091797e+00,2.213086605072021484e+00,2.186203479766845703e+00,2.159571170806884766e+00,2.131641626358032227e+00,2.104186773300170898e+00,2.073737144470214844e+00,2.039680242538452148e+00,2.001633882522583008e+00,1.958149433135986328e+00,1.912636876106262207e+00,1.866887092590332031e+00,1.820548176765441895e+00,1.771112680435180664e+00,1.720134615898132324e+00,1.667618036270141602e+00,1.613886356353759766e+00,1.559403181076049805e+00,1.505182504653930664e+00,1.444905877113342285e+00,1.381951093673706055e+00,1.317102313041687012e+00,1.248089313507080078e+00,1.168182492256164551e+00,1.088206529617309570e+00,1.006287217140197754e+00,9.186440706253051758e-01,8.317376375198364258e-01,7.419418692588806152e-01,6.457302570343017578e-01,5.431299805641174316e-01,4.417203664779663086e-01,3.323940038681030273e-01,2.187293171882629395e-01,1.025575250387191772e-01,-1.416009385138750076e-02
2.048070430755615234e+00,2.079305887222290039e+00,2.102286100387573242e+00,2.120120763778686523e+00,2.135412693023681641e+00,2.148325920104980469e+00,2.167995929718017578e+00,2.189209699630737305e+00,2.208439826965332031e+00,2.219866991043090820e+00,2.231086254119873047e+00,2.244029521942138672e+00,2.261174201965332031e+00,2.287623405456542969e+00,2.309431076049804688e+00,2.323707580566406250e+00,2.337428331375122070e+00,2.361008405685424805e+00,2.376072168350219727e+00,2.391736507415771484e+00,2.407853841781616211e+00,2.423560142517089844e+00,2.429790735244750977e+00,2.445137977600097656e+00,2.462896585464477539e+00,2.478097677230834961e+00,2.481747865676879883e+00,2.486068964004516602e+00,2.491262912750244141e+00,2.498615980148315430e+00,2.511647939682006836e+00,2.524751901626586914e+00,2.532362699508666992e+00,2.536029577255249023e+00,2.539457321166992188e+00,2.544374704360961914e+00,2.546525955200195312e+00,2.545036077499389648e+00,2.539673566818237305e+00,2.537959098815917969e+00,2.531132221221923828e+00,2.522082090377807617e+00,2.513111352920532227e+00,2.508597612380981445e+00,2.497590303421020508e+00,2.485879421234130859e+00,2.474687337875366211e+00,2.462175369262695312e+00,2.443783283233642578e+00,2.426326036453247070e+00,2.409542083740234375e+00,2.391078233718872070e+00,2.368991613388061523e+00,2.346055507659912109e+00,2.321941614151000977e+00,2.296283721923828125e+00,2.271672487258911133e+00,2.244009494781494141e+00,2.212543725967407227e+00,2.177147388458251953e+00,2.140111684799194336e+00,2.101777076721191406e+00,2.061215877532958984e+00,2.018143892288208008e+00,1.972708702087402344e+00,1.927693247795104980e+00,1.882099032402038574e+00,1.835759639739990234e+00,1.788706421852111816e+00,1.738608479499816895e+00,1.686106920242309570e+00,1.631767392158508301e+00,1.576175928115844727e+00,1.513916611671447754e+00,1.446853518486022949e+00,1.377026200294494629e+00,1.305681705474853516e+00,1.230627536773681641e+00,1.153143882751464844e+00,1.073577284812927246e+00,9.914237856864929199e-01,9.039985537528991699e-01,8.166227936744689941e-01,7.252060770988464355e-01,6.273869872093200684e-01,5.197866559028625488e-01,4.035598039627075195e-01,2.835680246353149414e-01,1.658664047718048096e-01,5.755805596709251404e-02
2.582185983657836914e+00,2.600909233093261719e+00,2.620024919509887695e+00,2.637010097503662109e+00,2.642620086669921875e+00,2.640825748443603516e+00,2.637829303741455078e+00,2.636904716491699219e+00,2.642574310302734375e+00,2.650051116943359375e+00,2.659146547317504883e+00,2.671298980712890625e+00,2.684566020965576172e+00,2.699218034744262695e+00,2.716128826141357422e+00,2.736716270446777344e+00,2.753099203109741211e+00,2.764175653457641602e+00,2.780245304107666016e+00,2.793833255767822266e+00,2.804446935653686523e+00,2.809644937515258789e+00,2.820569515228271484e+00,2.832218170166015625e+00,2.842919349670410156e+00,2.858942985534667969e+00,2.873631000518798828e+00,2.885940551757812500e+00,2.891295194625854492e+00,2.898194074630737305e+00,2.905542612075805664e+00,2.912737846374511719e+00,2.919631958007812500e+00,2.924937009811401367e+00,2.928502559661865234e+00,2.929926156997680664e+00,2.926475763320922852e+00,2.919275760650634766e+00,2.908064365386962891e+00,2.895358085632324219e+00,2.881972789764404297e+00,2.868165731430053711e+00,2.857891082763671875e+00,2.845037937164306641e+00,2.830351352691650391e+00,2.814714670181274414e+00,2.801714658737182617e+00,2.787859201431274414e+00,2.771500349044799805e+00,2.750383853912353516e+00,2.730972766876220703e+00,2.712689638137817383e+00,2.692238330841064453e+00,2.669062137603759766e+00,2.645132780075073242e+00,2.621750354766845703e+00,2.591900110244750977e+00,2.561567068099975586e+00,2.531109809875488281e+00,2.496843338012695312e+00,2.455338001251220703e+00,2.410472154617309570e+00,2.366366386413574219e+00,2.318753719329833984e+00,2.271092176437377930e+00,2.224201440811157227e+00,2.174427747726440430e+00,2.117504835128784180e+00,2.056648969650268555e+00,1.999065518379211426e+00,1.938894271850585938e+00,1.875307321548461914e+00,1.807066082954406738e+00,1.736973166465759277e+00,1.656513333320617676e+00,1.566609144210815430e+00,1.472025036811828613e+00,1.374481678009033203e+00,1.271635651588439941e+00,1.159251332283020020e+00,1.056056857109069824e+00,9.397892355918884277e-01,8.060918450355529785e-01,6.460571289062500000e-01,4.856885373592376709e-01,3.248556852340698242e-01,1.631108075380325317e-01,3.209527954459190369e-02,-7.688392698764801025e-02,-1.637543886899948120e-01
2.851732730865478516e+00,2.882438421249389648e+00,2.910042524337768555e+00,2.936426401138305664e+00,2.964491605758666992e+00,2.986227989196777344e+00,3.005350589752197266e+00,3.023528575897216797e+00,3.045790433883666992e+00,3.065918922424316406e+00,3.086757421493530273e+00,3.109546184539794922e+00,3.134953260421752930e+00,3.156275272369384766e+00,3.176306009292602539e+00,3.197818756103515625e+00,3.222615003585815430e+00,3.247835874557495117e+00,3.273486375808715820e+00,3.300221681594848633e+00,3.325486421585083008e+00,3.350315809249877930e+00,3.374915361404418945e+00,3.398814439773559570e+00,3.419561862945556641e+00,3.436957836151123047e+00,3.450438022613525391e+00,3.461013555526733398e+00,3.472208976745605469e+00,3.484859943389892578e+00,3.500694274902343750e+00,3.508800506591796875e+00,3.515434503555297852e+00,3.522152423858642578e+00,3.531733274459838867e+00,3.534850120544433594e+00,3.538190603256225586e+00,3.544693470001220703e+00,3.548637390136718750e+00,3.550888538360595703e+00,3.551825046539306641e+00,3.551674842834472656e+00,3.553187608718872070e+00,3.552325248718261719e+00,3.548747539520263672e+00,3.542119026184082031e+00,3.531421899795532227e+00,3.519162893295288086e+00,3.506344318389892578e+00,3.496354818344116211e+00,3.483983039855957031e+00,3.469384193420410156e+00,3.452355384826660156e+00,3.437034368515014648e+00,3.418788909912109375e+00,3.397926568984985352e+00,3.374961137771606445e+00,3.348776340484619141e+00,3.319488525390625000e+00,3.286602735519409180e+00,3.247079372406005859e+00,3.209911346435546875e+00,3.170936107635498047e+00,3.127699851989746094e+00,3.075544118881225586e+00,3.019360303878784180e+00,2.958754062652587891e+00,2.892359733581542969e+00,2.819229364395141602e+00,2.745493412017822266e+00,2.670652866363525391e+00,2.590055942535400391e+00,2.505109786987304688e+00,2.415725469589233398e+00,2.321207761764526367e+00,2.215938568115234375e+00,2.102375507354736328e+00,1.978420376777648926e+00,1.840415000915527344e+00,1.668670058250427246e+00,1.477613329887390137e+00,1.271243214607238770e+00,1.054848670959472656e+00,8.372575044631958008e-01,6.200239062309265137e-01,4.058296680450439453e-01,2.115931361913681030e-01,4.155423492193222046e-02,-9.976325184106826782e-02,-2.066553980112075806e-01
2.524612903594970703e+00,2.554338932037353516e+00,2.586384534835815430e+00,2.622273683547973633e+00,2.663376092910766602e+00,2.706459760665893555e+00,2.743866205215454102e+00,2.777051925659179688e+00,2.807387113571166992e+00,2.839891433715820312e+00,2.870619058609008789e+00,2.899520158767700195e+00,2.926523685455322266e+00,2.951416730880737305e+00,2.976314306259155273e+00,3.001832485198974609e+00,3.028098583221435547e+00,3.050776481628417969e+00,3.073862314224243164e+00,3.097306966781616211e+00,3.120811939239501953e+00,3.141232490539550781e+00,3.162860155105590820e+00,3.185402870178222656e+00,3.208217144012451172e+00,3.226638078689575195e+00,3.243694782257080078e+00,3.258601188659667969e+00,3.270573616027832031e+00,3.276736259460449219e+00,3.290379285812377930e+00,3.304833889007568359e+00,3.316229581832885742e+00,3.317305088043212891e+00,3.321715116500854492e+00,3.332737684249877930e+00,3.351671934127807617e+00,3.378699302673339844e+00,3.404166936874389648e+00,3.422323703765869141e+00,3.431321620941162109e+00,3.431348085403442383e+00,3.429448366165161133e+00,3.428005933761596680e+00,3.425815343856811523e+00,3.415213108062744141e+00,3.393384456634521484e+00,3.368936777114868164e+00,3.343713760375976562e+00,3.316776752471923828e+00,3.298927783966064453e+00,3.282828330993652344e+00,3.266452550888061523e+00,3.248342037200927734e+00,3.226685047149658203e+00,3.199756860733032227e+00,3.169359207153320312e+00,3.141216993331909180e+00,3.106047153472900391e+00,3.067263603210449219e+00,3.025267601013183594e+00,2.979614496231079102e+00,2.918393611907958984e+00,2.856020689010620117e+00,2.793850660324096680e+00,2.730712413787841797e+00,2.668267965316772461e+00,2.610309362411499023e+00,2.553097248077392578e+00,2.488751411437988281e+00,2.428963184356689453e+00,2.367755651473999023e+00,2.303415060043334961e+00,2.233828544616699219e+00,2.163455486297607422e+00,2.081606864929199219e+00,1.990488886833190918e+00,1.894258618354797363e+00,1.789057254791259766e+00,1.673223495483398438e+00,1.550246238708496094e+00,1.424766421318054199e+00,1.277761816978454590e+00,1.119616270065307617e+00,9.507739543914794922e-01,7.713120579719543457e-01,5.780286192893981934e-01,4.024946689605712891e-01,2.486563026905059814e-01,1.199932917952537537e-01
2.159036695957183838e-03,8.553882688283920288e-02,1.923514306545257568e-01,3.179794549942016602e-01,4.577936530113220215e-01,6.071154475212097168e-01,7.443404793739318848e-01,8.746067285537719727e-01,9.985520243644714355e-01,1.115369915962219238e+00,1.218021988868713379e+00,1.320800662040710449e+00,1.417343378067016602e+00,1.502572178840637207e+00,1.577048778533935547e+00,1.649584412574768066e+00,1.715057134628295898e+00,1.773742198944091797e+00,1.830020546913146973e+00,1.889471173286437988e+00,1.945809006690979004e+00,1.999396562576293945e+00,2.050967454910278320e+00,2.098938226699829102e+00,2.144767522811889648e+00,2.190434455871582031e+00,2.235695123672485352e+00,2.277609586715698242e+00,2.317920923233032227e+00,2.353835582733154297e+00,2.384986639022827148e+00,2.411682367324829102e+00,2.437048912048339844e+00,2.459557294845581055e+00,2.480754375457763672e+00,2.501663446426391602e+00,2.523274898529052734e+00,2.545167207717895508e+00,2.568208932876586914e+00,2.591512441635131836e+00,2.613620996475219727e+00,2.631899118423461914e+00,2.643712043762207031e+00,2.651072740554809570e+00,2.655217885971069336e+00,2.655692577362060547e+00,2.645075321197509766e+00,2.628969907760620117e+00,2.613029479980468750e+00,2.604826688766479492e+00,2.588051795959472656e+00,2.559765338897705078e+00,2.529500246047973633e+00,2.504329204559326172e+00,2.484479427337646484e+00,2.463631868362426758e+00,2.441591501235961914e+00,2.418331146240234375e+00,2.393938302993774414e+00,2.368797302246093750e+00,2.339124917984008789e+00,2.307447195053100586e+00,2.276202440261840820e+00,2.245277881622314453e+00,2.206240415573120117e+00,2.162203550338745117e+00,2.114603519439697266e+00,2.064438104629516602e+00,2.015791416168212891e+00,1.967677712440490723e+00,1.917332649230957031e+00,1.862439036369323730e+00,1.808803200721740723e+00,1.747127413749694824e+00,1.679925322532653809e+00,1.610228896141052246e+00,1.544350981712341309e+00,1.469995260238647461e+00,1.394283652305603027e+00,1.316469788551330566e+00,1.234368562698364258e+00,1.140764594078063965e+00,1.042285323143005371e+00,9.323420524597167969e-01,8.104398250579833984e-01,6.884561181068420410e-01,5.693630576133728027e-01,4.500589370727539062e-01,3.321380615234375000e-01,2.187510132789611816e-01
2.571012735366821289e+00,2.579973936080932617e+00,2.591688394546508789e+00,2.605044364929199219e+00,2.618484973907470703e+00,2.636799573898315430e+00,2.656575441360473633e+00,2.676254272460937500e+00,2.691020727157592773e+00,2.705223798751831055e+00,2.717357873916625977e+00,2.726918935775756836e+00,2.738996744155883789e+00,2.756083488464355469e+00,2.773551702499389648e+00,2.786499500274658203e+00,2.803367376327514648e+00,2.820560693740844727e+00,2.836344957351684570e+00,2.846285104751586914e+00,2.852827787399291992e+00,2.858768939971923828e+00,2.865276813507080078e+00,2.876319646835327148e+00,2.888772726058959961e+00,2.899803876876831055e+00,2.907252311706542969e+00,2.914855480194091797e+00,2.917394161224365234e+00,2.917342662811279297e+00,2.919056653976440430e+00,2.925225973129272461e+00,2.929868221282958984e+00,2.932789087295532227e+00,2.937985420227050781e+00,2.941200256347656250e+00,2.941978454589843750e+00,2.939913272857666016e+00,2.935298681259155273e+00,2.928809404373168945e+00,2.919804334640502930e+00,2.907030582427978516e+00,2.892359495162963867e+00,2.880958080291748047e+00,2.872533321380615234e+00,2.865060567855834961e+00,2.850937128067016602e+00,2.835323095321655273e+00,2.819789171218872070e+00,2.804987907409667969e+00,2.786532878875732422e+00,2.766334295272827148e+00,2.745677947998046875e+00,2.715027332305908203e+00,2.682692050933837891e+00,2.651381015777587891e+00,2.626522779464721680e+00,2.596109628677368164e+00,2.563203096389770508e+00,2.528338909149169922e+00,2.491282463073730469e+00,2.447879314422607422e+00,2.404615879058837891e+00,2.364795684814453125e+00,2.318826198577880859e+00,2.267036199569702148e+00,2.215125799179077148e+00,2.171223163604736328e+00,2.119562864303588867e+00,2.062488555908203125e+00,2.002062082290649414e+00,1.944641351699829102e+00,1.871920466423034668e+00,1.797699451446533203e+00,1.726301789283752441e+00,1.651109933853149414e+00,1.561900734901428223e+00,1.468763113021850586e+00,1.380447268486022949e+00,1.276617050170898438e+00,1.166563510894775391e+00,1.051527976989746094e+00,9.325082302093505859e-01,7.848106026649475098e-01,6.200578808784484863e-01,4.443168938159942627e-01,2.851352691650390625e-01,1.321808248758316040e-01,-1.923040673136711121e-02,-1.717730462551116943e-01
3.176018953323364258e+00,3.217210292816162109e+00,3.259750127792358398e+00,3.303504467010498047e+00,3.345886945724487305e+00,3.390169143676757812e+00,3.435759305953979492e+00,3.477903127670288086e+00,3.517878770828247070e+00,3.556079387664794922e+00,3.592246532440185547e+00,3.625671148300170898e+00,3.657361745834350586e+00,3.688860893249511719e+00,3.720039129257202148e+00,3.750689744949340820e+00,3.779565572738647461e+00,3.808912038803100586e+00,3.837899446487426758e+00,3.864577531814575195e+00,3.889588832855224609e+00,3.914431810379028320e+00,3.940885782241821289e+00,3.964807271957397461e+00,3.988127470016479492e+00,4.012116432189941406e+00,4.033334732055664062e+00,4.053244113922119141e+00,4.071887016296386719e+00,4.092598438262939453e+00,4.111710071563720703e+00,4.126692295074462891e+00,4.141194820404052734e+00,4.155250072479248047e+00,4.168679237365722656e+00,4.176798820495605469e+00,4.184262275695800781e+00,4.191793441772460938e+00,4.196784973144531250e+00,4.203212738037109375e+00,4.211820602416992188e+00,4.218457221984863281e+00,4.222941875457763672e+00,4.225084304809570312e+00,4.235885620117187500e+00,4.241971015930175781e+00,4.243083477020263672e+00,4.237675189971923828e+00,4.236602783203125000e+00,4.239266872406005859e+00,4.240845203399658203e+00,4.239593029022216797e+00,4.235682010650634766e+00,4.226338386535644531e+00,4.214941501617431641e+00,4.201880455017089844e+00,4.186583042144775391e+00,4.167002201080322266e+00,4.144678592681884766e+00,4.120862483978271484e+00,4.097826480865478516e+00,4.075006961822509766e+00,4.051416397094726562e+00,4.026597499847412109e+00,4.000937461853027344e+00,3.974140405654907227e+00,3.948728561401367188e+00,3.921872615814208984e+00,3.889174222946166992e+00,3.851663351058959961e+00,3.810661315917968750e+00,3.764533519744873047e+00,3.711842536926269531e+00,3.654632329940795898e+00,3.591210126876831055e+00,3.515403985977172852e+00,3.434026479721069336e+00,3.346901655197143555e+00,3.250654458999633789e+00,3.151508569717407227e+00,3.049956321716308594e+00,2.935453891754150391e+00,2.795078992843627930e+00,2.620496511459350586e+00,2.348421096801757812e+00,1.954440593719482422e+00,1.419975876808166504e+00,7.523711323738098145e-01,2.198465913534164429e-01,-1.633742898702621460e-01
2.592107534408569336e+00,2.616704463958740234e+00,2.638522386550903320e+00,2.658957481384277344e+00,2.680815935134887695e+00,2.705510139465332031e+00,2.731161594390869141e+00,2.757100343704223633e+00,2.779242515563964844e+00,2.802266597747802734e+00,2.825830936431884766e+00,2.849611282348632812e+00,2.870208263397216797e+00,2.891188144683837891e+00,2.912836790084838867e+00,2.932328939437866211e+00,2.949502706527709961e+00,2.966166257858276367e+00,2.983861446380615234e+00,3.000014543533325195e+00,3.015587329864501953e+00,3.030828475952148438e+00,3.046467304229736328e+00,3.060394048690795898e+00,3.072566747665405273e+00,3.082630634307861328e+00,3.093508720397949219e+00,3.103785514831542969e+00,3.113504409790039062e+00,3.122791290283203125e+00,3.130588054656982422e+00,3.137890815734863281e+00,3.145042657852172852e+00,3.153186798095703125e+00,3.158595561981201172e+00,3.161594152450561523e+00,3.162078380584716797e+00,3.164599657058715820e+00,3.166281223297119141e+00,3.166313409805297852e+00,3.163642168045043945e+00,3.162499666213989258e+00,3.162318468093872070e+00,3.162686347961425781e+00,3.154144048690795898e+00,3.143048763275146484e+00,3.130682468414306641e+00,3.119845867156982422e+00,3.107316255569458008e+00,3.091958761215209961e+00,3.072167873382568359e+00,3.051398277282714844e+00,3.032022237777709961e+00,3.013055324554443359e+00,2.989769220352172852e+00,2.963258504867553711e+00,2.935918807983398438e+00,2.908842325210571289e+00,2.874622106552124023e+00,2.838238954544067383e+00,2.800142526626586914e+00,2.760825157165527344e+00,2.716777801513671875e+00,2.670999050140380859e+00,2.624171733856201172e+00,2.572016954421997070e+00,2.519283533096313477e+00,2.465063571929931641e+00,2.407358169555664062e+00,2.347637891769409180e+00,2.286356925964355469e+00,2.222778797149658203e+00,2.148558139801025391e+00,2.076433897018432617e+00,2.003931283950805664e+00,1.928276181221008301e+00,1.842680692672729492e+00,1.754000902175903320e+00,1.661993265151977539e+00,1.560211181640625000e+00,1.454511642456054688e+00,1.342824459075927734e+00,1.222411155700683594e+00,1.086780190467834473e+00,9.320677518844604492e-01,7.540443539619445801e-01,5.324075222015380859e-01,3.180663287639617920e-01,1.166061237454414368e-01,-6.794645637273788452e-02
3.562919378280639648e+00,3.557073831558227539e+00,3.554275512695312500e+00,3.554975509643554688e+00,3.558447360992431641e+00,3.559662342071533203e+00,3.557130336761474609e+00,3.556479930877685547e+00,3.556347608566284180e+00,3.556661367416381836e+00,3.561454534530639648e+00,3.569504976272583008e+00,3.583542585372924805e+00,3.598059892654418945e+00,3.612592697143554688e+00,3.626412153244018555e+00,3.640487670898437500e+00,3.654287815093994141e+00,3.665098190307617188e+00,3.670627355575561523e+00,3.672345876693725586e+00,3.672552824020385742e+00,3.673549175262451172e+00,3.675282478332519531e+00,3.673702716827392578e+00,3.671144723892211914e+00,3.667454719543457031e+00,3.661938905715942383e+00,3.655041456222534180e+00,3.646165132522583008e+00,3.640950202941894531e+00,3.637452602386474609e+00,3.636277437210083008e+00,3.631441354751586914e+00,3.625142097473144531e+00,3.617567539215087891e+00,3.609517574310302734e+00,3.600854396820068359e+00,3.590193033218383789e+00,3.579742431640625000e+00,3.568895339965820312e+00,3.553574085235595703e+00,3.536304950714111328e+00,3.517670154571533203e+00,3.502119064331054688e+00,3.484069824218750000e+00,3.463522195816040039e+00,3.445331096649169922e+00,3.426294326782226562e+00,3.406029939651489258e+00,3.375985860824584961e+00,3.346690416336059570e+00,3.320702791213989258e+00,3.291629076004028320e+00,3.260290861129760742e+00,3.225042343139648438e+00,3.192981719970703125e+00,3.159044027328491211e+00,3.115097761154174805e+00,3.070557355880737305e+00,3.025395870208740234e+00,2.978308200836181641e+00,2.927736282348632812e+00,2.875384569168090820e+00,2.826740741729736328e+00,2.776602268218994141e+00,2.725142478942871094e+00,2.667600870132446289e+00,2.610279321670532227e+00,2.553193569183349609e+00,2.492318153381347656e+00,2.424467802047729492e+00,2.347029685974121094e+00,2.273870706558227539e+00,2.194842100143432617e+00,2.103545188903808594e+00,1.996047139167785645e+00,1.879093050956726074e+00,1.747269988059997559e+00,1.592580914497375488e+00,1.427089452743530273e+00,1.250764966011047363e+00,1.079870343208312988e+00,9.141570329666137695e-01,7.642939090728759766e-01,6.180633306503295898e-01,4.750041365623474121e-01,3.425317108631134033e-01,2.228290587663650513e-01,1.142484620213508606e-01
2.689093828201293945e+00,2.692996025085449219e+00,2.700929641723632812e+00,2.711368560791015625e+00,2.717725276947021484e+00,2.721829652786254883e+00,2.725619792938232422e+00,2.731367826461791992e+00,2.741633653640747070e+00,2.753079414367675781e+00,2.764850854873657227e+00,2.777185916900634766e+00,2.787457466125488281e+00,2.796033382415771484e+00,2.807640790939331055e+00,2.822898149490356445e+00,2.837923526763916016e+00,2.844507455825805664e+00,2.852639436721801758e+00,2.861413240432739258e+00,2.870558261871337891e+00,2.871965408325195312e+00,2.875586509704589844e+00,2.882543325424194336e+00,2.885687351226806641e+00,2.887579679489135742e+00,2.889589786529541016e+00,2.896608591079711914e+00,2.901757478713989258e+00,2.905961513519287109e+00,2.909583330154418945e+00,2.913954257965087891e+00,2.917752504348754883e+00,2.920581817626953125e+00,2.920370578765869141e+00,2.918515682220458984e+00,2.914987802505493164e+00,2.908627748489379883e+00,2.901242256164550781e+00,2.892966508865356445e+00,2.883430004119873047e+00,2.870620727539062500e+00,2.857754707336425781e+00,2.846124172210693359e+00,2.835130691528320312e+00,2.821044445037841797e+00,2.803843498229980469e+00,2.786965370178222656e+00,2.769618034362792969e+00,2.751183032989501953e+00,2.729367733001708984e+00,2.709555864334106445e+00,2.689648628234863281e+00,2.668197631835937500e+00,2.639800310134887695e+00,2.611273765563964844e+00,2.583584308624267578e+00,2.551032066345214844e+00,2.513466835021972656e+00,2.473033666610717773e+00,2.437032222747802734e+00,2.396903753280639648e+00,2.354888439178466797e+00,2.312347173690795898e+00,2.268342971801757812e+00,2.221398353576660156e+00,2.170518636703491211e+00,2.126660346984863281e+00,2.079480648040771484e+00,2.028532266616821289e+00,1.971572160720825195e+00,1.915899515151977539e+00,1.856223344802856445e+00,1.780559539794921875e+00,1.704431891441345215e+00,1.627726912498474121e+00,1.550195813179016113e+00,1.463797092437744141e+00,1.380646944046020508e+00,1.301037788391113281e+00,1.206605911254882812e+00,1.101134657859802246e+00,9.872537851333618164e-01,8.667089343070983887e-01,7.304676175117492676e-01,5.881549715995788574e-01,4.444582164287567139e-01,3.340404629707336426e-01,2.302656620740890503e-01,1.287110149860382080e-01
3.375751256942749023e+00,3.362330675125122070e+00,3.353461503982543945e+00,3.349817991256713867e+00,3.350282669067382812e+00,3.351550579071044922e+00,3.353577852249145508e+00,3.351887702941894531e+00,3.351325988769531250e+00,3.354301929473876953e+00,3.355654239654541016e+00,3.356567621231079102e+00,3.357436180114746094e+00,3.360641241073608398e+00,3.364310979843139648e+00,3.366161823272705078e+00,3.367454767227172852e+00,3.369102478027343750e+00,3.375472545623779297e+00,3.382591724395751953e+00,3.390357017517089844e+00,3.400280714035034180e+00,3.409535646438598633e+00,3.418166637420654297e+00,3.419437408447265625e+00,3.419427871704101562e+00,3.418001890182495117e+00,3.417222738265991211e+00,3.413815259933471680e+00,3.406007051467895508e+00,3.395604372024536133e+00,3.384639978408813477e+00,3.373487234115600586e+00,3.361150503158569336e+00,3.349712848663330078e+00,3.342174530029296875e+00,3.333753824234008789e+00,3.324681043624877930e+00,3.314235925674438477e+00,3.303581953048706055e+00,3.292427062988281250e+00,3.277958631515502930e+00,3.263578414916992188e+00,3.249128580093383789e+00,3.230854511260986328e+00,3.210310697555541992e+00,3.187497138977050781e+00,3.165980339050292969e+00,3.144335746765136719e+00,3.122460842132568359e+00,3.096908569335937500e+00,3.070318937301635742e+00,3.042649507522583008e+00,3.014759063720703125e+00,2.986036062240600586e+00,2.955416679382324219e+00,2.924826145172119141e+00,2.893421173095703125e+00,2.859163999557495117e+00,2.820345878601074219e+00,2.778926849365234375e+00,2.734519958496093750e+00,2.686223983764648438e+00,2.635258913040161133e+00,2.581198930740356445e+00,2.524569749832153320e+00,2.465778589248657227e+00,2.402753353118896484e+00,2.338470697402954102e+00,2.272840499877929688e+00,2.199878692626953125e+00,2.126266002655029297e+00,2.052297353744506836e+00,1.972653269767761230e+00,1.886053085327148438e+00,1.787716388702392578e+00,1.663902640342712402e+00,1.522042036056518555e+00,1.348460316658020020e+00,1.154828429222106934e+00,9.503843784332275391e-01,7.313053607940673828e-01,5.030184984207153320e-01,2.743344306945800781e-01,7.120414078235626221e-02,-9.917106479406356812e-02,-2.435111552476882935e-01,-3.269613385200500488e-01,-3.881392776966094971e-01,-4.299187660217285156e-01
-1.103747248649597168e+00,-9.991793632507324219e-01,-8.603808879852294922e-01,-6.918516159057617188e-01,-5.008830428123474121e-01,-3.103898763656616211e-01,-1.208588108420372009e-01,6.651006639003753662e-02,2.547442615032196045e-01,4.379944503307342529e-01,6.130577921867370605e-01,7.577651143074035645e-01,8.855863213539123535e-01,9.969856739044189453e-01,1.085149645805358887e+00,1.165477037429809570e+00,1.240640401840209961e+00,1.312585115432739258e+00,1.376341700553894043e+00,1.437784910202026367e+00,1.499374270439147949e+00,1.565475702285766602e+00,1.628705501556396484e+00,1.688184022903442383e+00,1.749649882316589355e+00,1.806488156318664551e+00,1.858960151672363281e+00,1.904988050460815430e+00,1.947457313537597656e+00,1.985629200935363770e+00,2.016582727432250977e+00,2.043035030364990234e+00,2.067156553268432617e+00,2.089109420776367188e+00,2.105772018432617188e+00,2.121839284896850586e+00,2.137814998626708984e+00,2.156363487243652344e+00,2.174766302108764648e+00,2.193041563034057617e+00,2.211136102676391602e+00,2.225448369979858398e+00,2.237791538238525391e+00,2.248334646224975586e+00,2.256818294525146484e+00,2.262584686279296875e+00,2.265593051910400391e+00,2.265958786010742188e+00,2.262257575988769531e+00,2.254874706268310547e+00,2.242143392562866211e+00,2.226104736328125000e+00,2.208481788635253906e+00,2.189747810363769531e+00,2.164693355560302734e+00,2.137730836868286133e+00,2.109426259994506836e+00,2.081017494201660156e+00,2.052581310272216797e+00,2.024022817611694336e+00,1.994862794876098633e+00,1.960621356964111328e+00,1.924722194671630859e+00,1.889936804771423340e+00,1.851909160614013672e+00,1.808739185333251953e+00,1.758881688117980957e+00,1.707962870597839355e+00,1.653009295463562012e+00,1.593764901161193848e+00,1.527275323867797852e+00,1.457290410995483398e+00,1.384457945823669434e+00,1.308000445365905762e+00,1.228449702262878418e+00,1.144171833992004395e+00,1.052790999412536621e+00,9.558589458465576172e-01,8.530060052871704102e-01,7.439598441123962402e-01,6.271058917045593262e-01,5.035865306854248047e-01,3.705688118934631348e-01,2.130310833454132080e-01,4.369463399052619934e-02,-1.348935663700103760e-01,-3.251321911811828613e-01,-5.115669369697570801e-01,-6.832023859024047852e-01,-8.363841176033020020e-01
2.121899366378784180e+00,2.149514675140380859e+00,2.176612854003906250e+00,2.203985929489135742e+00,2.232200384140014648e+00,2.261554002761840820e+00,2.288928031921386719e+00,2.315156698226928711e+00,2.340213775634765625e+00,2.363732099533081055e+00,2.390603542327880859e+00,2.418002843856811523e+00,2.446529865264892578e+00,2.476449251174926758e+00,2.505919694900512695e+00,2.534368515014648438e+00,2.564149141311645508e+00,2.594071865081787109e+00,2.619701147079467773e+00,2.643147230148315430e+00,2.665277242660522461e+00,2.687677621841430664e+00,2.711158037185668945e+00,2.728172063827514648e+00,2.749498844146728516e+00,2.767482757568359375e+00,2.779333353042602539e+00,2.785451173782348633e+00,2.809261083602905273e+00,2.828995466232299805e+00,2.843744516372680664e+00,2.855542421340942383e+00,2.868527173995971680e+00,2.878975868225097656e+00,2.889218330383300781e+00,2.899549007415771484e+00,2.906876087188720703e+00,2.908388614654541016e+00,2.911413192749023438e+00,2.916370391845703125e+00,2.921975851058959961e+00,2.912806987762451172e+00,2.904144525527954102e+00,2.899907112121582031e+00,2.899595975875854492e+00,2.889985322952270508e+00,2.880949497222900391e+00,2.871650218963623047e+00,2.861036777496337891e+00,2.847696304321289062e+00,2.831485509872436523e+00,2.812631368637084961e+00,2.792055606842041016e+00,2.770781278610229492e+00,2.750705718994140625e+00,2.726980447769165039e+00,2.698856830596923828e+00,2.667231798171997070e+00,2.634498834609985352e+00,2.598776578903198242e+00,2.561349868774414062e+00,2.523076534271240234e+00,2.484405517578125000e+00,2.442640304565429688e+00,2.398458242416381836e+00,2.350201368331909180e+00,2.297667741775512695e+00,2.241837501525878906e+00,2.185140848159790039e+00,2.126546382904052734e+00,2.065830707550048828e+00,2.003104209899902344e+00,1.940636754035949707e+00,1.871320247650146484e+00,1.795890212059020996e+00,1.714854240417480469e+00,1.628682017326354980e+00,1.535138010978698730e+00,1.441413879394531250e+00,1.348652601242065430e+00,1.256962180137634277e+00,1.162235021591186523e+00,1.058037519454956055e+00,9.383524656295776367e-01,8.016327023506164551e-01,6.535915732383728027e-01,5.007405877113342285e-01,3.547068536281585693e-01,2.246692776679992676e-01,1.204316616058349609e-01
3.646821260452270508e+00,3.647574424743652344e+00,3.639273166656494141e+00,3.620576143264770508e+00,3.601554155349731445e+00,3.591079711914062500e+00,3.593649148941040039e+00,3.587827205657958984e+00,3.579118013381958008e+00,3.567238330841064453e+00,3.558294296264648438e+00,3.552141666412353516e+00,3.551794767379760742e+00,3.556136846542358398e+00,3.561957836151123047e+00,3.566464662551879883e+00,3.573148727416992188e+00,3.581630468368530273e+00,3.594862222671508789e+00,3.605332136154174805e+00,3.613703489303588867e+00,3.619349241256713867e+00,3.622472524642944336e+00,3.623241186141967773e+00,3.618532180786132812e+00,3.612685203552246094e+00,3.605556249618530273e+00,3.595452785491943359e+00,3.585838079452514648e+00,3.577482938766479492e+00,3.569342374801635742e+00,3.561174869537353516e+00,3.552859544754028320e+00,3.551726102828979492e+00,3.550741195678710938e+00,3.543700933456420898e+00,3.531082391738891602e+00,3.516040325164794922e+00,3.500467300415039062e+00,3.484367847442626953e+00,3.468282938003540039e+00,3.454913616180419922e+00,3.438925981521606445e+00,3.420810937881469727e+00,3.398675680160522461e+00,3.376568794250488281e+00,3.354490280151367188e+00,3.331047773361206055e+00,3.307135343551635742e+00,3.282666683197021484e+00,3.257237434387207031e+00,3.229648113250732422e+00,3.198448181152343750e+00,3.168934583663940430e+00,3.138987302780151367e+00,3.107146978378295898e+00,3.071844577789306641e+00,3.035433292388916016e+00,2.998995780944824219e+00,2.959236383438110352e+00,2.917382001876831055e+00,2.872261047363281250e+00,2.824558258056640625e+00,2.774977207183837891e+00,2.722205638885498047e+00,2.669375896453857422e+00,2.616374254226684570e+00,2.556258440017700195e+00,2.494935989379882812e+00,2.432321071624755859e+00,2.370447635650634766e+00,2.302796363830566406e+00,2.226903200149536133e+00,2.147696256637573242e+00,2.065248012542724609e+00,1.977505803108215332e+00,1.863177061080932617e+00,1.738463401794433594e+00,1.602823257446289062e+00,1.454665541648864746e+00,1.313455820083618164e+00,1.215618968009948730e+00,1.189408421516418457e+00,1.206757187843322754e+00,1.278258085250854492e+00,1.328619122505187988e+00,1.345117211341857910e+00,1.092003941535949707e+00,7.800034284591674805e-01,4.167140424251556396e-01
3.025697708129882812e+00,3.046255588531494141e+00,3.062303781509399414e+00,3.074805974960327148e+00,3.085525751113891602e+00,3.105110168457031250e+00,3.121691942214965820e+00,3.127515554428100586e+00,3.140891790390014648e+00,3.155919551849365234e+00,3.170769214630126953e+00,3.175908803939819336e+00,3.190034627914428711e+00,3.206454277038574219e+00,3.218906879425048828e+00,3.232642889022827148e+00,3.249231815338134766e+00,3.268802165985107422e+00,3.285495281219482422e+00,3.306811809539794922e+00,3.331556320190429688e+00,3.358994007110595703e+00,3.374698162078857422e+00,3.387363910675048828e+00,3.399607419967651367e+00,3.417253494262695312e+00,3.428494691848754883e+00,3.433997392654418945e+00,3.434889316558837891e+00,3.436865568161010742e+00,3.439510583877563477e+00,3.442754983901977539e+00,3.445405721664428711e+00,3.448524236679077148e+00,3.451938152313232422e+00,3.453377962112426758e+00,3.452823877334594727e+00,3.450133800506591797e+00,3.444172859191894531e+00,3.435845613479614258e+00,3.426898956298828125e+00,3.417630910873413086e+00,3.407140731811523438e+00,3.397530555725097656e+00,3.388236761093139648e+00,3.378077268600463867e+00,3.363080263137817383e+00,3.346374750137329102e+00,3.328936100006103516e+00,3.309042930603027344e+00,3.288887739181518555e+00,3.269146919250488281e+00,3.252763271331787109e+00,3.231198072433471680e+00,3.207048177719116211e+00,3.181457996368408203e+00,3.151966571807861328e+00,3.119434595108032227e+00,3.084526538848876953e+00,3.053547382354736328e+00,3.016861677169799805e+00,2.975414514541625977e+00,2.928361892700195312e+00,2.880399942398071289e+00,2.829401016235351562e+00,2.774624824523925781e+00,2.722514867782592773e+00,2.668138504028320312e+00,2.610819816589355469e+00,2.547332286834716797e+00,2.484757423400878906e+00,2.419126749038696289e+00,2.347727537155151367e+00,2.267000198364257812e+00,2.185145616531372070e+00,2.100552797317504883e+00,2.001008272171020508e+00,1.895488142967224121e+00,1.780909895896911621e+00,1.650890588760375977e+00,1.469914436340332031e+00,1.282887220382690430e+00,1.096502542495727539e+00,9.144306778907775879e-01,7.533214092254638672e-01,6.138173341751098633e-01,5.074557065963745117e-01,4.144777655601501465e-01,2.948634624481201172e-01,1.333145350217819214e-01
-3.751751035451889038e-02,3.517191112041473389e-02,1.317127943038940430e-01,2.431511878967285156e-01,3.598342835903167725e-01,4.682119488716125488e-01,5.655363798141479492e-01,6.534752249717712402e-01,7.339355349540710449e-01,8.097072839736938477e-01,8.865373730659484863e-01,9.724653959274291992e-01,1.055499792098999023e+00,1.133350253105163574e+00,1.207779169082641602e+00,1.285450458526611328e+00,1.355654597282409668e+00,1.419112563133239746e+00,1.477387189865112305e+00,1.533592343330383301e+00,1.583348274230957031e+00,1.630396008491516113e+00,1.676862120628356934e+00,1.723203897476196289e+00,1.761515378952026367e+00,1.800811529159545898e+00,1.840985894203186035e+00,1.878861665725708008e+00,1.910240411758422852e+00,1.944419980049133301e+00,1.978028535842895508e+00,2.009026527404785156e+00,2.037832736968994141e+00,2.068025588989257812e+00,2.092270374298095703e+00,2.113536119461059570e+00,2.134414196014404297e+00,2.156251668930053711e+00,2.175504922866821289e+00,2.191922664642333984e+00,2.209865808486938477e+00,2.233105421066284180e+00,2.264654874801635742e+00,2.292546987533569336e+00,2.293507575988769531e+00,2.287741422653198242e+00,2.283034086227416992e+00,2.277672529220581055e+00,2.265756130218505859e+00,2.255208969116210938e+00,2.242814302444458008e+00,2.226189136505126953e+00,2.206317901611328125e+00,2.192054271697998047e+00,2.172413587570190430e+00,2.147123575210571289e+00,2.118686914443969727e+00,2.089332342147827148e+00,2.059786796569824219e+00,2.030829429626464844e+00,2.002257823944091797e+00,1.973003149032592773e+00,1.938388109207153320e+00,1.901271820068359375e+00,1.863768100738525391e+00,1.826277852058410645e+00,1.784446835517883301e+00,1.739516258239746094e+00,1.693719506263732910e+00,1.647075295448303223e+00,1.599240899085998535e+00,1.549762010574340820e+00,1.496867656707763672e+00,1.439705610275268555e+00,1.380469202995300293e+00,1.324037432670593262e+00,1.247816562652587891e+00,1.168613672256469727e+00,1.087797045707702637e+00,1.005739331245422363e+00,9.209394454956054688e-01,8.416870236396789551e-01,7.616989612579345703e-01,6.842933297157287598e-01,6.120297908782958984e-01,5.296942591667175293e-01,4.335609376430511475e-01,3.315988481044769287e-01,2.236499786376953125e-01,1.056935265660285950e-01
-5.380416512489318848e-01,-4.833689928054809570e-01,-3.985969424247741699e-01,-2.797190845012664795e-01,-1.278675049543380737e-01,5.040372163057327271e-02,2.326608747243881226e-01,3.990778028964996338e-01,5.579240918159484863e-01,7.094270586967468262e-01,8.512811660766601562e-01,9.825531244277954102e-01,1.103687644004821777e+00,1.206922769546508789e+00,1.298338890075683594e+00,1.385534524917602539e+00,1.470316410064697266e+00,1.546835660934448242e+00,1.623091936111450195e+00,1.696879506111145020e+00,1.766677856445312500e+00,1.833367943763732910e+00,1.901538133621215820e+00,1.967962622642517090e+00,2.033414125442504883e+00,2.096991539001464844e+00,2.156476497650146484e+00,2.212190151214599609e+00,2.265528678894042969e+00,2.312159299850463867e+00,2.352090835571289062e+00,2.387526273727416992e+00,2.419489622116088867e+00,2.447864770889282227e+00,2.474457263946533203e+00,2.498833417892456055e+00,2.520675659179687500e+00,2.541485786437988281e+00,2.567114830017089844e+00,2.591194391250610352e+00,2.614444971084594727e+00,2.638277292251586914e+00,2.663827180862426758e+00,2.675189495086669922e+00,2.674979209899902344e+00,2.666853189468383789e+00,2.653879880905151367e+00,2.638226032257080078e+00,2.619972944259643555e+00,2.599978208541870117e+00,2.579986810684204102e+00,2.559864759445190430e+00,2.538669824600219727e+00,2.517396926879882812e+00,2.495262861251831055e+00,2.468054294586181641e+00,2.438243150711059570e+00,2.409219503402709961e+00,2.379621505737304688e+00,2.347788810729980469e+00,2.318539142608642578e+00,2.285501003265380859e+00,2.245675802230834961e+00,2.206226587295532227e+00,2.164515972137451172e+00,2.116701841354370117e+00,2.070822954177856445e+00,2.026566505432128906e+00,1.973675251007080078e+00,1.917799949645996094e+00,1.865528464317321777e+00,1.809879064559936523e+00,1.751124024391174316e+00,1.693219304084777832e+00,1.627708554267883301e+00,1.555331230163574219e+00,1.478700637817382812e+00,1.395457506179809570e+00,1.304869055747985840e+00,1.220700740814208984e+00,1.139025568962097168e+00,1.054298877716064453e+00,9.666271209716796875e-01,8.752404451370239258e-01,7.743393778800964355e-01,6.785741448402404785e-01,5.810618400573730469e-01,4.790629446506500244e-01,3.737143576145172119e-01,2.707008421421051025e-01
3.296828508377075195e+00,3.314116239547729492e+00,3.329087734222412109e+00,3.341576576232910156e+00,3.348275184631347656e+00,3.358583211898803711e+00,3.370608568191528320e+00,3.380253076553344727e+00,3.393370389938354492e+00,3.407835721969604492e+00,3.421978235244750977e+00,3.436990976333618164e+00,3.454494714736938477e+00,3.476621150970458984e+00,3.493616342544555664e+00,3.509531259536743164e+00,3.525005578994750977e+00,3.541663885116577148e+00,3.557010412216186523e+00,3.571347236633300781e+00,3.597764492034912109e+00,3.620133399963378906e+00,3.638918876647949219e+00,3.653256177902221680e+00,3.671381235122680664e+00,3.689689874649047852e+00,3.700630664825439453e+00,3.712483882904052734e+00,3.723189115524291992e+00,3.730083703994750977e+00,3.731192827224731445e+00,3.731883764266967773e+00,3.734089612960815430e+00,3.731469392776489258e+00,3.728375673294067383e+00,3.725348711013793945e+00,3.725070714950561523e+00,3.724202394485473633e+00,3.722806692123413086e+00,3.722109317779541016e+00,3.718196153640747070e+00,3.712626934051513672e+00,3.709541797637939453e+00,3.705897331237792969e+00,3.699741363525390625e+00,3.686002254486083984e+00,3.676854610443115234e+00,3.669154882431030273e+00,3.661632776260375977e+00,3.647212743759155273e+00,3.633232116699218750e+00,3.621770143508911133e+00,3.596386909484863281e+00,3.574019670486450195e+00,3.556085109710693359e+00,3.539779186248779297e+00,3.514781475067138672e+00,3.483620405197143555e+00,3.459233999252319336e+00,3.427209377288818359e+00,3.391139268875122070e+00,3.356265068054199219e+00,3.325871467590332031e+00,3.290636301040649414e+00,3.236915111541748047e+00,3.187395095825195312e+00,3.135902166366577148e+00,3.078692197799682617e+00,3.008859872817993164e+00,2.942465543746948242e+00,2.882901906967163086e+00,2.805685758590698242e+00,2.722876548767089844e+00,2.635850906372070312e+00,2.560750007629394531e+00,2.472522020339965820e+00,2.371320724487304688e+00,2.244563341140747070e+00,2.141870021820068359e+00,2.029991626739501953e+00,1.840857267379760742e+00,1.645753502845764160e+00,1.458632469177246094e+00,1.295231819152832031e+00,1.123401522636413574e+00,9.251074194908142090e-01,6.858212351799011230e-01,3.835917711257934570e-01,1.229453980922698975e-01,-8.206883072853088379e-02
2.563577890396118164e+00,2.575013160705566406e+00,2.581806898117065430e+00,2.591699838638305664e+00,2.611861944198608398e+00,2.631966829299926758e+00,2.649032115936279297e+00,2.666187763214111328e+00,2.685833930969238281e+00,2.700377941131591797e+00,2.715222835540771484e+00,2.730087280273437500e+00,2.745044231414794922e+00,2.765862464904785156e+00,2.787421941757202148e+00,2.810980319976806641e+00,2.837226629257202148e+00,2.863451004028320312e+00,2.886826753616333008e+00,2.909110307693481445e+00,2.931262016296386719e+00,2.952611684799194336e+00,2.971457719802856445e+00,2.990405082702636719e+00,3.009925365447998047e+00,3.021775245666503906e+00,3.026199579238891602e+00,3.031851291656494141e+00,3.041846990585327148e+00,3.049128293991088867e+00,3.058707952499389648e+00,3.067022085189819336e+00,3.073318719863891602e+00,3.082274436950683594e+00,3.094366550445556641e+00,3.103946924209594727e+00,3.108354806900024414e+00,3.104423522949218750e+00,3.108044385910034180e+00,3.109688043594360352e+00,3.107782602310180664e+00,3.109307050704956055e+00,3.108199596405029297e+00,3.105522871017456055e+00,3.099558353424072266e+00,3.082072257995605469e+00,3.074549436569213867e+00,3.064233064651489258e+00,3.049504995346069336e+00,3.035688161849975586e+00,3.024117469787597656e+00,3.007984638214111328e+00,2.988160848617553711e+00,2.971830368041992188e+00,2.951189994812011719e+00,2.927326917648315430e+00,2.900034189224243164e+00,2.868082284927368164e+00,2.834630012512207031e+00,2.799695730209350586e+00,2.762808561325073242e+00,2.722745418548583984e+00,2.680094242095947266e+00,2.634877681732177734e+00,2.586648941040039062e+00,2.534325599670410156e+00,2.480996847152709961e+00,2.424957990646362305e+00,2.367138385772705078e+00,2.309596300125122070e+00,2.250884294509887695e+00,2.189763307571411133e+00,2.126276254653930664e+00,2.060601234436035156e+00,1.988079190254211426e+00,1.910186767578125000e+00,1.828098058700561523e+00,1.743315458297729492e+00,1.652649521827697754e+00,1.559217691421508789e+00,1.463523745536804199e+00,1.365997195243835449e+00,1.260854005813598633e+00,1.147576808929443359e+00,1.021398067474365234e+00,8.766170740127563477e-01,6.966621279716491699e-01,5.044484734535217285e-01,3.118439912796020508e-01,1.309775561094284058e-01
3.386617660522460938e+00,3.387166976928710938e+00,3.383942604064941406e+00,3.377184152603149414e+00,3.370305538177490234e+00,3.367369174957275391e+00,3.367271184921264648e+00,3.361753702163696289e+00,3.360911607742309570e+00,3.363242149353027344e+00,3.364067554473876953e+00,3.362192392349243164e+00,3.360904216766357422e+00,3.374340534210205078e+00,3.388804435729980469e+00,3.403147220611572266e+00,3.414118528366088867e+00,3.434116601943969727e+00,3.455194473266601562e+00,3.463857650756835938e+00,3.470719337463378906e+00,3.477014064788818359e+00,3.483786821365356445e+00,3.486829280853271484e+00,3.487120389938354492e+00,3.483263969421386719e+00,3.478255510330200195e+00,3.472700119018554688e+00,3.466612339019775391e+00,3.463253259658813477e+00,3.459643840789794922e+00,3.454309225082397461e+00,3.450134754180908203e+00,3.448352813720703125e+00,3.450350522994995117e+00,3.443053007125854492e+00,3.432699680328369141e+00,3.419604063034057617e+00,3.408693075180053711e+00,3.398927450180053711e+00,3.390399217605590820e+00,3.379803657531738281e+00,3.366332530975341797e+00,3.349699497222900391e+00,3.333878755569458008e+00,3.315448999404907227e+00,3.294326066970825195e+00,3.269076108932495117e+00,3.245918512344360352e+00,3.224249124526977539e+00,3.196071147918701172e+00,3.167536258697509766e+00,3.139106988906860352e+00,3.114842176437377930e+00,3.085726976394653320e+00,3.053267717361450195e+00,3.019975185394287109e+00,2.987188577651977539e+00,2.953269004821777344e+00,2.911267757415771484e+00,2.871917724609375000e+00,2.832531213760375977e+00,2.787076950073242188e+00,2.740594625473022461e+00,2.694907426834106445e+00,2.653686761856079102e+00,2.601933956146240234e+00,2.546966552734375000e+00,2.493845224380493164e+00,2.442873001098632812e+00,2.388756990432739258e+00,2.325033903121948242e+00,2.257518768310546875e+00,2.188399791717529297e+00,2.117866277694702148e+00,2.032032012939453125e+00,1.938639402389526367e+00,1.836892843246459961e+00,1.720631599426269531e+00,1.589327812194824219e+00,1.437417387962341309e+00,1.276241779327392578e+00,1.112580776214599609e+00,9.468814730644226074e-01,7.745959162712097168e-01,6.036909222602844238e-01,4.350482523441314697e-01,3.102134764194488525e-01,2.042361050844192505e-01,1.168018803000450134e-01
-7.166246175765991211e-01,-5.953553318977355957e-01,-4.436269402503967285e-01,-2.738021314144134521e-01,-9.573592990636825562e-02,8.518839627504348755e-02,2.540815770626068115e-01,4.114750623703002930e-01,5.581080913543701172e-01,6.955596804618835449e-01,8.078646063804626465e-01,9.147612452507019043e-01,1.016766905784606934e+00,1.113764643669128418e+00,1.203754544258117676e+00,1.295746088027954102e+00,1.379149913787841797e+00,1.454091072082519531e+00,1.528486728668212891e+00,1.602535724639892578e+00,1.671579241752624512e+00,1.740224599838256836e+00,1.812382817268371582e+00,1.878594160079956055e+00,1.941943168640136719e+00,2.002240657806396484e+00,2.057432889938354492e+00,2.101693868637084961e+00,2.144529819488525391e+00,2.184400081634521484e+00,2.220599889755249023e+00,2.252834796905517578e+00,2.284059762954711914e+00,2.312268495559692383e+00,2.338466167449951172e+00,2.363546609878540039e+00,2.388951301574707031e+00,2.412541151046752930e+00,2.436549425125122070e+00,2.460269927978515625e+00,2.482287883758544922e+00,2.502948999404907227e+00,2.522331953048706055e+00,2.538203239440917969e+00,2.549676656723022461e+00,2.558407783508300781e+00,2.554390430450439453e+00,2.541249036788940430e+00,2.523294210433959961e+00,2.506766557693481445e+00,2.483727216720581055e+00,2.460856199264526367e+00,2.438433408737182617e+00,2.416166067123413086e+00,2.391373634338378906e+00,2.369258403778076172e+00,2.345566749572753906e+00,2.320008993148803711e+00,2.294405937194824219e+00,2.267199039459228516e+00,2.234044075012207031e+00,2.197204828262329102e+00,2.158565282821655273e+00,2.113988876342773438e+00,2.072346925735473633e+00,2.029705762863159180e+00,1.983548283576965332e+00,1.930840492248535156e+00,1.879195809364318848e+00,1.823419809341430664e+00,1.767140388488769531e+00,1.714118361473083496e+00,1.656415939331054688e+00,1.595228791236877441e+00,1.537231564521789551e+00,1.481165409088134766e+00,1.413483858108520508e+00,1.345615148544311523e+00,1.272262692451477051e+00,1.190726280212402344e+00,1.099523901939392090e+00,1.018920660018920898e+00,9.221182465553283691e-01,8.125604391098022461e-01,6.927651166915893555e-01,5.644787549972534180e-01,4.262313246726989746e-01,3.015120327472686768e-01,1.922356188297271729e-01,9.411099553108215332e-02
2.650582313537597656e+00,2.665963411331176758e+00,2.681260347366333008e+00,2.693730115890502930e+00,2.696296215057373047e+00,2.708072423934936523e+00,2.725833177566528320e+00,2.748272895812988281e+00,2.759383678436279297e+00,2.770115375518798828e+00,2.779669046401977539e+00,2.786514043807983398e+00,2.790318489074707031e+00,2.802698373794555664e+00,2.823184728622436523e+00,2.829320907592773438e+00,2.834715604782104492e+00,2.842829942703247070e+00,2.857616424560546875e+00,2.865028858184814453e+00,2.873735427856445312e+00,2.883258104324340820e+00,2.887423992156982422e+00,2.902310132980346680e+00,2.917991161346435547e+00,2.928719043731689453e+00,2.938789367675781250e+00,2.946162700653076172e+00,2.951556205749511719e+00,2.956832170486450195e+00,2.956312417984008789e+00,2.956047534942626953e+00,2.958276987075805664e+00,2.958191156387329102e+00,2.959128379821777344e+00,2.960983037948608398e+00,2.963829040527343750e+00,2.960119485855102539e+00,2.955940008163452148e+00,2.952829360961914062e+00,2.952280521392822266e+00,2.947935581207275391e+00,2.939830780029296875e+00,2.926853895187377930e+00,2.911943197250366211e+00,2.898729324340820312e+00,2.887161970138549805e+00,2.873253822326660156e+00,2.854492664337158203e+00,2.836152076721191406e+00,2.822561025619506836e+00,2.797965526580810547e+00,2.772310972213745117e+00,2.747515916824340820e+00,2.728816032409667969e+00,2.699537992477416992e+00,2.666983127593994141e+00,2.634363889694213867e+00,2.601810693740844727e+00,2.565521001815795898e+00,2.526885271072387695e+00,2.489077568054199219e+00,2.444278955459594727e+00,2.395379781723022461e+00,2.343273878097534180e+00,2.297434568405151367e+00,2.245692729949951172e+00,2.188679218292236328e+00,2.125784397125244141e+00,2.068998813629150391e+00,2.004048585891723633e+00,1.929144740104675293e+00,1.859348654747009277e+00,1.789028286933898926e+00,1.711077332496643066e+00,1.615618109703063965e+00,1.521140336990356445e+00,1.415825009346008301e+00,1.296938538551330566e+00,1.154984831809997559e+00,1.000730276107788086e+00,8.359078168869018555e-01,6.594040989875793457e-01,4.703866243362426758e-01,2.901781201362609863e-01,1.184551939368247986e-01,-4.770011082291603088e-02,-2.141027301549911499e-01,-3.784102797508239746e-01,-5.393415093421936035e-01
2.036379814147949219e+00,2.071557283401489258e+00,2.112785100936889648e+00,2.157868862152099609e+00,2.204341888427734375e+00,2.247325897216796875e+00,2.288991451263427734e+00,2.329130649566650391e+00,2.368075847625732422e+00,2.406588315963745117e+00,2.443933248519897461e+00,2.478900671005249023e+00,2.512388944625854492e+00,2.544978380203247070e+00,2.574876546859741211e+00,2.601553678512573242e+00,2.627125978469848633e+00,2.652050733566284180e+00,2.675915479660034180e+00,2.700706720352172852e+00,2.726329803466796875e+00,2.752331495285034180e+00,2.778318405151367188e+00,2.804891347885131836e+00,2.828991174697875977e+00,2.850566387176513672e+00,2.869746685028076172e+00,2.886949300765991211e+00,2.902611494064331055e+00,2.916264057159423828e+00,2.928139925003051758e+00,2.938604354858398438e+00,2.946647167205810547e+00,2.955979824066162109e+00,2.966144800186157227e+00,2.976044178009033203e+00,2.982422351837158203e+00,2.988455533981323242e+00,2.998271226882934570e+00,3.011940240859985352e+00,3.028319597244262695e+00,3.036441802978515625e+00,3.045639991760253906e+00,3.056726217269897461e+00,3.067534685134887695e+00,3.065356731414794922e+00,3.056321859359741211e+00,3.051277875900268555e+00,3.045481920242309570e+00,3.027276277542114258e+00,2.995201110839843750e+00,2.966563224792480469e+00,2.939430713653564453e+00,2.912207841873168945e+00,2.885280370712280273e+00,2.856725931167602539e+00,2.827888250350952148e+00,2.799159526824951172e+00,2.770606994628906250e+00,2.737317085266113281e+00,2.701389074325561523e+00,2.661697149276733398e+00,2.617341041564941406e+00,2.568338394165039062e+00,2.521683454513549805e+00,2.471647024154663086e+00,2.417814254760742188e+00,2.364230632781982422e+00,2.310201406478881836e+00,2.252760171890258789e+00,2.194744825363159180e+00,2.138936758041381836e+00,2.078005790710449219e+00,2.016488790512084961e+00,1.953881144523620605e+00,1.888185620307922363e+00,1.813481569290161133e+00,1.735194325447082520e+00,1.650402903556823730e+00,1.558919072151184082e+00,1.461340188980102539e+00,1.357915401458740234e+00,1.246082305908203125e+00,1.128728747367858887e+00,1.003331303596496582e+00,8.520198464393615723e-01,6.846750378608703613e-01,5.151993632316589355e-01,3.566586077213287354e-01,2.244214713573455811e-01
